-0.927278,7.61825,7.61825,2.61388,1
-1.17433,1.28188,1.28188,-0.257708,1
-1.05081,1.79564,1.79564,0.0294508,1
-0.927278,2.48065,2.48065,0.439678,1
-1.05081,3.16567,3.16567,1.75241,0
-0.680224,-0.259398,-0.259398,-1.24225,0
-0.927278,0.254361,0.254361,-0.832027,1
-1.05081,1.11063,1.11063,0.0294508,0
-0.927278,0.596868,0.596868,-0.503845,1
-0.556697,6.93324,6.93324,2.61388,1
-0.680224,2.99441,2.99441,0.972974,0
-1.17433,-0.430651,-0.430651,-1.24225,0
-0.927278,0.768121,0.768121,-0.257708,1
-1.05081,1.28188,1.28188,0.521724,0
-0.927278,0.0831082,0.0831082,-0.791004,1
-0.927278,-0.088145,-0.088145,-0.955095,1
-0.927278,1.45313,1.45313,0.562747,1
-0.927278,1.62439,1.62439,0.603769,1
-0.927278,0.0831082,0.0831082,-0.791004,1
-0.927278,-0.430651,-0.430651,-1.24225,1
-0.927278,-0.430651,-0.430651,-1.24225,1
-0.680224,0.939374,0.939374,-0.257708,0
-0.927278,0.0831082,0.0831082,-0.749982,1
-0.927278,0.0831082,0.0831082,-0.749982,1
-0.0625892,0.596868,0.596868,-0.749982,0
-0.680224,1.45313,1.45313,0.234565,0
-0.680224,0.0831082,0.0831082,-0.832027,0
-0.680224,1.11063,1.11063,-0.0115719,1
-0.680224,-0.088145,-0.088145,-0.955095,1
-0.680224,0.425615,0.425615,-0.544868,0
-1.05081,1.45313,1.45313,0.972974,0
-0.680224,0.768121,0.768121,-0.257708,1
-0.680224,0.768121,0.768121,-0.257708,1
-0.680224,0.596868,0.596868,-0.339754,1
-0.927278,1.79564,1.79564,1.21911,0
-0.927278,0.425615,0.425615,-0.257708,1
-0.927278,1.11063,1.11063,0.521724,1
-0.680224,0.0831082,0.0831082,-0.749982,1
-0.927278,1.45313,1.45313,0.931951,1
-0.680224,0.254361,0.254361,-0.503845,1
-0.927278,1.28188,1.28188,0.76786,1
-0.927278,-0.088145,-0.088145,-0.749982,0
-0.927278,-0.088145,-0.088145,-0.749982,1
-0.927278,-0.088145,-0.088145,-0.749982,0
-0.680224,2.48065,2.48065,1.42422,1
-0.680224,0.596868,0.596868,-0.257708,1
-0.927278,0.596868,0.596868,0.0704736,0
-0.927278,-0.601905,-0.601905,-1.3243,0
-0.927278,-0.601905,-0.601905,-1.3243,0
-0.927278,-0.601905,-0.601905,-1.3243,0
-0.927278,0.939374,0.939374,0.480701,0
-0.927278,0.939374,0.939374,0.480701,1
-0.927278,0.0831082,0.0831082,-0.503845,0
-0.927278,1.11063,1.11063,0.726838,0
-0.680224,-0.088145,-0.088145,-0.832027,1
-0.680224,2.3094,2.3094,1.42422,1
-0.680224,0.425615,0.425615,-0.339754,1
-0.927278,0.254361,0.254361,-0.257708,1
-0.927278,1.79564,1.79564,1.9165,0
-0.803751,0.0831082,0.0831082,-0.544868,0
-0.927278,0.254361,0.254361,-0.216686,0
-0.927278,0.425615,0.425615,0.0294508,1
-0.927278,0.768121,0.768121,0.603769,0
-0.680224,-0.088145,-0.088145,-0.749982,1
-0.927278,-0.430651,-0.430651,-1.03714,1
-0.803751,1.79564,1.79564,1.62934,0
-0.927278,-0.259398,-0.259398,-0.832027,1
-1.17433,-0.601905,-0.601905,-1.24225,0
-0.680224,0.254361,0.254361,-0.380777,0
-1.05081,0.596868,0.596868,0.685815,0
-0.927278,-0.259398,-0.259398,-0.749982,0
-0.927278,-0.259398,-0.259398,-0.749982,0
-0.680224,1.96689,1.96689,1.50627,1
-0.927278,-0.601905,-0.601905,-1.24225,0
-0.927278,-0.601905,-0.601905,-1.24225,1
-0.927278,-0.601905,-0.601905,-1.24225,1
-0.927278,-0.259398,-0.259398,-0.749982,1
-0.927278,-0.601905,-0.601905,-1.24225,0
-0.927278,-0.601905,-0.601905,-1.24225,0
-0.927278,-0.601905,-0.601905,-1.24225,0
-0.680224,0.0831082,0.0831082,-0.462822,1
-0.927278,-0.259398,-0.259398,-0.749982,0
-0.927278,-0.259398,-0.259398,-0.749982,0
-0.927278,-0.259398,-0.259398,-0.749982,0
-0.927278,0.0831082,0.0831082,-0.257708,1
-0.927278,0.0831082,0.0831082,-0.257708,0
-0.680224,-0.601905,-0.601905,-1.24225,0
-0.680224,-0.601905,-0.601905,-1.24225,0
-0.680224,-0.601905,-0.601905,-1.24225,0
-0.927278,0.254361,0.254361,0.0294508,1
-0.680224,-0.601905,-0.601905,-1.24225,1
-0.680224,-0.601905,-0.601905,-1.24225,0
-0.680224,-0.601905,-0.601905,-1.24225,0
-0.680224,-0.601905,-0.601905,-1.24225,0
0.307992,0.939374,0.939374,-0.462822,0
-0.680224,0.254361,0.254361,-0.257708,0
-0.803751,1.96689,1.96689,2.12161,0
-0.680224,0.596868,0.596868,0.152519,1
-0.680224,-0.259398,-0.259398,-0.832027,1
-0.556697,0.254361,0.254361,-0.339754,1
-0.680224,0.425615,0.425615,-0.0115719,1
-0.927278,1.28188,1.28188,1.71138,1
-0.680224,0.596868,0.596868,0.234565,0
-0.927278,-0.088145,-0.088145,-0.339754,0
-0.927278,-0.088145,-0.088145,-0.339754,0
-0.43317,1.96689,1.96689,1.46525,0
-1.17433,0.425615,0.425615,1.014,0
-0.803751,-0.088145,-0.088145,-0.339754,0
-0.927278,-0.430651,-0.430651,-0.832027,0
-0.927278,0.768121,0.768121,1.21911,0
-0.680224,-0.088145,-0.088145,-0.462822,1
-0.680224,0.596868,0.596868,0.480701,0
-0.680224,-0.088145,-0.088145,-0.462822,0
-0.680224,0.425615,0.425615,0.234565,1
-0.927278,1.11063,1.11063,1.95752,0
0.184465,3.16567,3.16567,1.21911,0
-0.927278,0.254361,0.254361,0.480701,1
-0.680224,0.939374,0.939374,1.09604,0
-1.05081,0.254361,0.254361,0.931951,0
-0.927278,0.939374,0.939374,1.83445,1
-0.927278,-0.430651,-0.430651,-0.749982,1
-0.680224,-0.088145,-0.088145,-0.339754,1
-0.927278,0.0831082,0.0831082,0.275587,1
-0.927278,-0.088145,-0.088145,-0.0525947,1
-0.927278,-0.259398,-0.259398,-0.339754,0
-0.927278,-0.088145,-0.088145,-0.0115719,0
-0.680224,0.425615,0.425615,0.480701,1
-0.927278,-0.259398,-0.259398,-0.339754,0
-0.680224,0.425615,0.425615,0.562747,1
-0.927278,-0.601905,-0.601905,-0.996118,1
-0.680224,-0.088145,-0.088145,-0.257708,0
-0.927278,1.11063,1.11063,2.49082,0
-0.927278,-0.601905,-0.601905,-0.996118,0
-0.680224,0.0831082,0.0831082,0.0294508,0
-0.927278,0.939374,0.939374,2.20366,0
-0.927278,-0.430651,-0.430651,-0.626913,0
-0.927278,-0.088145,-0.088145,0.111496,0
-0.927278,1.11063,1.11063,2.61388,0
-0.0625892,-0.088145,-0.088145,-0.626913,0
-0.927278,-0.601905,-0.601905,-0.955095,0
-0.927278,0.596868,0.596868,1.62934,0
-0.556697,1.45313,1.45313,2.12161,0
-0.680224,-0.430651,-0.430651,-0.749982,0
-0.680224,-0.430651,-0.430651,-0.749982,0
-0.680224,-0.601905,-0.601905,-1.03714,1
-0.680224,-0.430651,-0.430651,-0.749982,1
-0.43317,-0.430651,-0.430651,-0.832027,0
-0.927278,-0.601905,-0.601905,-0.955095,0
-0.927278,-0.601905,-0.601905,-0.955095,1
-0.927278,-0.601905,-0.601905,-0.955095,0
-0.927278,0.254361,0.254361,0.972974,1
-0.680224,0.0831082,0.0831082,0.193542,0
-0.680224,0.939374,0.939374,1.79343,0
-0.927278,-0.773158,-0.773158,-1.3243,1
-0.927278,-0.773158,-0.773158,-1.3243,0
-0.927278,-0.773158,-0.773158,-1.3243,0
-0.927278,-0.773158,-0.773158,-1.3243,0
-0.927278,-0.773158,-0.773158,-1.3243,0
-0.927278,-0.773158,-0.773158,-1.3243,0
-0.927278,-0.773158,-0.773158,-1.3243,0
-0.927278,-0.773158,-0.773158,-1.3243,0
-0.927278,-0.773158,-0.773158,-1.3243,0
-0.927278,-0.773158,-0.773158,-1.3243,0
-0.927278,-0.773158,-0.773158,-1.3243,1
-0.927278,-0.773158,-0.773158,-1.3243,1
-0.927278,-0.773158,-0.773158,-1.3243,1
-0.927278,-0.773158,-0.773158,-1.3243,0
-0.927278,-0.773158,-0.773158,-1.3243,0
-0.927278,-0.773158,-0.773158,-1.3243,0
-0.927278,-0.773158,-0.773158,-1.3243,0
-0.927278,-0.773158,-0.773158,-1.3243,0
-0.927278,-0.773158,-0.773158,-1.3243,0
-0.927278,-0.773158,-0.773158,-1.3243,0
-0.927278,-0.773158,-0.773158,-1.3243,0
-0.927278,-0.773158,-0.773158,-1.3243,0
0.184465,0.768121,0.768121,0.0294508,0
0.184465,-0.259398,-0.259398,-0.749982,1
-0.680224,-0.088145,-0.088145,-0.0525947,1
-0.680224,0.0831082,0.0831082,0.275587,1
-0.927278,-0.430651,-0.430651,-0.503845,0
-0.680224,-0.259398,-0.259398,-0.339754,1
0.0609378,-0.259398,-0.259398,-0.749982,0
-0.927278,-0.259398,-0.259398,0.0294508,0
-0.680224,1.11063,1.11063,2.20366,0
0.431519,0.425615,0.425615,-0.339754,0
0.184465,0.596868,0.596868,-0.0525947,0
-0.680224,-0.088145,-0.088145,-0.0115719,0
-0.680224,-0.259398,-0.259398,-0.339754,0
-0.186116,1.62439,1.62439,1.75241,0
-0.680224,-0.088145,-0.088145,0.0294508,1
-0.680224,0.254361,0.254361,0.726838,0
-0.680224,0.254361,0.254361,0.726838,0
-0.927278,-0.259398,-0.259398,0.0294508,0
0.184465,0.939374,0.939374,0.31661,0
-0.927278,-0.601905,-0.601905,-0.832027,0
-0.927278,-0.088145,-0.088145,0.521724,1
-0.0625892,0.425615,0.425615,0.152519,1
-0.680224,0.0831082,0.0831082,0.521724,0
0.184465,0.254361,0.254361,-0.216686,0
-0.0625892,0.596868,0.596868,0.439678,0
-0.680224,0.0831082,0.0831082,0.726838,0
-0.680224,0.254361,0.254361,0.972974,0
-0.43317,-0.601905,-0.601905,-0.955095,1
-0.680224,0.254361,0.254361,0.972974,0
0.184465,0.596868,0.596868,0.152519,0
0.184465,0.0831082,0.0831082,-0.339754,0
-0.927278,-0.601905,-0.601905,-0.749982,0
-0.927278,0.254361,0.254361,1.71138,0
0.184465,0.0831082,0.0831082,-0.298731,0
0.184465,-0.430651,-0.430651,-0.832027,0
-0.680224,-0.773158,-0.773158,-1.24225,0
-0.680224,-0.773158,-0.773158,-1.24225,0
-0.680224,-0.773158,-0.773158,-1.24225,0
-0.680224,-0.773158,-0.773158,-1.24225,0
-0.680224,-0.773158,-0.773158,-1.24225,0
-0.680224,-0.773158,-0.773158,-1.24225,1
-0.680224,-0.773158,-0.773158,-1.24225,0
-0.680224,-0.773158,-0.773158,-1.24225,0
-0.680224,-0.773158,-0.773158,-1.24225,0
-0.680224,-0.773158,-0.773158,-1.24225,0
-0.680224,-0.773158,-0.773158,-1.24225,0
-0.680224,-0.773158,-0.773158,-1.24225,1
-0.680224,-0.773158,-0.773158,-1.24225,1
-0.680224,-0.773158,-0.773158,-1.24225,0
-0.680224,-0.773158,-0.773158,-1.24225,1
-0.680224,-0.773158,-0.773158,-1.24225,1
-0.680224,-0.773158,-0.773158,-1.24225,0
-0.680224,-0.430651,-0.430651,-0.421799,0
-0.680224,-0.773158,-0.773158,-1.24225,0
-0.680224,-0.773158,-0.773158,-1.24225,0
-0.680224,-0.773158,-0.773158,-1.24225,0
-0.680224,-0.773158,-0.773158,-1.24225,1
-0.680224,-0.773158,-0.773158,-1.24225,0
0.0609378,0.425615,0.425615,0.193542,0
0.555046,0.254361,0.254361,-0.339754,0
-0.186116,0.768121,0.768121,1.17809,0
0.184465,-0.430651,-0.430651,-0.791004,0
-0.680224,-0.601905,-0.601905,-0.832027,0
-0.927278,-0.259398,-0.259398,0.357633,0
-0.186116,0.596868,0.596868,0.972974,0
-0.186116,0.425615,0.425615,0.726838,1
0.184465,2.82316,2.82316,2.61388,0
-0.680224,-0.430651,-0.430651,-0.380777,1
0.184465,1.96689,1.96689,1.83445,1
-0.0625892,-0.601905,-0.601905,-0.955095,0
-0.680224,-0.088145,-0.088145,0.480701,0
0.184465,1.11063,1.11063,0.972974,0
-0.309643,1.11063,1.11063,2.12161,0
0.184465,-0.601905,-0.601905,-0.955095,0
0.184465,-0.601905,-0.601905,-0.955095,0
0.184465,-0.601905,-0.601905,-0.955095,0
-0.927278,0.0831082,0.0831082,1.67036,0
0.184465,0.425615,0.425615,0.275587,1
0.184465,-0.430651,-0.430651,-0.749982,1
0.307992,1.28188,1.28188,1.014,0
-0.927278,-0.430651,-0.430651,0.0294508,0
0.8021,0.425615,0.425615,-0.257708,0
0.184465,0.254361,0.254361,0.111496,0
-0.680224,-0.430651,-0.430651,-0.257708,0
0.307992,1.11063,1.11063,0.972974,0
-0.680224,-0.259398,-0.259398,0.275587,0
0.184465,1.45313,1.45313,1.58832,1
-0.927278,-0.601905,-0.601905,-0.462822,0
-0.927278,-0.430651,-0.430651,0.152519,1
-0.680224,-0.088145,-0.088145,0.972974,0
-0.680224,-0.259398,-0.259398,0.357633,1
-0.803751,-0.601905,-0.601905,-0.462822,0
0.184465,0.425615,0.425615,0.480701,0
-0.680224,0.254361,0.254361,1.95752,0
0.431519,-0.259398,-0.259398,-0.544868,0
0.8021,0.939374,0.939374,0.234565,0
0.8021,0.254361,0.254361,-0.257708,0
-0.309643,-0.601905,-0.601905,-0.749982,0
-0.680224,-0.088145,-0.088145,0.972974,0
-0.680224,-0.088145,-0.088145,0.972974,0
-0.680224,-0.259398,-0.259398,0.480701,0
0.555046,1.28188,1.28188,0.931951,0
-0.680224,-0.430651,-0.430651,-0.0115719,0
0.555046,2.13815,2.13815,1.79343,0
0.184465,0.425615,0.425615,0.562747,0
0.555046,1.79564,1.79564,1.46525,0
0.555046,-0.259398,-0.259398,-0.503845,1
0.555046,-0.088145,-0.088145,-0.339754,0
-0.186116,-0.601905,-0.601905,-0.749982,0
0.184465,-0.088145,-0.088145,-0.0525947,0
0.184465,-0.601905,-0.601905,-0.832027,0
-0.680224,-0.601905,-0.601905,-0.462822,0
-0.0625892,-0.601905,-0.601905,-0.749982,1
0.555046,-0.088145,-0.088145,-0.257708,1
0.555046,-0.430651,-0.430651,-0.626913,1
0.555046,-0.259398,-0.259398,-0.462822,1
0.8021,1.11063,1.11063,0.644792,0
0.184465,-0.259398,-0.259398,-0.257708,0
0.184465,-0.088145,-0.088145,0.0294508,0
0.184465,-0.088145,-0.088145,0.0294508,0
-0.927278,-0.259398,-0.259398,1.46525,0
0.555046,-0.088145,-0.088145,-0.257708,0
0.555046,-0.601905,-0.601905,-0.832027,0
0.555046,-0.601905,-0.601905,-0.832027,0
0.555046,-0.601905,-0.601905,-0.832027,0
0.555046,-0.601905,-0.601905,-0.832027,0
0.555046,-0.601905,-0.601905,-0.832027,0
0.555046,-0.601905,-0.601905,-0.832027,0
-0.927278,-0.430651,-0.430651,0.726838,0
0.555046,0.0831082,0.0831082,-0.0115719,0
0.184465,-0.088145,-0.088145,0.111496,1
-0.680224,-0.088145,-0.088145,1.62934,0
0.184465,-0.430651,-0.430651,-0.462822,0
0.8021,-0.259398,-0.259398,-0.462822,0
0.8021,-0.430651,-0.430651,-0.626913,0
0.184465,-0.088145,-0.088145,0.152519,0
0.184465,-0.601905,-0.601905,-0.749982,0
0.307992,0.596868,0.596868,1.05502,0
-0.0625892,-0.773158,-0.773158,-1.03714,0
-0.0625892,-0.773158,-0.773158,-1.03714,0
-0.680224,-0.601905,-0.601905,-0.216686,0
0.184465,-0.601905,-0.601905,-0.708959,0
0.555046,-0.259398,-0.259398,-0.339754,0
0.184465,0.596868,0.596868,1.54729,1
0.184465,-0.088145,-0.088145,0.275587,0
0.678573,1.79564,1.79564,1.95752,0
-0.0625892,-0.088145,-0.088145,0.685815,1
0.184465,-0.259398,-0.259398,-0.0115719,0
0.555046,0.425615,0.425615,0.644792,1
0.8021,0.254361,0.254361,0.152519,0
0.555046,-0.601905,-0.601905,-0.749982,0
-0.927278,-0.601905,-0.601905,0.275587,0
0.555046,1.79564,1.79564,2.61388,0
0.555046,-0.259398,-0.259398,-0.257708,1
0.8021,0.254361,0.254361,0.193542,0
0.555046,0.254361,0.254361,0.521724,0
0.8021,0.0831082,0.0831082,0.0294508,0
0.8021,0.0831082,0.0831082,0.0294508,1
0.184465,0.254361,0.254361,1.13707,1
0.8021,-0.601905,-0.601905,-0.749982,0
0.8021,-0.430651,-0.430651,-0.544868,1
0.184465,-0.430651,-0.430651,-0.257708,0
0.184465,0.254361,0.254361,1.21911,0
0.184465,-0.773158,-0.773158,-0.955095,1
-0.0625892,-0.430651,-0.430651,-0.0115719,0
0.555046,-0.259398,-0.259398,-0.175663,0
1.66679,5.56321,5.56321,2.61388,0
0.184465,0.0831082,0.0831082,0.972974,0
0.184465,-0.773158,-0.773158,-0.955095,0
0.184465,-0.773158,-0.773158,-0.955095,0
0.184465,-0.773158,-0.773158,-0.955095,0
0.184465,-0.773158,-0.773158,-0.955095,0
0.184465,-0.773158,-0.773158,-0.955095,0
0.184465,-0.773158,-0.773158,-0.955095,0
0.184465,-0.773158,-0.773158,-0.955095,0
0.184465,-0.773158,-0.773158,-0.955095,0
0.184465,-0.601905,-0.601905,-0.544868,0
0.184465,-0.088145,-0.088145,0.644792,0
0.184465,-0.601905,-0.601905,-0.544868,0
0.8021,-0.259398,-0.259398,-0.257708,0
-0.680224,-0.601905,-0.601905,0.275587,0
0.8021,0.0831082,0.0831082,0.234565,0
0.555046,-0.430651,-0.430651,-0.339754,0
-0.0625892,-0.601905,-0.601905,-0.339754,0
1.41973,1.79564,1.79564,1.21911,0
0.555046,0.0831082,0.0831082,0.685815,0
0.184465,-0.601905,-0.601905,-0.421799,0
-0.680224,-0.430651,-0.430651,1.50627,0
1.41973,1.28188,1.28188,0.931951,0
0.184465,0.0831082,0.0831082,1.50627,0
0.555046,-0.601905,-0.601905,-0.544868,1
1.66679,1.62439,1.62439,0.931951,0
0.555046,-0.259398,-0.259398,0.152519,0
0.184465,-0.601905,-0.601905,-0.339754,0
0.8021,-0.088145,-0.088145,0.234565,1
-0.680224,-0.601905,-0.601905,0.685815,1
0.555046,-0.430651,-0.430651,-0.13464,0
-0.680224,-0.601905,-0.601905,0.726838,0
-0.0625892,-0.259398,-0.259398,1.26013,0
0.555046,-0.259398,-0.259398,0.234565,0
0.184465,-0.430651,-0.430651,0.234565,1
0.555046,-0.088145,-0.088145,0.644792,0
0.555046,-0.773158,-0.773158,-0.832027,0
0.555046,-0.773158,-0.773158,-0.832027,0
0.555046,-0.773158,-0.773158,-0.832027,0
0.555046,-0.773158,-0.773158,-0.832027,0
0.555046,-0.773158,-0.773158,-0.832027,0
0.555046,-0.773158,-0.773158,-0.832027,0
0.555046,-0.773158,-0.773158,-0.832027,0
0.555046,-0.773158,-0.773158,-0.832027,0
0.555046,0.254361,0.254361,1.54729,0
0.555046,-0.773158,-0.773158,-0.832027,0
0.555046,-0.773158,-0.773158,-0.832027,0
-0.0625892,-0.430651,-0.430651,0.726838,0
0.555046,0.254361,0.254361,1.58832,0
0.184465,-0.259398,-0.259398,0.972974,0
0.184465,-0.259398,-0.259398,1.014,0
-0.680224,-0.601905,-0.601905,1.014,0
0.184465,-0.259398,-0.259398,1.09604,0
0.8021,-0.259398,-0.259398,0.234565,0
0.8021,0.768121,0.768121,2.24468,0
1.41973,-0.601905,-0.601905,-0.544868,1
1.41973,-0.430651,-0.430651,-0.339754,0
0.8021,0.425615,0.425615,1.71138,0
1.41973,-0.430651,-0.430651,-0.339754,1
1.04915,-0.601905,-0.601905,-0.462822,0
1.66679,-0.088145,-0.088145,-0.0525947,0
1.66679,0.425615,0.425615,0.480701,0
0.8021,-0.430651,-0.430651,-0.0115719,0
0.555046,-0.088145,-0.088145,1.21911,0
0.555046,-0.430651,-0.430651,0.275587,0
0.8021,-0.773158,-0.773158,-0.749982,0
0.8021,-0.773158,-0.773158,-0.749982,0
0.8021,-0.773158,-0.773158,-0.749982,0
0.8021,-0.773158,-0.773158,-0.749982,0
0.8021,-0.773158,-0.773158,-0.749982,0
0.8021,-0.773158,-0.773158,-0.749982,0
0.8021,-0.773158,-0.773158,-0.749982,0
0.8021,-0.259398,-0.259398,0.439678,0
0.8021,-0.773158,-0.773158,-0.749982,0
0.8021,-0.773158,-0.773158,-0.749982,0
0.8021,-0.773158,-0.773158,-0.749982,0
0.8021,-0.773158,-0.773158,-0.749982,0
0.8021,-0.773158,-0.773158,-0.749982,0
0.8021,-0.601905,-0.601905,-0.339754,0
1.41973,-0.601905,-0.601905,-0.462822,0
0.8021,-0.601905,-0.601905,-0.298731,0
1.41973,-0.601905,-0.601905,-0.462822,0
1.41973,-0.601905,-0.601905,-0.462822,0
0.555046,-0.259398,-0.259398,0.931951,0
0.8021,-0.088145,-0.088145,1.05502,0
1.66679,-0.601905,-0.601905,-0.462822,0
0.555046,-0.088145,-0.088145,1.62934,0
1.66679,-0.430651,-0.430651,-0.257708,0
0.8021,-0.430651,-0.430651,0.234565,0
-0.0625892,-0.601905,-0.601905,0.726838,0
-0.0625892,-0.601905,-0.601905,0.726838,0
0.8021,0.254361,0.254361,2.16263,1
0.555046,-0.259398,-0.259398,1.21911,0
0.555046,-0.601905,-0.601905,0.0294508,0
0.8021,0.254361,0.254361,2.40877,0
1.41973,-0.601905,-0.601905,-0.380777,0
0.555046,-0.430651,-0.430651,0.726838,0
1.66679,1.45313,1.45313,2.40877,0
1.04915,0.425615,0.425615,2.49082,0
0.8021,-0.430651,-0.430651,0.480701,0
0.184465,-0.430651,-0.430651,1.71138,0
0.184465,-0.601905,-0.601905,0.726838,0
0.184465,-0.430651,-0.430651,1.71138,0
1.66679,1.11063,1.11063,2.12161,0
1.41973,-0.430651,-0.430651,0.0294508,0
1.66679,-0.601905,-0.601905,-0.339754,0
1.66679,-0.601905,-0.601905,-0.339754,0
1.66679,0.425615,0.425615,1.21911,0
0.8021,-0.430651,-0.430651,0.644792,0
1.66679,-0.430651,-0.430651,-0.0525947,0
1.41973,-0.430651,-0.430651,0.152519,0
1.66679,-0.601905,-0.601905,-0.257708,0
1.41973,-0.773158,-0.773158,-0.544868,0
1.41973,-0.773158,-0.773158,-0.544868,0
1.41973,-0.773158,-0.773158,-0.544868,0
1.41973,-0.773158,-0.773158,-0.544868,0
1.41973,-0.773158,-0.773158,-0.544868,0
1.41973,-0.773158,-0.773158,-0.544868,0
1.41973,-0.773158,-0.773158,-0.544868,0
1.41973,-0.773158,-0.773158,-0.544868,0
1.41973,-0.773158,-0.773158,-0.544868,0
1.41973,-0.773158,-0.773158,-0.544868,1
1.41973,-0.773158,-0.773158,-0.544868,0
1.41973,-0.773158,-0.773158,-0.544868,0
1.41973,-0.088145,-0.088145,1.05502,0
1.66679,-0.259398,-0.259398,0.439678,0
1.41973,-0.259398,-0.259398,0.726838,0
1.54326,-0.773158,-0.773158,-0.503845,1
0.184465,-0.601905,-0.601905,1.46525,0
1.66679,-0.088145,-0.088145,0.972974,0
1.66679,-0.430651,-0.430651,0.234565,0
1.66679,-0.430651,-0.430651,0.275587,0
0.555046,-0.430651,-0.430651,1.99854,0
1.41973,-0.601905,-0.601905,0.0294508,0
2.03737,-0.088145,-0.088145,0.603769,1
1.66679,0.0831082,0.0831082,1.46525,0
1.66679,-0.773158,-0.773158,-0.462822,0
1.66679,-0.773158,-0.773158,-0.462822,0
1.66679,-0.773158,-0.773158,-0.462822,0
1.66679,-0.773158,-0.773158,-0.462822,0
1.66679,-0.773158,-0.773158,-0.462822,0
1.66679,-0.773158,-0.773158,-0.462822,0
1.66679,-0.773158,-0.773158,-0.462822,0
1.66679,-0.773158,-0.773158,-0.462822,0
1.66679,-0.259398,-0.259398,0.76786,0
1.41973,0.0831082,0.0831082,2.12161,0
1.66679,-0.430651,-0.430651,0.562747,0
1.41973,-0.601905,-0.601905,0.275587,0
1.41973,-0.430651,-0.430651,1.21911,0
0.8021,-0.601905,-0.601905,1.46525,0
1.41973,-0.430651,-0.430651,1.46525,0
1.66679,-0.259398,-0.259398,2.16263,0
1.66679,-0.430651,-0.430651,2.24468,0
1.66679,-0.601905,-0.601905,2.16263,0
3.14911,-0.430651,-0.430651,1.21911,0
3.51969,-0.773158,-0.773158,0.152519,0
3.51969,-0.773158,-0.773158,0.152519,0
3.76675,-0.773158,-0.773158,0.234565,0
7.96667,-0.773158,-0.773158,1.62934,0
-0.927278,6.41948,6.41948,2.12161,1
-0.43317,2.82316,2.82316,-0.257708,1
-0.927278,4.8782,4.8782,1.75241,1
-0.927278,6.59073,6.59073,2.61388,0
-1.17433,3.50817,3.50817,1.71138,1
-0.927278,6.07697,6.07697,2.61388,1
-0.803751,2.65191,2.65191,0.31661,1
-0.927278,0.939374,0.939374,-0.462822,0
-0.927278,2.65191,2.65191,0.726838,1
-0.927278,1.28188,1.28188,-0.0936174,1
-0.680224,-0.259398,-0.259398,-1.24225,1
-0.927278,0.939374,0.939374,-0.339754,0
-0.927278,0.939374,0.939374,-0.257708,0
-0.803751,1.45313,1.45313,0.0294508,0
-0.680224,1.79564,1.79564,0.152519,1
-0.680224,0.0831082,0.0831082,-0.832027,0
-0.803751,-0.088145,-0.088145,-0.914073,1
-0.680224,4.70694,4.70694,2.61388,1
-0.803751,0.768121,0.768121,-0.0525947,1
-0.680224,0.768121,0.768121,-0.257708,1
-0.927278,0.939374,0.939374,0.234565,1
-0.927278,0.939374,0.939374,0.275587,1
-0.680224,1.28188,1.28188,0.193542,1
-1.05081,0.768121,0.768121,0.357633,1
-0.680224,0.596868,0.596868,-0.257708,0
-0.927278,-0.259398,-0.259398,-0.955095,0
-0.927278,-0.088145,-0.088145,-0.749982,1
-0.927278,1.62439,1.62439,1.21911,0
-0.556697,3.16567,3.16567,1.83445,0
-0.927278,0.0831082,0.0831082,-0.503845,1
-0.680224,-0.088145,-0.088145,-0.749982,1
-0.927278,-0.259398,-0.259398,-0.832027,1
-0.680224,0.425615,0.425615,-0.257708,0
-0.927278,-0.259398,-0.259398,-0.832027,0
-0.927278,0.0831082,0.0831082,-0.339754,0
-0.680224,-0.088145,-0.088145,-0.749982,1
-0.927278,0.254361,0.254361,-0.0936174,1
-0.927278,0.0831082,0.0831082,-0.339754,1
-0.927278,0.425615,0.425615,0.152519,1
-0.927278,-0.601905,-0.601905,-1.24225,1
-0.927278,0.0831082,0.0831082,-0.257708,1
-0.927278,0.768121,0.768121,0.726838,0
-0.680224,1.79564,1.79564,1.46525,1
-0.680224,-0.601905,-0.601905,-1.24225,1
-1.05081,1.45313,1.45313,2.49082,0
-0.680224,-0.601905,-0.601905,-1.24225,1
-0.309643,1.45313,1.45313,0.562747,0
-0.927278,-0.430651,-0.430651,-0.955095,0
-0.927278,1.11063,1.11063,1.46525,1
-0.680224,0.254361,0.254361,-0.0936174,1
-0.680224,-0.259398,-0.259398,-0.749982,0
-0.927278,0.0831082,0.0831082,0.0294508,1
-0.680224,0.0831082,0.0831082,-0.257708,1
-0.927278,-0.430651,-0.430651,-0.832027,0
-0.927278,-0.259398,-0.259398,-0.462822,0
-0.680224,-0.259398,-0.259398,-0.667936,0
-0.556697,0.0831082,0.0831082,-0.257708,0
-0.680224,0.0831082,0.0831082,-0.175663,0
0.555046,-0.088145,-0.088145,-0.832027,0
-0.803751,0.425615,0.425615,0.644792,0
-0.680224,0.939374,0.939374,1.21911,1
-0.680224,0.596868,0.596868,0.726838,0
-0.680224,1.79564,1.79564,2.61388,1
-0.309643,0.768121,0.768121,0.521724,0
-0.680224,1.45313,1.45313,2.12161,0
-0.927278,0.596868,0.596868,1.67036,0
-0.680224,0.0831082,0.0831082,0.0294508,0
-0.680224,0.596868,0.596868,0.849906,0
-0.680224,0.0831082,0.0831082,0.0294508,1
-0.927278,0.0831082,0.0831082,0.439678,0
-0.927278,0.0831082,0.0831082,0.521724,0
-0.680224,-0.601905,-0.601905,-1.03714,0
-0.927278,-0.601905,-0.601905,-0.955095,1
-0.927278,-0.601905,-0.601905,-0.955095,0
-0.927278,-0.601905,-0.601905,-0.955095,1
-0.680224,0.0831082,0.0831082,0.152519,1
-0.803751,-0.259398,-0.259398,-0.216686,1
-0.0625892,0.596868,0.596868,0.152519,0
0.184465,-0.088145,-0.088145,-0.667936,0
-0.927278,-0.430651,-0.430651,-0.544868,0
-0.927278,-0.773158,-0.773158,-1.3243,0
-0.927278,-0.773158,-0.773158,-1.3243,1
-0.927278,-0.773158,-0.773158,-1.3243,0
-0.927278,-0.773158,-0.773158,-1.3243,0
-0.927278,-0.773158,-0.773158,-1.3243,0
-0.927278,-0.773158,-0.773158,-1.3243,0
-0.927278,-0.773158,-0.773158,-1.3243,1
-0.927278,-0.773158,-0.773158,-1.3243,0
-0.927278,-0.773158,-0.773158,-1.3243,0
-0.927278,-0.773158,-0.773158,-1.3243,0
-0.927278,-0.773158,-0.773158,-1.3243,0
0.184465,0.939374,0.939374,0.152519,0
-0.927278,-0.430651,-0.430651,-0.503845,0
-0.0625892,0.939374,0.939374,0.603769,1
-0.556697,0.939374,0.939374,1.67036,0
-0.803751,-0.088145,-0.088145,0.152519,0
-0.803751,-0.773158,-0.773158,-1.28328,1
-0.680224,0.0831082,0.0831082,0.357633,0
-0.927278,-0.430651,-0.430651,-0.421799,0
0.307992,0.939374,0.939374,0.193542,0
-0.927278,-0.601905,-0.601905,-0.832027,0
-0.680224,0.0831082,0.0831082,0.480701,0
-0.0625892,-0.430651,-0.430651,-0.832027,0
0.555046,0.425615,0.425615,-0.339754,0
-0.680224,-0.601905,-0.601905,-0.87305,0
-0.680224,0.939374,0.939374,2.49082,0
-0.927278,0.254361,0.254361,1.75241,0
-0.927278,0.254361,0.254361,1.75241,0
-0.680224,-0.773158,-0.773158,-1.24225,0
-0.680224,-0.773158,-0.773158,-1.24225,0
-0.680224,-0.773158,-0.773158,-1.24225,0
-0.680224,-0.773158,-0.773158,-1.24225,0
-0.680224,-0.773158,-0.773158,-1.24225,1
-0.680224,-0.773158,-0.773158,-1.24225,0
-0.680224,-0.773158,-0.773158,-1.24225,0
-0.680224,-0.773158,-0.773158,-1.24225,0
-0.680224,-0.773158,-0.773158,-1.24225,0
-0.680224,-0.773158,-0.773158,-1.24225,0
-0.680224,-0.773158,-0.773158,-1.24225,1
-0.680224,-0.773158,-0.773158,-1.24225,0
-0.680224,0.254361,0.254361,1.13707,0
-0.680224,-0.773158,-0.773158,-1.24225,0
-0.680224,-0.259398,-0.259398,-0.0115719,1
0.184465,0.0831082,0.0831082,-0.257708,0
0.431519,-0.430651,-0.430651,-0.832027,1
-0.309643,-0.088145,-0.088145,0.0294508,0
-0.0625892,0.596868,0.596868,0.808883,0
0.184465,-0.601905,-0.601905,-0.955095,0
-0.927278,-0.088145,-0.088145,1.17809,0
-0.309643,0.939374,0.939374,2.24468,0
-0.186116,0.596868,0.596868,1.21911,0
-0.927278,-0.601905,-0.601905,-0.503845,0
-0.43317,-0.430651,-0.430651,-0.339754,0
0.307992,1.62439,1.62439,1.50627,0
0.431519,-0.430651,-0.430651,-0.749982,0
0.184465,1.79564,1.79564,2.24468,0
-0.680224,-0.088145,-0.088145,0.972974,0
0.555046,0.254361,0.254361,0.0294508,0
0.184465,-0.259398,-0.259398,-0.298731,0
-0.309643,0.596868,0.596868,2.24468,1
0.184465,0.425615,0.425615,0.726838,1
-0.309643,-0.088145,-0.088145,0.726838,0
0.184465,0.0831082,0.0831082,0.275587,0
0.0609378,-0.088145,-0.088145,0.152519,0
0.555046,-0.601905,-0.601905,-0.832027,1
0.555046,-0.601905,-0.601905,-0.832027,0
0.555046,-0.601905,-0.601905,-0.832027,0
-0.927278,-0.601905,-0.601905,-0.0525947,0
0.184465,-0.430651,-0.430651,-0.462822,0
0.555046,0.425615,0.425615,0.480701,0
-0.0625892,-0.773158,-0.773158,-1.03714,0
0.8021,-0.088145,-0.088145,-0.298731,0
0.555046,-0.259398,-0.259398,-0.339754,0
-0.680224,-0.601905,-0.601905,-0.175663,0
0.555046,-0.430651,-0.430651,-0.544868,0
0.8021,1.79564,1.79564,1.75241,0
-0.680224,-0.601905,-0.601905,-0.13464,0
0.555046,0.425615,0.425615,0.644792,0
0.184465,-0.430651,-0.430651,-0.339754,0
0.555046,0.254361,0.254361,0.439678,0
0.678573,-0.088145,-0.088145,-0.0525947,0
0.8021,-0.601905,-0.601905,-0.749982,0
0.8021,-0.430651,-0.430651,-0.544868,0
0.184465,0.425615,0.425615,1.54729,0
0.184465,-0.773158,-0.773158,-0.955095,0
0.184465,-0.773158,-0.773158,-0.955095,0
0.184465,-0.773158,-0.773158,-0.955095,0
0.184465,-0.773158,-0.773158,-0.955095,1
0.184465,-0.773158,-0.773158,-0.955095,0
-0.927278,-0.430651,-0.430651,1.67036,1
-0.927278,-0.430651,-0.430651,1.75241,0
0.8021,-0.259398,-0.259398,-0.257708,0
0.8021,1.62439,1.62439,2.16263,0
0.8021,1.45313,1.45313,1.99854,0
0.8021,0.768121,0.768121,1.13707,0
0.8021,-0.430651,-0.430651,-0.462822,0
0.555046,-0.430651,-0.430651,-0.339754,0
1.66679,2.3094,2.3094,1.13707,0
0.184465,0.254361,0.254361,1.67036,0
0.555046,-0.430651,-0.430651,-0.257708,0
1.29621,1.45313,1.45313,1.42422,1
-0.680224,-0.601905,-0.601905,0.480701,0
0.184465,-0.601905,-0.601905,-0.380777,0
0.184465,-0.430651,-0.430651,0.111496,0
0.8021,-0.259398,-0.259398,-0.0525947,0
1.41973,0.254361,0.254361,0.152519,0
0.431519,0.254361,0.254361,1.71138,0
0.8021,0.0831082,0.0831082,0.644792,0
0.555046,-0.430651,-0.430651,-0.0525947,0
0.555046,-0.773158,-0.773158,-0.832027,0
0.555046,-0.773158,-0.773158,-0.832027,0
0.555046,-0.773158,-0.773158,-0.832027,0
0.555046,-0.773158,-0.773158,-0.832027,0
0.555046,-0.773158,-0.773158,-0.832027,0
0.555046,-0.773158,-0.773158,-0.832027,0
0.925627,0.254361,0.254361,0.972974,1
0.555046,-0.430651,-0.430651,0.0294508,0
0.555046,-0.430651,-0.430651,0.0294508,0
0.8021,0.254361,0.254361,1.21911,0
1.41973,-0.601905,-0.601905,-0.544868,0
0.8021,-0.430651,-0.430651,0.0294508,0
0.8021,-0.773158,-0.773158,-0.749982,0
0.8021,-0.773158,-0.773158,-0.749982,0
0.8021,-0.773158,-0.773158,-0.749982,0
0.8021,-0.773158,-0.773158,-0.749982,0
0.8021,-0.773158,-0.773158,-0.749982,0
0.555046,-0.601905,-0.601905,-0.216686,0
0.184465,-0.259398,-0.259398,1.62934,0
0.184465,-0.601905,-0.601905,0.152519,1
1.41973,0.0831082,0.0831082,0.562747,0
1.66679,-0.601905,-0.601905,-0.462822,0
1.66679,0.0831082,0.0831082,0.439678,0
0.555046,-0.601905,-0.601905,0.0294508,1
0.8021,0.0831082,0.0831082,1.9165,0
0.8021,-0.259398,-0.259398,0.972974,0
0.8021,-0.088145,-0.088145,1.50627,0
1.41973,-0.601905,-0.601905,-0.339754,0
1.41973,-0.430651,-0.430651,0.0294508,0
1.41973,-0.430651,-0.430651,0.0294508,0
1.66679,0.425615,0.425615,1.42422,0
1.41973,-0.430651,-0.430651,0.152519,0
1.66679,-0.430651,-0.430651,0.0294508,0
1.41973,-0.430651,-0.430651,0.234565,0
1.66679,-0.601905,-0.601905,-0.257708,0
1.41973,-0.773158,-0.773158,-0.544868,0
1.41973,-0.773158,-0.773158,-0.544868,0
1.91384,0.0831082,0.0831082,0.644792,0
1.41973,-0.773158,-0.773158,-0.544868,0
1.41973,-0.773158,-0.773158,-0.544868,0
1.66679,-0.430651,-0.430651,0.193542,0
1.41973,-0.601905,-0.601905,-0.0525947,0
0.555046,-0.430651,-0.430651,1.83445,0
1.66679,-0.773158,-0.773158,-0.462822,1
1.66679,-0.773158,-0.773158,-0.462822,0
1.66679,-0.773158,-0.773158,-0.462822,0
1.66679,-0.773158,-0.773158,-0.462822,0
1.66679,-0.773158,-0.773158,-0.462822,0
1.66679,-0.773158,-0.773158,-0.462822,0
1.66679,-0.773158,-0.773158,-0.462822,0
1.66679,-0.259398,-0.259398,0.726838,0
1.66679,-0.773158,-0.773158,-0.462822,0
1.66679,0.254361,0.254361,2.20366,0
0.8021,-0.430651,-0.430651,2.12161,0
1.66679,-0.601905,-0.601905,0.152519,0
1.41973,-0.601905,-0.601905,0.726838,0
1.66679,-0.430651,-0.430651,1.13707,0
3.64322,-0.773158,-0.773158,0.193542,0
7.71961,-0.773158,-0.773158,1.54729,0
