-0.999053,-0.493029,-1.13469,-0.299446,1.62995,0.306478,1.60673,-0.846059,0.187391,-0.977895,-1.30182,0
-0.999053,-0.167339,-1.06751,-0.331819,1.09184,0.172131,2.07855,-0.793894,0.155489,-0.569557,-0.720006,1
-0.999053,1.09262,-0.72469,-1.52152,-0.491295,-0.440048,1.50188,-1.24459,0.434209,-0.872986,0.0634786,2
-0.999053,0.918295,0.0634446,-1.41631,0.633015,-0.919266,0.732467,-1.21956,-0.306246,0.285856,-1.26791,3
-0.999053,0.593649,0.174559,-0.536847,0.698004,-1.72258,0.276063,0.785643,-0.952675,0.879803,-0.555813,4
-0.999053,0.328504,0.153886,-0.4141,0.389956,-1.66025,0.416376,0.416319,-1.11386,0.816857,-0.500488,5
-0.999053,-0.32914,0.679309,0.0202356,0.679807,-2.22396,0.488846,0.635409,0.0547468,1.0412,-0.502272,6
-0.999053,-0.808281,0.490674,0.771554,1.61955,-1.97465,0.0123966,-0.944128,0.964784,1.36077,-0.386267,7
-0.999053,-0.723726,0.327879,-0.662291,0.211886,-0.395728,1.68691,-1.10479,0.857326,0.163193,-0.623632,8
-0.999053,-0.502424,0.0660286,-1.25444,1.36869,0.629188,1.52963,-1.00881,0.477864,0.529568,-1.34108,9
-0.999053,0.140605,0.00315012,-0.934762,0.275575,-0.615946,1.23513,-1.23625,0.439246,0.403677,-1.31788,10
-0.999053,-0.507643,-1.17345,-0.205025,1.53376,0.231687,1.81951,-0.773028,0.200823,-0.853618,-1.30003,0
-0.999053,-0.0733898,-1.11919,-0.555731,1.08924,0.191521,2.0508,-0.860665,0.560137,-0.816496,-0.432669,1
-0.999053,1.07696,-0.673009,-1.59706,-0.525089,-0.435893,1.5651,-1.34684,0.496333,-1.0247,0.102742,2
-0.999053,0.900549,0.0419108,-1.4271,0.592722,-0.791844,0.340823,-0.649921,-0.704178,0.624793,-1.20545,3
-0.999053,0.654194,0.351996,-0.776945,0.530332,-1.63117,0.676959,0.355808,-0.779734,0.93145,-0.978788,4
-0.999053,0.355644,0.230546,-0.391169,0.358761,-1.77244,0.545897,0.474743,-1.13233,0.845909,-0.666465,5
-0.999053,-0.433528,0.550107,0.121401,0.827982,-2.16578,0.05557,0.670881,-0.104762,1.10253,-0.311309,6
-0.999053,-0.818719,0.443299,0.775601,1.62085,-2.10069,-0.027693,-0.937868,1.05377,1.39789,-0.371989,7
-0.999053,-0.643348,0.205567,-1.01435,0.105304,-0.361102,1.41707,-0.316069,0.185712,1.06541,-0.884199,8
-0.999053,-0.528521,0.0651672,-1.29086,1.42458,0.600102,1.52192,-0.981686,0.550062,0.326205,-1.15726,9
-0.999053,0.230379,-0.0743713,-0.969833,0.341864,-0.719823,1.10253,-1.20912,0.813671,0.31975,-1.35179,10
-0.999053,-0.52017,-1.20446,-0.260329,1.64554,0.270467,1.6977,-0.785548,0.256231,-0.658326,-1.35001,0
-0.999053,0.00176945,-1.14331,-0.705455,0.886472,0.126425,2.06005,-0.485081,0.513124,-0.361352,-0.60757,1
-0.999053,1.10828,-0.60324,-1.69552,-0.382113,-0.23368,1.49417,-1.39065,0.491296,-0.947229,-0.118561,2
-0.999053,0.892198,0.00917957,-1.43249,0.642113,-0.832009,0.54898,-1.05472,-0.35158,0.48599,-1.36071,3
-0.999053,0.555025,0.35458,-0.918576,0.501737,-1.40956,0.786434,-0.184614,-0.502693,0.657073,-1.07159,4
-0.999053,0.291968,0.340799,-0.515265,0.204088,-1.61732,0.359326,0.898318,-1.34221,0.766824,-0.566522,5
-0.999053,-0.488854,0.443299,0.0728414,0.633015,-1.80568,-0.721551,1.3511,-0.22901,0.986326,0.145575,6
-0.999053,-0.855255,0.507901,0.741879,1.44018,-2.25027,-0.0138158,-0.754249,0.983254,1.34624,-0.286323,7
-0.999053,-0.569232,0.069474,-0.975228,0.158595,-0.52315,1.7162,-0.760509,0.843894,0.689352,-0.489779,8
-0.999053,-0.598461,0.0832556,-1.26254,1.38039,0.607027,1.62986,-1.11314,0.486259,0.159965,-0.780686,9
-0.999053,0.321196,-0.093321,-0.933413,0.317168,-0.773839,1.2413,-1.3051,0.904339,0.103475,-1.14655,10
-0.999053,-0.477371,-1.23202,-0.350703,1.60265,0.270467,1.68074,-0.606102,0.24112,-0.498541,-1.35358,0
-0.999053,0.109289,-1.1924,-0.840342,0.696704,0.0474789,2.16644,-0.474648,0.635693,-0.145078,-0.382697,1
-0.999053,1.13333,-0.590319,-1.79399,-0.148153,-0.178279,1.34923,-1.23833,0.533272,-0.964983,-0.15604,2
-0.999053,0.916207,0.0944531,-1.57547,0.60052,-0.674117,0.707797,-1.182,-0.371728,0.31975,-1.30182,3
-0.999053,0.46212,0.285673,-0.936111,0.517335,-1.06331,0.902077,-0.612362,-0.412025,0.419817,-1.00734,4
-0.999053,0.158351,0.427795,-0.608336,0.0637114,-1.3043,-0.0600731,1.23634,-1.45974,0.489218,-0.127485,5
-0.999053,-0.409519,0.336492,0.00404916,0.686306,-1.9054,-0.363829,1.1028,-0.161849,1.14772,-0.0596659,6
-0.999053,-0.947117,0.470001,0.809323,1.3401,-1.69488,-0.974424,0.426752,-0.277702,1.68357,0.374017,7
-0.999053,-0.471108,-0.13725,-0.933413,0.226184,-0.487139,1.61598,-0.843972,1.12261,0.812015,-0.541536,8
-0.999053,-0.543135,0.0419108,-1.54445,1.40118,0.709519,1.29372,-0.505947,0.0396354,0.76521,-1.12335,9
-0.999053,0.497612,-0.0717872,-1.09663,0.193689,-0.795999,1.33227,-1.27381,0.986612,-0.0563092,-0.814595,10
-0.999053,-0.445011,-1.24494,-0.450519,1.53636,0.296783,1.6607,-0.322328,0.126945,-0.361352,-1.50171,0
-0.999053,0.125991,-1.16139,-0.967135,0.539431,0.00454329,2.14794,-0.42457,0.660879,-0.203182,-0.202442,1
-0.999053,0.951699,-0.717799,-1.7198,-0.0922622,-0.18659,1.33844,-1.31762,0.576927,-0.995649,-0.0596659,2
-0.999053,0.905769,0.0970372,-1.68203,0.701903,-0.653342,0.712423,-1.30302,-0.175281,0.0243901,-1.20366,3
-0.999053,0.266915,0.165945,-0.921274,0.48614,-0.722593,0.811105,-0.470475,-0.779734,0.385923,-0.811026,4
-0.999053,0.0811043,0.519959,-0.708153,-0.0805642,-1.07993,-0.0646988,1.2113,-1.45639,0.30361,0.0813257,5
-0.999053,-0.305131,0.302038,-0.198281,0.535531,-2.01066,0.0231899,0.917097,-0.0292051,1.19614,-0.225643,6
-0.999053,-1.087,0.612985,0.670389,1.04764,-2.35276,6.13259e-05,-0.140796,0.67599,1.4108,-0.388051,7
-0.999053,-0.392817,-0.296599,-1.04132,0.226184,-0.52592,1.53272,-0.827279,1.2435,0.72486,-0.166748,8
-0.999053,-0.540004,0.0332973,-1.72655,1.41158,0.677664,1.24592,-0.439177,0.229367,0.828155,-1.48921,9
-0.999053,0.595737,-0.151031,-1.08044,0.170293,-0.977437,1.09019,-1.18408,0.988291,0.190631,-0.836012,10
-0.999053,-0.456493,-1.29232,-0.523358,1.63904,0.327253,1.62986,-0.236779,0.11855,-0.413,-1.63913,0
-0.999053,-0.00449382,-1.07267,-0.917227,0.501737,0.00177325,2.20345,-0.478821,0.486259,-0.456578,-0.18281,1
-0.999053,0.902637,-0.762589,-1.61594,-0.0909624,-0.136729,1.39703,-1.32388,0.674311,-0.998877,0.00815285,2
-0.999053,0.833741,-0.00718606,-1.49454,0.827982,-0.595171,0.54898,-1.22999,-0.121552,-0.0175735,-1.16261,3
-0.999053,0.0268225,0.118571,-0.921274,0.540731,-0.51207,0.98534,-0.775115,-0.673955,0.0808796,-0.862782,4
-0.999053,0.106157,0.548384,-0.74727,-0.0376715,-1.25444,0.424086,0.645842,-1.37915,0.540866,-0.1257,5
-0.999053,-0.319745,0.381282,-0.501776,0.235282,-1.82922,0.299191,0.844067,-0.111478,1.12029,-0.325587,6
-0.999053,-1.11831,0.604372,0.652854,0.822783,-2.40678,-0.0477378,0.213921,0.681027,1.34463,-0.371989,7
-0.999053,-0.395948,-0.411159,-1.05076,0.387357,-0.433123,1.77171,-0.864838,1.53734,-0.0143455,0.17413,8
-0.999053,-0.733121,0.107373,-1.61594,1.41288,0.600102,1.45871,-1.06515,0.74651,0.261646,-1.63556,9
-0.999053,0.522665,-0.188931,-1.01165,0.280775,-0.937271,1.01001,-1.23416,0.91945,0.22291,-1.11799,10
-0.999053,-0.976345,-1.31471,1.16273,-0.132555,1.90341,1.30914,1.34693,-0.640374,-0.832636,-1.04125,0
-0.999053,1.87344,-1.52058,-0.748619,-1.18668,-0.113184,0.857362,1.32815,0.681027,1.33333,0.227671,1
-0.999053,1.40996,-1.10024,-0.673082,-1.12559,0.656888,0.254476,0.263999,0.0748952,0.045372,-0.323802,2
-0.999053,1.26591,-0.120884,-1.54445,-0.201444,0.350799,-0.868033,0.0344759,-0.161849,0.126071,-0.72536,3
-0.999053,0.535192,0.563888,0.593504,-0.591378,-0.933116,-0.433215,-0.255558,-0.22901,1.22035,-0.530827,4
-0.999053,0.882803,-0.372398,1.03593,-0.792844,0.154126,-0.900413,-0.232606,-1.17599,1.80784,0.190193,5
-0.999053,0.0268225,1.35977,-0.739177,-1.19448,0.276007,-1.38303,0.249393,0.358652,1.31558,-0.289893,6
-0.999053,-0.808281,1.39337,1.25984,-1.34005,-1.01206,-0.746222,0.583245,0.492975,0.306838,1.30742,7
-0.999053,-1.03793,1.03505,0.816067,-0.245636,-0.801539,0.0864082,0.147151,-0.302888,1.34463,1.61974,8
-0.999053,-1.41269,0.426934,0.485595,-0.0155752,-0.19213,1.01926,0.376674,-0.294493,0.69258,1.52337,9
-0.999053,0.0821481,-0.298322,0.669041,-0.963115,0.0834895,0.501181,0.0574282,-0.826747,0.595741,-0.0882211,10
-0.999053,-1.15694,-1.3552,1.58627,0.178092,1.84108,1.05473,1.44709,-0.57825,-0.902038,-1.01805,0
-0.999053,1.57594,-1.4465,-0.803922,-1.09829,0.101495,1.13491,1.29477,0.642409,0.913696,-0.132839,1
-0.999053,1.52166,-1.07612,-0.681175,-1.13209,0.566862,0.309985,0.266086,0.246157,0.0631258,-0.423745,2
-0.999053,1.26799,-0.229414,-1.2504,-0.545885,0.325868,-0.63983,-0.134537,-0.136663,0.274558,-0.580799,3
-0.999053,0.51849,0.827461,0.292707,-0.718756,-0.86525,-0.152588,-0.322328,0.0513887,0.892714,-0.709298,4
-0.999053,0.757538,-0.275927,1.12496,-1.11779,0.280162,-1.02377,-0.0364676,-0.994651,1.71101,0.104527,5
-0.999053,0.0216032,1.15477,-0.316981,-0.723955,-0.420658,-0.994469,-0.593583,0.0984017,2.01766,-0.477286,6
-0.999053,-0.767569,1.59406,1.05482,-1.55191,-0.966357,-0.508768,0.925443,0.662558,0.134141,1.10575,7
-0.999053,-1.14859,1.09792,0.8363,-0.645968,-0.606251,-0.0816598,0.170103,-0.153454,0.981484,1.39308,8
-0.999053,-1.54839,0.619876,0.62183,0.202788,-0.568855,1.30914,0.226441,-0.640374,1.04927,0.647077,9
-0.999053,0.142693,-0.474037,1.02784,-0.839636,-0.279386,0.585986,0.700093,-0.930848,0.0760377,0.284782,10
-0.999053,-1.36362,-1.17345,1.76162,0.512135,1.61671,1.05935,1.32607,-1.06349,-1.00533,-0.96808,0
-0.999053,1.36821,-1.44047,-0.75941,-0.99171,0.328638,1.35077,1.15705,0.600434,0.681282,-0.402329,1
-0.999053,1.24294,-1.15967,-0.673082,-1.00731,0.449135,0.561316,0.228527,0.10176,-0.0885889,-0.464793,2
-0.999053,1.30766,-0.225969,-1.20588,-0.699259,0.244152,-0.511852,-0.0260348,-0.31632,0.418203,-0.643264,3
-0.999053,0.487173,0.942882,0.0795857,-0.640769,-0.787689,-0.223515,-0.387012,0.1706,0.705492,-0.78604,4
-0.999053,0.63958,-0.532609,1.17082,-0.710957,-0.354177,-0.871117,0.266086,-1.24986,1.49796,0.281212,5
-0.999053,0.11764,1.17889,-0.0876738,-0.792844,-0.779379,-0.440924,-0.597756,0.0698581,1.8724,-0.398759,6
-0.999053,-0.702849,1.73102,0.767508,-1.53502,-0.937271,-0.394667,1.49508,0.768337,-0.0433973,0.896935,7
-0.999053,-1.20704,0.962693,1.12361,-0.410708,-0.978822,-0.237392,0.211835,-0.250838,0.644161,1.31812,8
-0.999053,-1.57553,0.690507,0.70546,0.266477,-0.753063,1.40011,0.0657745,-0.573213,0.842681,0.643507,9
-0.999053,0.255432,-0.188931,0.601597,-1.14118,-0.103488,0.923664,0.76269,-0.994651,-0.125711,0.0920339,10
-0.999053,-1.3678,-1.28284,2.07051,0.757794,1.48375,0.727842,0.84824,-1.14409,-1.49598,-0.777116,0
-0.999053,1.3275,-1.50507,-0.704106,-0.879929,0.316173,1.42478,0.979694,0.657521,0.503744,-0.320233,1
-0.999053,1.2753,-1.19154,-0.816062,-0.978712,0.372959,0.527394,0.147151,0.15381,-0.0175735,-0.288108,2
-0.999053,1.30975,-0.156199,-1.35831,-0.704458,0.375729,-0.48564,-0.113671,-0.427137,0.389151,-0.69502,3
-0.999053,0.46212,1.08759,-0.151071,-0.782445,-0.768298,-0.0569893,-0.203394,-0.0292051,0.665142,-0.973434,4
-0.999053,0.815995,-0.425802,0.971187,-0.734353,-0.419273,-0.655249,-0.163749,-1.01816,1.63353,0.307983,5
-0.999053,0.0779726,1.10137,0.190193,-0.703159,-0.784919,-0.601283,-0.51012,-0.0846133,1.97893,-0.0132636,6
-0.999053,-0.783228,1.51654,1.15598,-1.37255,-1.05361,-0.875742,1.22591,0.939599,-0.0966588,0.948691,7
-0.999053,-1.11205,1.11946,1.18161,-0.0363717,-1.36386,-0.0554474,0.241047,-0.311283,0.640933,1.02008,8
-0.999053,-1.66217,0.827461,0.744577,0.223584,-0.55085,0.815731,0.39128,-0.811636,1.02829,0.697048,9
-0.999053,0.231423,-0.00977011,0.183448,-0.99301,-0.079943,1.19504,-0.00725559,-0.872081,0.466622,-0.855643,10
-0.999053,-1.19765,-1.58604,2.01251,0.866975,1.49067,0.274521,0.293211,-1.02487,-1.73324,-0.646833,0
-0.999053,1.16569,-1.43875,-0.660942,-0.730454,0.652733,1.50496,0.783556,0.701176,0.385923,-0.552244,1
-0.999053,1.42249,-1.12349,-0.744572,-1.23737,0.408969,0.405583,0.138805,0.367048,-0.0111175,-0.230997,2
-0.999053,1.24085,-0.166536,-1.40147,-0.807141,0.504536,-0.408544,-0.167922,-0.537953,0.314908,-0.529043,3
-0.999053,0.437067,1.27622,-0.712199,-0.959215,-0.557775,0.286856,-0.103238,-0.326394,0.50213,-1.32145,4
-0.999053,0.851487,-0.176872,0.720298,-0.779846,-0.0508576,-0.709216,-0.447523,-0.645411,1.80139,0.0831104,5
-0.999053,0.0644022,1.01696,0.32508,-0.642069,-0.703202,-0.869575,-0.514293,-0.270986,2.16454,0.0349234,6
-0.999053,-0.854211,1.61818,1.39203,-1.22827,-0.991287,-1.17025,0.68966,0.785128,0.166421,1.31099,7
-0.999053,-1.03689,1.37269,0.975233,-0.170249,-1.24336,0.166587,0.971348,-0.497656,0.894328,0.423989,8
-0.999053,-1.78848,1.14444,0.685227,-0.118258,-0.257226,0.481137,0.485176,-0.558101,0.582829,0.945122,9
-0.999053,0.0884114,-0.0881529,0.445129,-0.87343,-0.131189,0.911329,-0.215913,-0.82171,0.571531,-0.855643,10
-0.999053,-1.0348,-1.78932,1.81828,0.734398,1.31477,0.570567,0.787729,-1.25154,-2.02053,-0.737853,0
-0.999053,0.757538,-1.33022,-0.493683,-0.350918,1.10841,1.62061,0.787729,0.576927,0.424659,-0.855643,1
-0.999053,1.56028,-1.21221,-0.519311,-1.43234,0.0363988,0.393248,0.339116,0.444283,0.232594,-0.0436035,2
-0.999053,1.16465,-0.195821,-1.6092,-0.757749,0.397889,-0.368455,-0.0802857,-0.517805,0.195473,-0.380912,3
-0.999053,0.395312,1.25641,-0.936111,-1.08919,-0.264151,-0.351494,0.54986,-0.563139,0.608653,-1.38035,4
-0.999053,0.707432,0.032436,0.361499,-0.879929,0.050249,-0.696881,-0.42457,-0.353259,1.70455,-0.357711,5
-0.999053,0.106157,1.20904,-0.0175327,-0.969614,-0.51207,-0.971341,0.105419,-0.240764,2.0451,-0.439808,6
-0.999053,-0.831246,1.89726,1.23287,-1.41544,-0.904031,-1.00064,0.466397,0.790165,0.381081,1.57512,7
-0.999053,-1.01184,1.59062,0.0553061,-0.731754,-0.412348,0.687752,0.98804,-0.437211,0.924994,0.200901,8
-0.999053,-1.85529,1.36925,0.624528,-0.57968,-0.282156,0.712423,0.666708,-0.203825,-0.298407,0.813054,9
-0.999053,0.113465,-0.0493922,0.130843,-1.01381,0.591792,0.165045,-0.397445,-0.321357,0.758754,-0.9074,10
-0.999053,2.0509,-1.71266,-2.75034,0.36916,0.0308587,2.44244,0.631236,1.0353,-1.80264,-1.10907,0
-0.999053,2.18139,-1.05459,-2.10153,-0.285929,-0.269691,2.12327,0.149237,1.65991,-0.647028,0.102742,1
-0.999053,1.46007,-0.817715,-1.37584,0.717501,0.0585591,1.72546,-0.393272,1.10582,-0.682536,0.0438469,2
-0.999053,1.49243,0.0462176,-0.80662,0.709702,-0.53423,0.703171,-0.088632,0.852289,-0.296793,0.163422,3
-0.999053,0.766933,0.336492,0.310242,1.16592,-1.07993,-0.269773,-0.856491,1.52558,0.324591,0.552487,4
-0.999053,1.0874,0.186617,0.0445152,1.21272,-0.825084,-0.100163,-0.754249,1.3963,-0.164446,0.409711,5
-0.999053,0.584254,0.57767,0.485595,1.37909,-1.50651,-0.649082,-1.13609,1.90337,0.48599,1.08254,6
-0.999053,-0.674664,1.69656,0.392523,1.34659,-1.54253,-1.46629,-1.24877,1.66998,0.900784,-0.0257565,7
-0.999053,0.121816,-0.116577,-0.321028,1.3232,-1.05223,-0.968257,0.583245,0.51984,1.39789,0.968323,8
-0.999053,-0.840641,0.468279,-0.232003,0.557628,-0.970512,0.206677,1.45961,-0.197109,2.54544,0.456113,9
-0.999053,0.195931,0.0513857,-0.569219,1.17242,-0.748908,1.13799,-0.478821,1.45842,0.21484,-0.734284,10
-0.999053,1.95069,-1.74883,-2.6775,0.558927,0.154126,2.57042,0.558206,0.835499,-2.09962,-0.852074,0
-0.999053,2.24924,-1.05028,-2.14874,-0.266433,-0.338942,2.13406,0.0490819,1.67334,-0.67608,0.23481,1
-0.999053,1.73878,-0.765173,-1.57952,0.513435,-0.136729,1.58977,-0.372406,1.19145,-0.556645,0.0599092,2
-0.999053,1.55819,-0.0209676,-0.798527,0.794188,-0.664422,0.695462,-0.36406,0.887549,-0.14992,0.186623,3
-0.999053,0.896374,0.247773,0.330475,1.25821,-1.15472,-0.317572,-1.04011,1.65487,0.360099,0.86838,4
-0.999053,1.05609,0.251219,0.0741902,1.07754,-0.908186,0.0941177,-0.549765,1.44667,-0.20641,0.466822,5
-0.999053,0.537279,0.362333,0.532805,1.51946,-1.2032,-0.806356,-1.30928,1.64479,0.647389,1.22532,6
-0.999053,-0.696586,1.73446,0.357452,1.2907,-1.6561,-1.33523,-0.733383,1.29891,1.11867,-0.03468,7
-0.999053,-0.170471,-0.177733,-0.14028,1.94709,-0.631181,-0.877284,0.0657745,0.158847,1.07187,0.839824,8
-0.999053,-1.04733,0.427795,0.0795857,0.891671,-0.861095,-0.0230673,1.09654,-0.33479,2.3792,0.229456,9
-0.999053,0.312845,-0.296599,-0.497729,1.39079,-0.683812,0.860446,-0.927435,1.24518,0.707106,-0.662895,10
-0.999053,1.85152,-1.75745,-2.48461,0.747396,0.187366,2.68606,0.720959,0.634014,-2.02214,-1.19831,0
-0.999053,2.32336,-1.03047,-2.12042,-0.274231,-0.401268,2.02304,0.0219565,1.82445,-0.58731,0.349031,1
-0.999053,1.9152,-0.764312,-1.64157,0.578424,-0.102103,1.44483,-0.368233,1.1478,-0.440438,0.0616939,2
-0.999053,1.66676,-0.0692032,-0.798527,0.825382,-0.739213,0.579819,-0.518466,0.90266,-0.00788958,0.266935,3
-0.999053,0.980928,0.221933,0.393872,1.3375,-1.10901,-0.390041,-1.17991,1.58603,0.411747,0.809485,4
-0.999053,1.173,0.184895,0.0175378,1.06064,-0.913726,-0.0415702,-0.530986,1.37615,-0.0240294,0.697048,5
-0.999053,0.509095,-0.00374067,0.482897,1.9211,-0.858325,-0.843362,-1.75163,1.36775,0.639319,1.43592,6
-0.999053,-0.698673,1.69139,0.3008,1.2933,-1.85554,-1.18567,0.0970731,0.927846,1.23972,-0.0810823,7
-0.999053,-0.324965,-0.0278584,-0.147024,2.16546,-0.905416,-0.379248,-0.0448139,0.284775,1.15902,0.161637,8
-0.999053,-1.21748,0.605233,0.308893,1.10094,-0.51484,-0.430131,1.20296,-0.737758,2.21295,0.490023,9
-0.999053,0.482998,-0.387902,-0.620476,1.35829,-0.624256,0.707797,-0.869011,0.895944,0.989554,-1.08944,10
-0.999053,1.82647,-1.76951,-2.43605,0.711002,0.233072,2.59509,0.860759,0.848931,-1.96565,-1.09479,0
-0.999053,2.30248,-1.052,-2.02734,-0.209242,-0.402653,2.01996,0.0616014,1.88322,-0.584083,0.318691,1
-0.999053,2.03211,-0.778955,-1.65371,0.539431,-0.0494725,1.35386,-0.167922,1.20489,-0.248373,0.258011,2
-0.999053,1.73878,-0.107103,-0.748619,0.820183,-0.683812,0.487304,-0.389099,0.74651,0.189017,0.44362,3
-0.999053,1.03417,0.186617,0.410058,1.47397,-1.02314,-0.470221,-1.40943,1.55916,0.44564,1.0522,4
-0.999053,1.33167,0.03502,-0.0944181,1.21662,-0.915111,-0.027693,-0.677046,1.23343,0.0469859,0.730958,5
-0.999053,0.566508,-0.0709259,0.393872,1.94709,-0.917881,-0.769351,-1.60557,1.55077,0.74907,1.41807,6
-0.999053,-0.62247,1.30637,0.250892,1.2933,-1.79321,-1.24888,0.453877,0.959747,1.42694,0.233025,7
-0.999053,-0.39908,0.146134,-0.0822783,1.86911,-1.12286,0.404041,-0.36406,0.712929,1.44147,-0.894907,8
-0.999053,-1.25924,0.626767,0.373639,1.26861,-0.345867,-0.451718,1.04438,-0.89223,2.25169,0.743451,9
-0.999053,0.631228,-0.32244,-0.66364,1.05024,-0.910956,0.96067,-0.695825,1.07056,1.00408,-1.22329,10
-0.999053,1.86092,-1.77123,-2.45224,0.535531,0.13889,2.62901,0.929616,1.1394,-1.88496,-1.10015,0
-0.999053,2.13337,-1.13728,-2.03139,0.0494138,-0.104873,2.15565,0.0198699,2.00914,-0.484015,0.163422,1
-0.999053,1.96948,-0.807379,-1.61729,0.575825,-0.0397774,1.57897,-0.101151,1.35432,-0.170902,0.229456,2
-0.999053,1.76592,-0.153615,-0.756712,0.879973,-0.632566,0.45955,-0.324415,0.679348,0.166421,0.5043,3
-0.999053,1.00389,0.0591378,0.33587,1.62215,-0.969127,-0.420879,-1.33223,1.39294,0.653845,0.875519,4
-0.999053,1.40161,-0.0459468,-0.298097,1.24521,-0.89572,0.194342,-0.556025,1.30227,-0.00950356,0.550703,5
-0.999053,0.618702,0.0677513,0.379034,1.69104,-1.06192,-0.716926,-1.30719,1.88993,0.610267,1.48946,6
-0.999053,-0.549399,1.14702,0.236054,1.42198,-2.0993,-0.832569,-0.0239482,1.56084,0.991168,0.793422,7
-0.999053,-0.394905,0.164222,-0.0863249,1.56886,-0.996827,0.649204,0.00735043,0.67599,1.61255,-0.989496,8
-0.999053,-1.27281,0.461388,0.392523,1.3141,-0.311242,-0.547316,1.15288,-0.897267,2.16615,0.859456,9
-0.999053,0.664633,-0.209603,-0.658245,0.890371,-1.05915,1.1272,-0.593583,1.22839,0.797489,-1.22329,10
-0.999053,2.03733,-1.7428,-2.66401,0.401654,0.0142384,2.59201,1.01308,1.54405,-1.76229,-1.06624,0
-0.999053,1.84422,-1.22255,-1.95046,0.396455,0.203986,2.24045,-0.0302079,2.09813,-0.398474,-0.00434007,1
-0.999053,1.74609,-0.923661,-1.52691,0.865676,0.190136,1.83802,-0.186701,1.29555,-0.227392,0.311552,2
-0.999053,1.7273,-0.209603,-0.816062,0.95796,-0.581321,0.54898,-0.29103,0.654163,0.100247,0.409711,3
-0.999053,0.931866,-0.0709259,0.299451,1.73133,-0.805694,-0.397751,-1.29885,1.18138,0.628021,0.670278,4
-0.999053,1.42249,-0.154477,-0.478845,1.12173,-0.830624,0.256018,-0.0969783,0.916092,0.0647398,0.680986,5
-0.999053,0.751275,0.153886,0.323731,1.45058,-1.06608,-0.741596,-1.16113,1.95206,0.52634,1.55371,6
-0.999053,-0.530609,1.20301,0.279218,1.38039,-1.88463,-1.24426,0.0449088,1.06553,1.31235,0.566765,7
-0.999053,-0.269639,-0.00977011,-0.256282,1.36219,-0.902646,0.954502,-0.295203,1.41141,1.31719,-0.753915,8
-0.999053,-1.26237,0.414014,0.24145,1.03335,-0.374952,-0.656791,1.46378,-0.687387,2.14033,0.993309,9
-0.999053,0.675071,-0.185485,-0.689268,1.00215,-0.988517,0.869697,-0.59567,1.3963,0.581215,-1.06624,10
-0.999053,1.68972,-1.83928,-1.63348,-0.365216,0.399274,1.50651,1.11323,1.39462,0.640933,-0.662895,0
-0.999053,1.62083,-1.24753,-1.0076,-1.00991,0.183211,1.02697,0.54986,0.806955,0.736158,-0.604,1
-0.999053,1.33167,-0.643723,-0.825504,-0.527688,1.35632,-0.496433,0.739738,-0.0459954,-0.17413,-1.01805,2
-0.999053,1.18657,0.0246838,0.0836323,-1.00601,0.788465,-0.721551,0.163844,-0.903983,0.540866,-0.834227,3
-0.999053,0.643755,0.769751,0.7176,-0.889027,-0.682427,-0.758557,-0.432917,0.912734,0.484376,-0.900261,4
-0.999053,0.733529,0.200399,0.639366,-0.580979,-0.21152,-0.787854,0.0699477,0.299886,0.852365,-0.628986,5
-0.999053,-0.0274592,0.250357,1.72385,0.374359,-1.12979,-0.846446,-2.01871,0.618903,2.11934,0.525717,6
-0.999053,-0.416826,-0.199267,1.87223,1.69494,-1.1561,-0.627495,-3.07035,0.843894,1.67066,2.04093,7
-0.999053,-0.13811,-0.00460202,0.856533,-0.525089,-1.1935,0.325404,-0.800154,1.13101,1.22842,0.92906,8
-0.999053,-0.453362,-0.855615,0.283265,-0.250835,-0.237835,1.06398,-0.0656797,0.716287,1.33333,1.32705,9
-0.999053,0.759626,-0.815131,0.714902,-0.367816,-0.420658,0.0154804,-0.773028,0.477864,1.0993,0.32583,10
-0.999053,1.73252,-1.88837,-1.72655,-0.349619,0.426975,1.52038,1.12367,1.46682,0.628021,-0.662895,0
-0.999053,1.81812,-1.27423,-0.919925,-1.0515,-0.00653688,1.03006,0.602024,0.79856,0.871733,-0.523689,1
-0.999053,1.41205,-0.699711,-0.6515,-0.526389,1.1278,-0.0477378,0.458051,0.0144499,0.135755,-1.14655,2
-0.999053,1.21058,0.0677513,-0.179397,-0.717456,0.715059,-0.77706,0.149237,-0.727684,0.618337,-1.13227,3
-0.999053,0.63436,0.486367,1.15463,-0.683662,-0.952506,-0.709216,-0.566458,0.936241,0.545708,-0.687881,4
-0.999053,0.767977,0.118571,0.884859,-0.522489,-0.338942,-0.627495,0.0469953,0.326751,1.15257,-0.852074,5
-0.999053,-0.0765215,0.0117636,1.89786,0.709702,-1.10624,-0.8742,-2.17312,0.414061,2.05801,0.941553,6
-0.999053,-0.415782,-0.320717,1.89651,1.886,-1.21705,-0.761641,-2.88047,0.508087,1.62385,2.19441,7
-0.999053,-0.0326786,-0.312104,1.13305,-0.132555,-1.12702,0.109537,-0.929521,0.968142,1.36238,1.6947,8
-0.999053,-0.631865,-0.716076,0.341266,-0.270332,-0.115954,1.11794,-0.12619,0.806955,1.29782,1.04863,9
-0.999053,0.764845,-0.745362,0.775601,-0.391212,-0.584091,0.124956,-0.522639,0.482901,1.09123,0.393649,10
-0.999053,1.57698,-1.92196,-1.71441,-0.210542,0.536391,1.62215,1.07985,1.51383,0.413361,-0.723575,0
-0.999053,1.85674,-1.30955,-0.886203,-1.0658,-0.000996795,1.07477,0.706353,0.669274,0.904012,-0.520119,1
-0.999053,1.46424,-0.729858,-0.745921,-0.426306,0.954668,0.115704,0.295298,0.234404,-0.0530812,-1.00913,2
-0.999053,1.19075,0.012625,-0.105209,-0.852633,0.907577,-0.98676,0.138805,-0.59504,0.508586,-1.0823,3
-0.999053,0.663589,0.0574151,1.60111,-0.375614,-1.07993,-1.00835,-0.764682,0.81535,0.631249,-0.0614506,4
-0.999053,0.826434,-0.0804007,1.01975,-0.350918,-0.596556,-0.555025,-0.228432,0.766658,1.02506,-0.78604,5
-0.999053,-0.0128449,-0.33536,1.93698,1.03335,-0.640877,-0.91429,-2.6113,-0.118194,2.07899,1.52694,6
-0.999053,-0.421002,-0.318133,1.9127,1.86131,-1.20874,-0.898871,-2.69685,0.281417,1.64967,1.92314,7
-0.999053,-0.00240606,-0.598071,1.29087,0.218385,-1.10209,0.135749,-0.770942,0.771695,1.1332,1.95169,8
-0.999053,-0.938765,-0.590319,0.5382,-0.0870631,0.0447089,1.15032,-0.305636,0.723003,1.25425,0.71668,9
-0.999053,0.713695,-0.797043,0.853835,-0.313225,-0.730903,0.223638,-0.268077,0.32843,1.03475,0.479314,10
-0.999053,1.40266,-1.9926,-1.58627,-0.00647674,0.611183,1.73625,1.07985,1.51215,0.24712,-0.750346,0
-0.999053,1.79202,-1.32333,-0.915878,-1.0476,0.0239336,1.08248,0.733478,0.734756,0.921766,-0.536182,1
-0.999053,1.4371,-0.811686,-0.799876,-0.404209,0.836941,0.168129,0.216008,0.278059,-0.217708,-0.718221,2
-0.999053,1.12498,-0.0347492,-0.107907,-0.983911,1.07239,-1.1132,0.0323893,-0.581608,0.48599,-1.17689,3
-0.999053,0.722046,-0.204435,1.76972,-0.16635,-1.08131,-1.26276,-0.846059,0.684385,0.690966,0.252657,4
-0.999053,0.89011,-0.20788,1.00086,-0.363916,-0.52592,-0.824859,-0.178355,0.674311,1.43017,-0.869921,5
-0.999053,0.109289,-0.626496,1.86549,1.19322,-0.262766,-0.797105,-2.81787,-0.522842,1.97893,1.89815,6
-0.999053,-0.427265,-0.325885,1.83446,1.75862,-1.07577,-0.84182,-3.24353,0.403986,1.79332,2.0909,7
-0.999053,0.0122082,-0.615298,1.21803,0.1287,-1.26968,0.396332,-0.293116,0.825424,0.962116,1.71433,8
-0.999053,-1.19974,-0.506768,0.722995,0.0884072,0.104265,1.1272,-0.568544,0.576927,1.22681,0.388295,9
-0.999053,0.58321,-0.772064,0.878115,-0.285929,-0.639492,0.300733,-0.334848,0.318355,0.98794,0.340108,10
-0.999053,1.26695,-2.0081,-1.47701,0.122201,0.616723,1.78405,1.19878,1.46346,0.169649,-0.782471,0
-0.999053,1.74505,-1.39396,-0.92532,-1.00601,0.0267036,1.08094,0.68966,0.733077,0.937906,-0.520119,1
-0.999053,1.30035,-0.875426,-0.677129,-0.293728,0.846636,0.309985,0.230614,0.286454,-0.312933,-0.72536,2
-0.999053,1.16361,-0.217355,-0.0539521,-0.629071,0.357724,-0.481014,-0.270164,-0.808278,0.928222,-1.27683,3
-0.999053,0.688642,-0.178595,1.75353,-0.252135,-1.1658,-1.30131,-0.58941,0.736435,0.545708,0.274074,4
-0.999053,0.91412,-0.50763,1.0791,-0.22224,-0.449744,-0.778602,-0.414138,0.620582,1.57704,-0.579014,5
-0.999053,0.243949,-0.877149,1.72251,1.27771,-0.176894,-0.795563,-2.46315,-0.66556,1.83044,2.05342,6
-0.999053,-0.379246,-0.402545,1.82232,1.77032,-1.23228,-0.889619,-3.04322,0.402307,1.84174,2.01059,7
-0.999053,0.022647,-0.751392,1.16542,0.226184,-1.3694,0.473427,0.00526386,0.793523,0.789419,1.63937,8
-0.999053,-1.28116,-0.493848,0.816067,0.107904,-0.0273122,1.1827,-0.543505,0.57189,1.15418,0.322261,9
-0.999053,0.482998,-0.704879,0.964442,-0.274231,-0.507915,0.359326,-0.274337,0.429172,0.853979,0.250872,10
-0.999053,1.15734,-2.02016,-1.41496,0.222285,0.638883,1.87656,1.26973,1.48696,0.122843,-0.809241,0
-0.999053,1.7012,-1.4577,-0.91318,-0.959215,0.0156235,1.04856,0.652102,0.759942,0.905626,-0.550459,1
-0.999053,1.28783,-0.867674,-0.764805,-0.331422,0.814781,0.300733,0.364155,0.48458,-0.287109,-0.910969,2
-0.999053,1.13855,-0.27765,-0.183443,-0.435404,0.054404,-0.103246,-0.883617,-0.175281,0.476306,-1.1412,3
-0.999053,0.63958,-0.175149,1.69957,-0.205343,-1.13394,-1.44471,-0.562284,0.800239,0.513428,0.300844,4
-0.999053,0.859838,-0.815993,1.10742,-0.0428706,-0.384648,-0.471762,-0.537246,0.687743,1.38337,-0.325587,5
-0.999053,0.347293,-0.931414,1.59301,1.18152,-0.452514,-0.945128,-1.79128,-0.29953,1.9176,1.73039,6
-0.999053,-0.32914,-0.523995,1.81693,1.9081,-1.37909,-0.97905,-2.69268,0.385517,1.79493,2.01416,7
-0.999053,-0.0827847,-0.881455,1.13035,0.383457,-1.33339,0.754054,0.374588,0.738115,0.342345,1.01651,8
-0.999053,-1.41373,-0.263007,0.822811,0.07151,0.053019,1.16266,-0.57689,0.6592,1.12836,-0.0311106,9
-0.999053,0.37861,-0.615298,0.946907,-0.252135,-0.366642,0.414835,-0.213826,0.437567,0.850751,0.0956033,10
0.999053,0.138518,-2.59209,0.959047,1.2946,1.45328,1.59902,-0.789721,-1.48661,-0.761621,1.07362,0
0.999053,0.0508318,-1.1881,1.11282,1.19842,1.74136,-0.274398,-1.94568,-1.61757,-0.59538,0.452544,1
0.999053,0.580078,-1.12091,0.915883,1.06324,0.986523,-1.4848,-1.32597,-1.06853,-0.0272574,0.770221,2
0.999053,1.67093,-0.693681,0.36015,-0.883828,0.312018,-1.32906,0.263999,-0.779734,-0.687378,0.654215,3
0.999053,0.426628,0.285673,0.186146,-1.38814,-0.412348,-0.761641,1.8018,-0.412025,-0.300021,-0.0150483,4
0.999053,0.699081,-0.110548,-0.233351,-1.26206,0.226147,-1.13632,2.38396,-0.495977,-0.872986,1.03436,5
0.999053,-0.382378,0.502733,2.06782,-0.361317,-0.919266,-1.56343,-0.0907186,1.49032,0.04053,-1.04661,6
0.999053,-0.758174,1.68364,0.710855,-0.878629,-0.974667,-1.70066,0.376674,1.95709,0.0179342,-0.150686,7
0.999053,-0.952336,0.799037,0.539549,-1.09179,0.863256,0.425628,0.662535,0.0295612,-0.448508,-1.50528,8
0.999053,-1.03689,0.9291,1.35561,0.102705,1.34801,-0.166465,-0.604016,0.615545,-1.17964,-1.24292,9
0.999053,0.267959,-0.704017,0.418151,-1.17888,0.698439,-0.454801,0.83572,0.570211,-1.01663,-0.18638,10
0.999053,0.00490109,-2.47409,1.00896,1.18932,1.49206,1.63448,-0.969166,-1.57056,-0.406544,1.29492,0
0.999053,-0.0598194,-1.07526,1.71306,1.03855,1.58208,-0.359203,-2.07296,-1.64444,-0.356511,0.457898,1
0.999053,0.507007,-1.03736,0.944209,0.928065,1.18874,-1.42466,-1.39691,-1.40098,0.035688,0.886227,2
0.999053,1.65945,-0.713492,0.211775,-0.673264,0.184596,-1.26122,0.353722,-0.788129,-0.579241,0.575688,3
0.999053,0.319109,0.306345,0.0499106,-1.25167,-0.351407,-0.41317,1.66826,-0.5262,-0.343599,-0.298816,4
0.999053,0.753362,-0.200128,-0.308888,-1.28026,0.345258,-0.905039,2.07932,-0.598398,-0.534049,0.463252,5
0.999053,-0.249805,0.575086,1.98688,-0.541986,-0.984362,-1.3892,0.170103,1.88658,-0.0579231,-1.04661,6
0.999053,-0.826027,1.88347,0.806625,-1.0268,-1.12425,-1.28589,0.38502,1.2519,0.353643,0.0813257,7
0.999053,-0.943985,0.877419,0.291358,-1.0229,1.03223,0.168129,0.758517,0.138699,-0.730955,-1.38213,8
0.999053,-1.06612,0.776641,1.28143,0.0351162,1.55715,-0.292901,-0.0907186,0.647447,-0.977895,-1.4785,9
0.999053,0.254388,-0.703156,0.292707,-1.08139,0.643038,-0.493349,0.804422,0.459394,-1.20063,-0.129269,10
0.999053,-0.233103,-2.31819,1.24636,1.3284,1.45051,1.41707,-1.39274,-1.71496,-0.0433973,1.25031,0
0.999053,0.040393,-1.25356,1.89246,0.960559,1.58208,-0.228141,-1.79128,-1.56888,-0.330687,0.150929,1
0.999053,0.498656,-1.03994,0.816067,1.26861,1.02253,-1.53722,-1.05889,-1.56049,-0.0143455,0.904074,2
0.999053,1.53836,-0.799627,0.553038,-0.748651,0.298168,-1.47554,0.207662,-0.611831,-0.553417,0.68634,3
0.999053,0.250213,0.401955,-0.113302,-1.31406,-0.179665,6.13259e-05,1.65992,-0.924131,-0.333915,-0.471932,4
0.999053,0.638536,-0.270759,-0.474799,-0.985211,0.43113,-0.525729,1.57228,-0.888872,-0.708359,0.445405,5
0.999053,-0.284253,0.840381,2.04354,-0.644669,-1.01206,-1.22884,0.0929,1.71699,-0.137008,-0.598646,6
0.999053,-0.939809,1.87142,0.516619,-1.17368,-1.07162,-0.801731,1.02351,0.983254,0.481148,-0.18281,7
0.999053,-0.940853,0.715486,0.512572,-0.879929,0.713674,-0.0569893,0.908751,0.267984,-0.443666,-1.44816,8
0.999053,-1.19765,0.505317,1.38664,-0.319724,1.51145,-0.0816598,-0.178355,0.665916,-1.0473,-1.82831,9
0.999053,0.153132,-0.604962,0.283265,-1.0541,0.661043,-0.539606,0.739738,0.244478,-1.22483,-0.118561,10
0.999053,-0.332272,-2.2355,1.38934,1.26861,1.3397,1.38007,-1.41987,-1.7116,-0.0805189,1.17713,0
0.999053,0.122859,-1.42238,1.92753,0.868275,1.59316,-0.13871,-1.52628,-1.48325,-0.484015,-0.114992,1
0.999053,0.344162,-1.03994,0.929372,1.43498,0.857716,-1.74229,-1.37814,-1.08868,0.132527,0.954045,2
0.999053,1.62396,-0.778955,0.528758,-0.744752,0.478221,-1.55418,0.566552,-0.855291,-0.588924,0.545348,3
0.999053,0.237686,0.363194,-0.00404405,-0.954016,-0.679657,0.172755,1.68078,-0.759586,-0.768077,-0.193519,4
0.999053,0.338942,-0.337944,-0.357447,-0.678463,0.713674,-0.268231,1.08611,-0.830105,-1.17319,0.315122,5
0.999053,-0.438747,1.19956,1.79804,-0.926721,-1.073,-1.23346,0.0699477,1.55581,-0.601836,-0.300601,6
0.999053,-1.10161,1.85247,0.625877,-0.869531,-1.02868,-0.983676,1.04646,1.01851,0.553777,-0.252414,7
0.999053,-0.960687,0.706011,0.770206,-0.878629,0.702594,-0.17109,0.725132,0.130303,-0.330687,-1.43032,8
0.999053,-1.33126,0.750801,1.40822,-0.434104,1.42003,0.145001,-0.328588,0.598755,-0.903652,-1.85151,9
0.999053,0.199063,-0.604962,0.304846,-0.81104,0.651348,-0.821775,0.963002,0.167242,-1.35073,-0.0721588,10
0.999053,-0.545223,-2.01068,1.53771,1.01645,1.3771,1.43249,-1.60557,-1.87111,-0.140236,1.40379,0
0.999053,-0.116189,-1.21566,2.01656,0.814984,1.5433,-0.642914,-1.7871,-1.34053,-0.67608,0.17413,1
0.999053,-0.0859164,-0.59721,1.39878,1.14773,0.571017,-2.16786,-1.24877,-0.648769,0.54248,0.730958,2
0.999053,1.63962,-0.732442,0.33587,-0.423706,0.379884,-1.63282,0.856586,-0.890551,-0.551803,0.384725,3
0.999053,0.188624,0.289979,0.184797,-0.790244,-0.676887,-0.209638,1.87483,-0.563139,-1.02793,-0.0436035,4
0.999053,0.170878,-0.492987,-0.00269518,-0.256034,0.673508,-0.0168997,0.8545,-0.729363,-1.4169,0.0438469,5
0.999053,-0.537916,1.66814,0.659599,-1.34265,-0.714283,-0.858781,0.990127,0.39727,-0.732569,-0.416606,6
0.999053,-1.08908,1.83782,0.825509,-0.743452,-1.1935,-1.05923,0.539427,0.842215,0.579601,-0.132839,7
0.999053,-1.00453,0.818848,1.01975,-0.844835,0.701209,-0.295985,0.378761,-0.183676,-0.338757,-1.47137,8
0.999053,-1.38868,1.10482,1.42575,-0.532888,1.47128,0.191258,-0.0990649,0.744831,-0.703517,-1.70159,9
0.999053,0.334767,-0.624773,0.308893,-0.790244,0.665198,-0.78477,0.885798,0.15381,-1.47339,0.11345,10
0.999053,-0.549399,-1.98398,1.58492,0.924166,1.38679,1.41399,-1.71407,-1.98192,-0.125711,1.55728,0
0.999053,-0.392817,-0.957254,1.51343,1.15423,1.44358,-1.5881,-1.71199,-1.13065,-0.616362,0.905858,1
0.999053,-0.131847,-0.693681,1.3084,1.24131,0.884032,-1.92116,-1.37814,-0.858649,0.219682,0.5043,2
0.999053,1.5227,-0.681622,0.415454,-0.486095,0.411739,-1.64361,0.422579,-0.643732,-0.68415,0.490023,3
0.999053,0.234554,0.306345,0.128145,-1.15548,-0.305701,-0.28365,1.76633,-0.380124,-0.800357,-0.268476,4
0.999053,-0.0900919,-0.611853,0.218519,0.244381,0.489301,-0.0708664,0.956742,-0.895588,-1.09249,-0.0418188,5
0.999053,-0.515995,1.31843,0.446478,-0.99041,-0.506529,-0.760099,1.39492,-0.0611067,-0.503383,-1.07516,6
0.999053,-1.09535,1.63885,0.863277,-0.712257,-1.1658,-1.39537,0.230614,1.02859,0.531182,-0.168533,7
0.999053,-0.950248,0.694813,0.656901,-0.57578,0.841096,-0.295985,0.639582,-0.0308841,-0.629274,-1.56952,8
0.999053,-1.43774,1.12893,1.99093,-0.703159,1.15827,0.461092,-0.232606,0.785128,-0.308091,-1.81046,9
0.999053,0.475691,-0.658366,0.573271,-0.613474,0.679049,-1.13016,0.760604,0.0984017,-1.26196,-0.305955,10
0.999053,-0.16212,-1.75572,-0.0701385,0.569326,1.81477,0.610657,2.17321,-2.5125,-1.18771,0.350816,0
0.999053,-0.707024,-0.585151,0.34801,1.50777,1.39372,1.01772,-1.72868,-1.55041,-1.38785,0.286567,1
0.999053,0.523709,-0.829774,-0.756712,1.01645,0.936662,0.416376,-1.00881,-1.01984,-0.730955,0.877303,2
0.999053,0.703256,-0.304351,-0.648802,-0.0779646,0.0280886,-0.898871,0.353722,-1.86943,-0.0676071,0.772006,3
0.999053,0.273178,0.495842,-0.28326,-0.653767,-1.01345,-0.516478,0.937963,0.111834,0.179333,-1.05553,4
0.999053,0.502831,0.202983,-0.551684,-0.63947,-0.344482,-0.155671,0.261913,-0.433853,0.0808796,-0.461224,5
0.999053,-0.232059,0.88431,-0.353401,-0.716157,-0.348637,-0.729261,1.58063,0.0429935,0.25519,-1.5963,6
0.999053,-1.12353,1.39423,0.0445152,0.48484,-0.883255,-1.33523,1.1654,0.105118,1.34302,-0.000770667,7
0.999053,-0.599505,0.830906,-1.54445,0.334066,0.126425,1.22279,0.347462,1.74722,0.216454,-2.16383,8
0.999053,-1.59432,1.28656,-0.950949,0.230083,1.16519,-0.442466,0.910837,-0.699141,0.00663629,-2.34587,9
0.999053,0.161483,-0.0924596,-0.52066,0.584923,0.12504,0.525852,0.326596,0.702855,0.0469859,-1.89077,10
0.999053,-0.10575,-1.56278,-0.33047,0.30937,1.98374,0.939083,1.82476,-2.87181,-1.23452,0.506085,0
0.999053,-0.471108,-0.70574,0.0647482,1.61955,1.46159,1.46487,-0.848145,-1.27505,-1.63156,-0.0436035,1
0.999053,0.49448,-0.830636,-0.569219,1.06064,0.978213,0.52431,-0.720864,-0.984577,-1.07796,0.863026,2
0.999053,0.680291,-0.340528,-0.528753,-0.0181748,-0.142269,-0.750848,0.0616014,-1.84256,-0.0240294,0.450759,3
0.999053,0.297187,0.370085,-0.190188,-0.4575,-1.07439,-0.880368,1.15497,0.142057,0.282628,-0.948448,4
0.999053,0.600956,0.0634446,-0.284608,-0.703159,-0.392958,0.00468705,0.138805,-0.395235,0.281014,-0.51298,5
0.999053,-0.195524,0.960109,-0.59215,-0.669364,-0.223985,-0.450176,1.84354,-0.163528,-0.0546952,-1.67482,6
0.999053,-1.10787,1.18492,0.0917255,0.825382,-1.10624,-1.46013,1.0402,0.150452,1.51249,0.0188611,7
0.999053,-0.766525,0.645716,-0.677129,0.230083,-0.111798,0.865072,-0.263904,1.9806,0.66837,-1.98536,8
0.999053,-1.60894,1.32101,-0.907785,0.228783,1.14442,-0.630579,1.11532,-0.694103,0.161579,-2.49757,9
0.999053,0.174009,-0.18204,-0.563824,0.636914,-0.014847,0.425628,0.326596,0.874116,0.0841076,-1.65162,10
0.999053,-0.188217,-1.63169,0.045864,0.516035,1.88679,0.606031,1.90196,-2.73413,-1.61381,0.647077,0
0.999053,-0.36672,-0.87801,0.111959,1.64164,1.34801,1.68537,-0.263904,-0.727684,-1.98986,0.154498,1
0.999053,0.304494,-0.747085,-0.37768,1.18802,1.03084,0.402499,-0.825193,-1.09204,-1.29746,1.0522,2
0.999053,0.579035,-0.286263,-0.569219,-0.0714657,-0.081328,-0.636747,-0.161662,-1.80227,-0.106343,0.306198,3
0.999053,0.321196,0.447606,-0.307539,-0.554984,-0.964971,-0.838736,1.4909,-0.188714,0.205157,-0.984142,4
0.999053,0.699081,-0.0373333,-0.214467,-0.656367,-0.444204,0.0416928,0.157584,-0.244122,0.335889,-0.753915,5
0.999053,-0.072346,0.869667,-0.482892,-0.942318,0.00454329,-0.349952,1.8185,0.165563,-0.0466252,-1.76763,6
0.999053,-1.06612,1.28656,-0.0107884,0.717501,-1.37909,-1.06231,0.92127,0.236083,1.56413,-0.420176,7
0.999053,-0.634997,0.389896,-0.767503,0.210586,-0.103488,0.931374,-0.36406,2.10821,0.393993,-1.89077,8
0.999053,-1.64652,1.42093,-0.590801,0.059812,0.864641,-0.619786,0.708439,-0.633658,0.760368,-2.84737,9
0.999053,0.125991,-0.235444,-0.505823,0.532932,-0.0702479,0.407125,0.140891,0.751547,0.145439,-1.55168,10
0.999053,-0.446055,-1.61274,0.566527,0.640814,2.01975,0.212845,1.4137,-2.34963,-1.88011,0.59532,0
0.999053,-0.270683,-0.991708,-0.0283237,1.62605,1.32308,1.6977,0.109593,-0.564818,-1.96081,-0.100714,1
0.999053,0.0842359,-0.624773,-0.241445,1.27771,1.0073,0.24985,-1.03594,-1.24315,-1.32167,1.30206,2
0.999053,0.434979,-0.224246,-0.539544,-0.209242,0.158281,-0.871117,-0.0427274,-2.01383,-0.0369413,0.448975,3
0.999053,0.334767,0.598342,-0.447821,-0.881229,-0.714283,-0.531897,1.52012,-0.465754,0.248734,-1.18046,4
0.999053,0.684466,-0.193237,-0.144326,-0.388612,-0.478829,0.0709891,-0.0489871,0.172279,0.209999,-1.01091,5
0.999053,0.0445685,0.859331,-0.551684,-1.11649,0.107035,0.00314514,1.73503,0.0967227,0.151895,-1.45352,6
0.999053,-1.05255,1.36494,0.00270029,0.60182,-1.51067,-0.696881,1.02143,0.314997,1.54799,-0.673604,7
0.999053,-0.637084,0.283089,-0.721641,0.417251,0.0225486,0.578277,-0.119931,1.53398,0.831383,-1.7944,8
0.999053,-1.69245,1.63368,-0.353401,-0.292428,1.04608,-1.08853,0.804422,-0.727684,0.632863,-2.20488,9
0.999053,0.167746,-0.282818,-0.575964,0.54593,-0.146424,0.209761,0.405886,0.558458,0.373011,-1.73015,10
0.999053,-0.64126,-1.50421,0.741879,0.766892,1.97404,0.101827,1.24678,-2.51754,-1.62026,0.240164,0
0.999053,-0.237279,-1.01496,-0.168606,1.53246,1.38125,1.63294,0.190969,-0.365012,-1.99955,-0.250629,1
0.999053,0.0790165,-0.689374,-0.169955,1.08534,1.11533,0.276063,-1.03802,-0.942601,-1.65738,1.39308,2
0.999053,0.330591,-0.249225,-0.464008,-0.0558684,0.0336287,-0.831027,-0.0969783,-1.97857,0.0276181,0.352601,3
0.999053,0.295099,0.593174,-0.426239,-0.822738,-0.866635,-0.345326,1.44917,-0.477508,0.405291,-1.36071,4
0.999053,0.533104,-0.406852,-0.106558,-0.0792644,-0.308471,0.12804,-0.37032,0.738115,-0.23869,-0.912754,5
0.999053,-0.0827847,0.913596,-0.565173,-0.948817,0.101495,0.343907,1.68287,-0.596719,0.242278,-1.18581,6
0.999053,-1.04942,1.25124,0.0984698,0.653811,-1.41372,-0.889619,1.03395,0.365368,1.72715,-0.348788,7
0.999053,-0.725814,0.0565538,-0.362843,0.790288,0.220607,0.519684,-0.501774,1.42148,0.745842,-1.51777,8
0.999053,-1.74255,1.83955,-0.31833,-0.445802,1.02253,-1.17333,0.624976,-0.601756,0.393993,-1.86579,9
0.999053,0.202194,-0.371537,-0.540893,0.596621,-0.164429,0.00777086,0.481003,0.521519,0.55055,-1.82474,10
0.999053,-0.721639,-1.39568,0.671738,0.83838,1.88956,0.182006,1.18418,-2.70055,-1.45886,0.0152917,0
0.999053,-0.247718,-1.05889,-0.192885,1.43238,1.45328,1.34306,0.105419,-0.0611067,-1.97857,-0.657541,1
0.999053,0.224116,-0.825468,-0.393867,1.02165,1.12641,0.413293,-0.702085,-0.838501,-1.91723,1.25031,2
0.999053,0.16879,-0.22683,-0.361494,0.01302,-0.00376684,-0.818692,-0.149143,-1.85264,-0.0353273,0.423989,3
0.999053,0.280485,0.59059,-0.488287,-0.738253,-1.073,-0.21118,1.40327,-0.33479,0.306838,-1.41247,4
0.999053,0.272134,-0.545529,-0.0579987,0.0650111,0.00454329,0.286856,-0.316069,0.939599,-0.438824,-0.927032,5
0.999053,-0.308263,0.786116,0.00135142,-0.682362,-0.0370073,0.280689,1.15079,-0.82171,0.30361,-1.27326,6
0.999053,-0.949204,1.37872,-0.323726,0.197589,-1.49959,-0.191135,1.38658,0.514803,1.58996,-0.579014,7
0.999053,-0.709112,-0.266452,-0.214467,1.18152,0.43944,0.840401,-1.15278,1.24518,0.234208,-0.536182,8
0.999053,-1.7937,1.92224,-0.674431,-0.197544,0.892342,-1.08853,0.860759,-0.722647,0.46178,-2.55825,9
0.999053,0.194887,-0.383596,-0.531451,0.558927,-0.140884,-0.0199835,0.520648,0.461074,0.568303,-1.81224,10
0.999053,-0.0431173,-2.01844,-0.0917204,0.744796,2.65686,0.746345,0.351635,-2.29087,0.0324601,0.0456316,0
0.999053,0.623921,-1.58948,-0.530102,0.269077,2.0793,0.579819,-0.192961,-0.452322,-1.00856,0.711326,1
0.999053,0.998674,-0.925384,-0.179397,0.798087,0.868796,-0.787854,-1.34058,-1.31535,-0.0934308,1.14501,2
0.999053,1.33793,0.412291,-0.303493,-0.491295,0.334178,-1.51872,0.489349,-0.865365,-0.977895,0.588181,3
0.999053,0.708476,0.935991,0.281916,-1.11129,-1.33754,-0.464053,0.174276,0.8674,-1.12638,-0.402329,4
0.999053,0.868189,0.999731,0.206379,-1.22827,-0.354177,-0.360745,0.213921,0.0497096,-1.38462,0.347246,5
0.999053,0.471515,0.507901,1.54985,-0.371715,-1.43588,-1.23809,-0.697912,1.8446,0.171263,-1.10372,6
0.999053,-1.08908,1.33824,0.461315,-2.30319,-0.406808,-0.0708664,1.17166,0.696139,0.376239,-1.21258,7
0.999053,-0.853167,0.477753,0.465362,-1.60131,0.950513,-0.41317,1.75173,1.65487,-1.5896,-0.380912,8
0.999053,-1.87617,0.899814,1.24366,-0.621273,1.11672,-1.4077,0.660448,0.0950436,-1.60089,-0.24349,9
0.999053,0.66672,-0.385318,0.410058,-0.904625,0.432515,-0.501059,-0.130363,0.442604,-1.82524,0.0331387,10
0.999053,-0.275902,-1.92541,0.116005,0.842279,2.74134,0.572109,0.301557,-2.13304,-0.154762,0.300844,0
0.999053,0.529972,-1.58173,-0.322377,0.223584,2.03637,0.709339,-0.347367,-0.391877,-1.06344,0.734527,1
0.999053,1.11037,-0.930552,-0.528753,0.870875,1.06131,-0.693797,-1.0881,-1.62261,-0.219322,1.22532,2
0.999053,1.29514,0.376114,-0.165908,-0.348319,0.318943,-1.66212,0.526907,-0.957712,-0.653484,0.142006,3
0.999053,0.683422,0.939436,0.373639,-1.18278,-1.53145,-0.314488,0.103333,0.808634,-1.02309,-0.584369,4
0.999053,0.849399,1.00059,0.0202356,-0.93322,-0.451129,-0.34841,0.506042,-0.242443,-1.51374,0.793422,5
0.999053,0.478822,0.569056,1.58627,-0.245636,-1.45111,-1.43237,-0.89405,1.76568,0.397221,-1.1287,6
0.999053,-1.22583,1.53204,-0.00674178,-2.04323,-0.110413,-0.115582,1.25304,0.644088,-0.211252,-1.23579,7
0.999053,-0.916844,0.394203,0.874068,-1.6507,0.836941,-0.305236,1.26764,1.77912,-1.51535,-0.330941,8
0.999053,-1.93463,0.702565,1.36236,-0.859132,1.27461,-1.00064,0.741825,0.358652,-1.83815,-0.325587,9
0.999053,0.523709,-0.0881529,0.08633,-0.826638,0.537776,-0.541148,0.0323893,0.10176,-2.08186,0.541779,10
0.999053,-0.437704,-1.82205,0.120052,1.01645,2.73719,0.624534,0.339116,-2.0961,-0.327459,0.5043,0
0.999053,0.28988,-1.52833,-0.0620453,0.252179,2.06822,0.644579,-0.902396,-0.537953,-0.947229,0.786283,1
0.999053,0.923515,-0.915048,-0.472101,0.989155,0.965748,-0.886536,-0.89405,-1.72503,0.00340832,1.1932,2
0.999053,1.23355,0.366639,-0.206374,-0.131256,0.13058,-1.65595,0.39754,-1.06349,-0.474331,0.291921,3
0.999053,0.630185,0.94202,0.222566,-1.16068,-1.66718,-0.272856,0.216008,0.865721,-1.0941,-0.484425,4
0.999053,0.784679,0.67328,0.219868,-0.571881,-0.710128,-0.465595,0.593678,-0.286098,-1.51535,0.813054,5
0.999053,0.407838,0.712902,1.32189,-0.322323,-1.49682,-1.46938,-0.616535,1.78248,0.168035,-1.27148,6
0.999053,-1.27072,1.71034,-0.61643,-1.93665,0.317558,-0.134085,1.65157,0.407344,-0.556645,-1.33216,7
0.999053,-0.981565,0.374392,0.882162,-1.73648,1.00176,0.0740729,0.802335,1.14108,-1.70903,0.079541,8
0.999053,-1.98578,0.330463,1.71846,-1.0385,1.33693,-0.678378,0.606197,0.979896,-1.84622,-0.39519,9
0.999053,0.370259,0.18834,-0.287306,-0.540686,0.523926,-0.732345,0.353722,-0.539632,-2.04958,1.20747,10
0.999053,-0.619339,-1.77037,0.280567,0.972257,2.96433,0.832691,0.443444,-1.91476,-0.375878,0.713111,0
0.999053,0.0153399,-1.42066,0.165913,0.445847,2.04052,0.259102,-1.12566,-0.709215,-0.892354,1.01294,1
0.999053,0.635404,-0.844417,-0.285957,1.09314,0.591792,-0.918916,-0.96082,-1.59239,0.332661,0.896935,2
0.999053,1.20745,0.369223,-0.240096,-0.176748,0.206756,-1.58194,0.17845,-1.15416,-0.61152,0.445405,3
0.999053,0.590517,0.861054,0.16996,-1.01381,-1.77382,-0.548858,0.38502,0.995007,-0.973053,-0.671819,4
0.999053,0.674028,0.461388,0.230659,-0.331422,-0.719823,-0.479472,0.68966,-0.747833,-1.46693,0.921921,5
0.999053,0.255432,0.76286,0.892953,-0.523789,-1.50651,-1.1687,0.0574282,1.61625,-0.592152,-1.20009,6
0.999053,-1.30517,1.74824,-1.04807,-1.79107,0.595947,-0.0754922,1.81015,0.194107,-0.789059,-1.2572,7
0.999053,-0.942941,0.446745,0.226612,-1.6208,1.50314,0.151168,0.47057,0.456036,-1.90755,0.490023,8
0.999053,-1.99726,0.435547,1.91404,-1.16848,1.23306,-0.553484,0.263999,0.72804,-1.69612,-0.384482,9
0.999053,0.247081,0.240021,-0.339912,-0.414608,0.41728,-0.666043,0.259826,-0.75287,-1.88657,1.24852,10
0.999053,-1.12771,-1.52402,0.938814,1.10094,3.07514,0.897452,0.145064,-1.57056,-0.077291,0.770221,0
0.999053,-0.0170204,-1.36209,0.0472129,0.517335,2.05022,-0.0045644,-0.969166,-0.843538,-1.02631,1.38773,1
0.999053,0.681335,-1.0141,-0.443775,1.00605,0.576557,-0.521103,-1.05263,-1.79723,0.387537,1.00937,2
0.999053,1.17509,0.330463,-0.184792,0.0312169,-0.0563976,-1.35065,-0.0406408,-1.09371,-0.779375,0.602459,3
0.999053,0.549806,0.834352,0.138936,-0.981312,-1.74474,-0.803273,0.53734,0.897623,-0.617976,-0.868136,4
0.999053,0.456901,0.317542,-0.0768829,-0.502993,-0.199055,-0.200387,0.272345,-1.38419,-1.27648,1.26637,5
0.999053,0.147913,0.840381,0.406012,-0.726555,-1.31677,-0.826401,0.723045,1.14444,-1.21354,-1.0127,6
0.999053,-1.30308,1.72413,-1.16677,-1.74168,0.771845,0.00777086,1.99794,0.00437567,-0.89881,-1.18403,7
0.999053,-0.907449,0.349412,0.125447,-1.46483,1.69842,0.12033,-0.0635931,0.150452,-1.84622,0.525717,8
0.999053,-2.07868,0.6483,2.03949,-1.12819,1.02669,-0.624411,-0.140796,0.670953,-1.67836,-0.293462,9
0.999053,0.27109,0.221071,-0.615081,-0.415907,0.554397,-0.368455,-0.101151,-0.949317,-1.60412,1.02008,10
0.999053,-1.58701,-1.14503,1.80344,1.22052,2.78013,0.672333,-0.288943,-1.36908,-0.0627651,0.673847,0
0.999053,0.0737971,-1.40602,-0.00539291,0.460144,2.01698,-0.135627,-0.654094,-0.813315,-1.13768,1.41985,1
0.999053,0.746055,-1.25442,-0.481543,0.800687,0.870181,-0.630579,-0.253471,-1.96345,-0.106343,1.45555,2
0.999053,1.13333,0.265,-0.0984647,0.0689105,-0.102103,-1.28126,-0.122017,-0.972823,-0.881056,0.909428,3
0.999053,0.531016,0.864499,0.0890278,-1.08529,-1.73227,-0.77706,0.539427,0.783448,-0.430754,-0.827088,4
0.999053,0.192799,0.228824,-0.629918,-0.438004,0.587637,-0.181884,-0.307722,-1.85768,-0.671238,1.33597,5
0.999053,0.0717093,0.68017,0.178053,-1.10089,-0.959431,-0.462511,0.892058,0.721324,-1.10217,-1.11086,6
0.999053,-1.29055,1.60784,-0.670384,-1.89636,0.595947,-0.271314,2.05637,0.0883275,-0.337143,-0.957372,7
0.999053,-1.07865,0.401093,0.186146,-1.19188,1.87986,0.177381,-0.720864,-0.484224,-1.0134,0.418635,8
0.999053,-2.13401,0.696536,1.71037,-1.11519,1.15827,-0.553484,0.228527,0.793523,-1.8091,-0.391621,9
0.999053,0.432891,0.0367427,-0.364192,-0.608275,0.526696,-0.282108,0.216008,-0.616868,-1.88334,0.652431,10
0.999053,-1.97429,0.431241,2.46708,1.76772,0.180441,-1.6467,-1.20912,-0.494298,0.331047,1.33419,0
0.999053,-1.05881,-0.0769553,1.59706,0.989155,1.54192,-1.68987,-2.38595,-1.45639,-0.613134,1.92671,1
0.999053,-0.612031,-0.781539,0.547643,1.14513,0.828631,-1.71917,-1.12149,-1.37243,-0.19027,2.06056,2
0.999053,-0.341667,-0.455088,-0.214467,-0.367816,-0.0563976,-0.699965,0.455964,0.214255,-0.524365,1.36096,3
0.999053,0.369215,0.509623,-1.07639,-0.921522,-0.506529,-0.144878,2.47159,-1.63772,-0.647028,0.247303,4
0.999053,0.0351736,0.213319,-1.28142,-0.352218,-0.384648,-0.0816598,0.77521,-0.999688,-0.509839,1.65722,5
0.999053,-0.607856,1.10482,-0.4141,-1.26986,-0.383263,-0.579696,1.50968,0.810313,-2.17063,0.379371,6
0.999053,-1.25924,2.50451,-0.464008,-2.41367,0.259387,0.0185642,0.364155,1.20153,-1.39269,-0.348788,7
0.999053,-1.3584,2.05488,0.0377708,-2.2382,1.0073,0.0231899,-0.265991,-0.173602,-1.58153,0.129513,8
0.999053,-1.81145,2.37272,-0.156466,-1.37904,0.312018,-1.36144,1.72043,-0.966107,-1.02954,0.789853,9
0.999053,-1.00035,0.486367,0.379034,-1.0333,0.681819,-0.408544,-1.0109,-1.12729,-0.237076,1.69113,10
0.999053,-2.04319,0.502733,2.51024,1.66244,0.155511,-1.41078,-1.59305,-0.329753,0.529568,0.971892,0
0.999053,-1.28011,0.345967,1.37315,1.13343,0.944973,-2.19099,-2.0521,-1.47486,-0.0143455,2.26402,1
0.999053,-0.829158,-0.566202,0.75267,0.918966,0.830016,-1.93503,-1.15487,-1.2549,0.000180351,2.11053,2
0.999053,-0.508687,-0.442167,-0.169955,-0.360017,0.12504,-0.658333,0.284865,0.227687,-0.503383,1.25209,3
0.999053,0.172966,0.454497,-0.98467,-0.833137,-0.737828,-0.0754922,2.64687,-1.55041,-0.480787,-0.0311106,4
0.999053,-0.261288,0.214181,-0.944204,-0.378214,-0.538385,-0.268231,0.9943,-0.482545,-0.703517,1.51444,5
0.999053,-0.751911,1.23746,-0.392518,-1.57921,-0.21983,-0.393125,1.15079,0.944636,-2.16417,0.656,6
0.999053,-1.36467,2.44077,-0.837644,-2.51375,0.728909,0.715507,0.111679,0.771695,-1.75422,-0.147116,7
0.999053,-1.36154,2.03335,-0.486938,-1.82747,1.43389,-0.0708664,0.0469953,-0.462396,-2.07702,0.109881,8
0.999053,-1.85842,2.49934,0.00539802,-1.92105,0.374344,-1.28589,1.20296,-0.24748,-0.831022,0.623875,9
0.999053,-1.05046,0.485506,0.202333,-0.851334,0.708134,-0.410086,-0.846059,-1.25154,-0.341985,1.91779,10
0.999053,-2.0505,0.393341,2.44415,1.83401,-0.279386,-1.44779,-1.44908,-0.448964,0.720018,0.829116,0
0.999053,-1.2822,0.110819,1.28278,1.55066,0.872952,-2.16169,-1.43865,-1.85432,-0.291951,2.64237,1
0.999053,-0.930414,-0.57137,0.816067,0.794188,1.07239,-1.96125,-1.25294,-1.01144,-0.0514672,2.25152,2
0.999053,-0.484678,-0.465424,-0.36554,-0.513391,0.449135,-0.365371,-0.163749,0.231046,-0.525979,1.5894,3
0.999053,-0.279034,0.451913,-0.832248,-0.840935,-0.56193,-0.342242,2.891,-1.55209,-0.172516,0.1777,4
0.999053,-0.624558,0.202122,-0.683873,-0.287229,-0.478829,-0.269773,0.756431,-0.45568,-0.432368,1.46804,5
0.999053,-0.843773,1.14616,-0.0782317,-1.75728,-0.122879,-0.232767,0.706353,0.875795,-1.67998,0.515009,6
0.999053,-1.38868,2.38133,-1.34617,-2.14721,1.15273,0.618366,0.247306,0.301565,-1.32167,0.0206458,7
0.999053,-1.36571,2.00579,-0.646105,-1.56361,1.36879,-0.215806,0.430925,-0.527879,-1.72356,-0.191734,8
0.999053,-1.92523,2.79134,-0.566522,-2.26159,0.774615,-0.929709,1.09654,-0.442248,-0.924634,1.41271,9
0.999053,-1.0275,0.287395,-0.21177,-0.538087,1.10702,-0.356119,-0.629055,-1.34053,-0.385562,1.46626,10
0.999053,-2.04423,0.294286,2.33489,1.9211,-0.477444,-1.69295,-1.19869,-0.608473,0.908854,0.631014,0
0.999053,-1.19974,-0.281095,1.19915,1.68194,1.23167,-1.85331,-1.35727,-1.7435,-0.650256,2.28008,1
0.999053,-1.02541,-0.522273,0.593504,0.89687,1.07932,-1.63282,-0.871097,-1.27673,-0.122483,1.73218,2
0.999053,-0.432484,-0.471453,-0.68792,-0.436704,0.432515,-0.206554,0.0657745,0.0530677,-0.658326,1.79107,3
0.999053,-0.690322,0.544077,-0.523358,-1.12819,-0.106258,-0.723093,2.409,-0.994651,-0.0111175,0.359739,4
0.999053,-0.681971,-0.0261357,-0.919925,-0.0974613,-0.113184,0.123414,0.585332,-0.994651,-0.330687,1.66436,5
0.999053,-0.816632,1.0807,-0.263027,-1.96395,0.296783,0.28223,0.483089,0.647447,-1.95436,0.450759,6
0.999053,-1.36154,2.34774,-1.94102,-1.72089,1.53499,0.544355,0.462224,-0.126589,-1.23936,0.0438469,7
0.999053,-1.47532,2.05058,-0.411402,-1.78588,1.25383,-0.134085,0.207662,-0.396914,-1.59444,-0.0614506,8
0.999053,-1.9649,2.67936,-0.310237,-1.82227,0.41451,-0.894245,0.491436,-0.831784,0.145439,0.384725,9
0.999053,-0.989916,0.103928,-0.391169,-0.510791,1.45051,-0.394667,-0.562284,-0.907341,-0.422684,0.964754,10
0.999053,-2.06302,0.271891,2.24452,1.78462,-0.229525,-1.62048,-1.79336,-0.68235,1.17678,0.495377,0
0.999053,-1.29055,-0.281095,1.34752,1.26211,1.47128,-1.85177,-1.6786,-1.34221,-0.690606,2.18371,1
0.999053,-1.19974,-0.3991,0.486944,0.987855,0.713674,-1.09932,-0.633228,-1.47821,-0.0417833,1.38416,2
0.999053,-0.475283,-0.537777,-0.706804,-0.16375,-0.017617,-0.0893693,0.528994,-0.074539,-0.722885,1.8339,3
0.999053,-0.713288,0.46914,-0.81876,-1.11779,0.312018,-0.269773,1.86857,-1.35732,-0.112799,0.614952,4
0.999053,-0.830202,-0.00977011,-1.13574,0.00782083,0.303708,-0.0878274,0.551946,-0.950996,-0.540505,2.18371,5
0.999053,-0.759218,1.01179,-0.701408,-1.55451,0.357724,-0.101705,1.1967,0.487938,-2.01246,0.366878,6
0.999053,-1.35945,2.25041,-1.74273,-1.83397,1.15827,0.45955,0.743911,0.267984,-1.03277,-0.00790948,7
0.999053,-1.55987,2.15308,-0.0660919,-2.00944,0.947743,-0.197303,-0.0761125,-0.121552,-1.75422,0.261581,8
0.999053,-1.9555,2.87575,-1.71711,-1.0255,0.925582,-0.630579,-0.0302079,-1.72335,0.147053,0.904074,9
0.999053,-1.04629,0.0548311,-0.233351,-0.649868,1.51699,-0.343784,-0.752163,-0.783092,-0.114413,0.543564,10
0.999053,-2.02336,0.200399,2.142,1.55196,-0.0744029,-1.56806,-2.05836,-0.991293,1.32203,0.465037,0
0.999053,-1.43774,-0.0545603,1.47162,0.982656,1.23721,-2.14011,-1.51585,-1.08532,-0.448508,2.03914,1
0.999053,-1.31456,-0.489541,0.615086,1.02685,0.80093,-1.3599,-0.295203,-1.1105,-0.249987,1.37167,2
0.999053,-0.475283,-0.643723,-0.89025,0.207987,-0.420658,0.260644,0.885798,-0.4221,-0.306477,1.46804,3
0.999053,-0.449186,0.353719,-1.40821,-0.866931,0.12781,0.3547,1.77885,-1.52355,-0.327459,0.882657,4
0.999053,-0.997223,-0.000295273,-1.20319,0.117002,0.580712,-0.357661,0.683401,-0.875439,-0.438824,1.91422,5
0.999053,-0.937722,0.982504,-0.550335,-0.969614,-0.199055,-0.544232,1.74755,0.36201,-1.91078,0.636368,6
0.999053,-1.40538,2.17892,-1.38798,-2.09912,0.836941,0.376287,0.677141,0.462753,-0.537277,0.0509857,7
0.999053,-1.54943,2.16255,-0.505823,-1.76248,1.46159,-0.0600731,-0.66244,-0.54299,-1.73485,0.481099,8
0.999053,-1.94924,2.80598,-1.5984,-1.0528,1.0904,-0.622869,-0.476735,-1.55377,-0.0240294,0.693479,9
0.999053,-1.14232,0.0789488,-0.0458589,-0.93452,1.55161,-0.356119,-1.03385,-0.616868,0.251962,0.723819,10
