0.68149,2.5279,0.45022,-0.56666,-0.56933,1.1429,1.8217,-0.66439,1.0467,0.86357,-0.49353,0.91853,-0.31694,-1.0378,-0.19297,1
0.68149,-0.49308,-0.40351,-0.56666,-0.56933,-1.331,-0.57072,0.0079468,-0.95396,-1.1563,0.74029,0.91853,-0.31694,-1.0378,-0.080111,0
-1.4955,1.7113,0.45022,-0.56666,-0.56933,1.3678,-0.092231,0.23206,1.0467,0.86357,-0.49353,0.91853,-0.31694,-1.0378,-0.19527,1
0.68149,-0.51299,-0.70482,-0.56666,-0.56933,-1.331,-0.57072,-0.58969,1.0467,0.86357,-0.49353,0.91853,-0.31694,-0.40552,-0.19527,1
0.68149,0.78878,-0.78819,-0.56666,-0.56933,1.5927,2.7787,-0.66439,-0.95396,0.86357,-0.49353,0.91853,-0.31694,-0.29055,-0.19508,1
-1.4955,-0.97109,0.96045,-0.56666,-0.56933,1.3678,-0.57072,-0.63899,-0.95396,0.86357,-0.49353,0.91853,-0.31694,-0.463,-0.19527,0
-1.4955,-0.2007,-0.75504,-0.56666,-0.56933,0.4682,-0.57072,-0.36558,-0.95396,-1.1563,-0.082255,-1.0871,-0.31694,-0.077874,-0.099304,1
0.68149,-0.38632,-0.78819,-0.56666,-0.56933,-0.88116,-0.57072,-0.31627,1.0467,0.86357,-0.49353,0.91853,-0.31694,-0.463,-0.19527,1
0.68149,-0.25407,-0.75504,1.6549,1.7014,-1.1061,-0.092231,0.23206,1.0467,0.86357,-0.49353,0.91853,-0.31694,-0.026141,-0.092203,1
0.68149,-0.47953,1.5551,-0.56666,-0.56933,1.3678,-0.57072,0.23206,-0.95396,0.86357,-0.49353,-1.0871,3.2681,-0.92285,-0.19527,0
0.68149,0.33069,-0.45373,-0.56666,-0.56933,-0.20648,-0.57072,0.68029,-0.95396,-1.1563,0.94593,0.91853,-0.31694,-0.17559,0.048486,0
-1.4955,0.10443,-0.84745,-0.56666,-0.56933,-0.88116,-0.57072,-0.65244,-0.95396,0.86357,-0.49353,0.91853,-0.31694,1.4914,1.95,0
0.68149,-0.71217,1.3461,-0.56666,-0.56933,-0.20648,-0.57072,-0.19077,1.0467,0.86357,-0.49353,-1.0871,-0.31694,-0.463,0.037353,1
-1.4955,2.0762,-0.88863,-0.56666,-0.56933,-0.65627,0.38626,-0.36558,-0.95396,0.86357,-0.49353,-1.0871,-0.31694,0.41071,0.22641,1
-1.4955,0.058225,-0.35329,1.6549,1.7014,-0.43137,0.86475,-0.66439,1.0467,0.86357,-0.49353,0.91853,-0.31694,-0.11811,-0.19143,1
-1.4955,-0.65241,-0.49591,-0.56666,-0.56933,0.4682,-0.092231,0.0199,-0.95396,-1.1563,0.94593,-1.0871,-0.31694,-0.23307,0.2623,0
0.68149,-0.16724,2.0572,-0.56666,-0.56933,-1.331,-0.092231,0.9298,-0.95396,-1.1563,1.7685,0.91853,-0.31694,-1.0378,0.24291,0
0.68149,2.0499,1.5048,-0.56666,-0.56933,0.018415,-0.57072,-0.29087,-0.95396,-1.1563,0.32902,-1.0871,-0.31694,0.11181,-0.19527,0
0.68149,0.97441,4.1082,-0.56666,-0.56933,0.4682,-0.092231,-0.60164,-0.95396,-1.1563,-0.28789,0.91853,-0.31694,3.3308,-0.178,1
-0.407,0.098059,-0.6546,-0.56666,-0.56933,-1.331,-0.57072,-0.58969,1.0467,0.86357,-0.49353,-1.0871,-0.31694,1.1005,-0.17186,1
0.68149,0.24385,0.34978,-0.56666,-0.56933,1.3678,-0.57072,-0.62704,-0.95396,0.86357,-0.49353,-1.0871,-0.31694,1.5086,-0.19527,1
0.68149,-0.86433,0.17402,-0.56666,-0.56933,0.6931,-0.57072,-0.15341,-0.95396,0.86357,-0.49353,0.91853,3.2681,-0.34803,-0.19527,0
0.68149,0.67565,-0.10219,-0.56666,-0.56933,-1.331,0.38626,1.2779,-0.95396,-1.1563,2.7967,0.91853,-0.31694,-0.36528,0.036969,0
0.68149,-0.46599,0.24934,-0.56666,-0.56933,-1.331,-0.57072,-0.36558,-0.95396,-1.1563,0.12338,0.91853,-0.31694,-1.0378,-0.19527,0
0.68149,1.3265,-0.89767,-0.56666,-0.56933,-1.331,0.38626,3.8179,-0.95396,-1.1563,3.6192,0.91853,-0.31694,-1.0378,2.6837,0
0.68149,-0.14095,2.0151,-0.56666,-0.56933,1.3678,-0.57072,0.84165,-0.95396,-1.1563,0.53466,-1.0871,-0.31694,-0.072126,-0.19527,0
0.68149,-0.24053,-0.35329,-0.56666,-0.56933,0.6931,-0.57072,-0.44028,1.0467,0.86357,-0.49353,-1.0871,-0.31694,0.68662,-0.18241,1
0.68149,-0.87787,-0.95592,-0.56666,-0.56933,-1.1061,-0.57072,-0.51499,1.0467,0.86357,-0.49353,0.91853,-0.31694,-0.21008,-0.19527,1
0.68149,0.63582,0.048467,-0.56666,-0.56933,-0.88116,-0.57072,0.38147,-0.95396,-1.1563,1.5628,-1.0871,-0.31694,-1.0378,-0.19527,0
0.68149,-0.95754,-0.95592,1.6549,1.7014,1.5927,2.7787,-0.66439,1.0467,-1.1563,0.32902,0.91853,-0.31694,-0.77914,-0.19508,1
0.68149,2.0364,2.7603,-0.56666,-0.56933,-1.1061,0.38626,3.8179,-0.95396,-1.1563,3.0023,-1.0871,-0.31694,-1.0378,-0.19527,0
-1.4955,1.3066,-0.35329,-0.56666,-0.56933,0.91799,-0.57072,3.4817,-0.95396,-1.1563,-0.082255,-1.0871,-0.31694,1.9455,0.13179,0
0.68149,0.0048471,-0.33621,-0.56666,-0.56933,-1.331,-0.57072,0.082652,1.0467,-1.1563,-0.082255,-1.0871,-0.31694,-0.11811,-0.1874,1
0.68149,1.446,-0.49591,-0.56666,-0.56933,1.5927,2.7787,-0.57774,1.0467,0.86357,-0.49353,0.91853,-0.31694,0.11181,-0.1947,1
0.68149,2.1033,0.75154,-0.56666,-0.56933,1.1429,-0.092231,1.4273,-0.95396,-1.1563,0.12338,0.91853,-0.31694,-1.0378,-0.19527,0
0.68149,-0.705,1.4797,-0.56666,-0.56933,-1.331,-0.57072,0.33216,1.0467,-1.1563,-0.082255,-1.0871,-0.31694,-0.003149,-0.16207,1
0.68149,0.3036,-0.45373,1.6549,1.7014,0.6931,-0.57072,0.23206,1.0467,0.86357,-0.49353,0.91853,3.2681,0.11181,-0.19527,1
-1.4955,-0.66516,0.45022,-0.56666,-0.56933,-1.331,-0.57072,-0.61509,1.0467,0.86357,-0.49353,0.91853,-0.31694,-0.11811,-0.19527,1
-1.4955,-0.97109,0.95242,-0.56666,-0.56933,0.6931,-0.57072,-0.17882,-0.95396,-1.1563,0.74029,-1.0871,-0.31694,-0.80788,-0.080111,0
0.68149,-0.67233,-0.6546,1.6549,1.7014,1.3678,-0.57072,-0.50303,1.0467,0.86357,-0.49353,-1.0871,-0.31694,-0.34803,-0.18241,1
0.68149,1.0541,-0.85548,-0.56666,-0.56933,0.018415,-0.57072,2.5479,-0.95396,0.86357,-0.49353,0.91853,3.2681,1.2614,-0.19527,1
0.68149,0.8812,-0.74701,-0.56666,-0.56933,0.6931,-0.57072,0.8297,-0.95396,-1.1563,0.74029,-1.0871,-0.31694,1.8362,1.7241,0
-1.4955,-0.64524,-0.70482,-0.56666,-0.56933,0.4682,-0.57072,-0.58969,1.0467,0.86357,-0.49353,-1.0871,-0.31694,-0.34803,-0.039996,1
0.68149,-0.34012,-0.55417,-0.56666,-0.56933,-1.1061,-0.57072,-0.44028,1.0467,0.86357,-0.49353,-1.0871,-0.31694,-0.57796,-0.19527,1
-1.4955,1.0477,0.38293,-0.56666,-0.56933,0.4682,-0.57072,1.5394,-0.95396,-1.1563,0.12338,-1.0871,-0.31694,-1.0378,-0.19527,0
-1.4955,-1.1233,-0.85548,-0.56666,-0.56933,-0.65627,-0.57072,-0.61509,1.0467,-1.1563,0.74029,-1.0871,-0.31694,0.34174,-0.18855,1
0.68149,3.0394,0.85198,-0.56666,-0.56933,1.5927,2.7787,0.53088,1.0467,-1.1563,-0.28789,0.91853,-0.31694,-0.63544,-0.19412,1
0.68149,0.27731,-0.14438,1.6549,1.7014,-0.65627,0.38626,1.8756,-0.95396,-1.1563,0.94593,-1.0871,-0.31694,0.083073,-0.19527,0
0.68149,-0.22061,0.073576,-0.56666,-0.56933,0.91799,-0.57072,0.75499,-0.95396,-1.1563,-0.082255,0.91853,-0.31694,1.3764,-0.19393,0
-1.4955,-0.91134,-0.82234,1.6549,1.7014,-1.331,-0.57072,-0.36558,1.0467,-1.1563,-0.28789,0.91853,-0.31694,10.458,-0.19489,1
0.68149,1.658,-0.35329,1.6549,1.7014,1.5927,2.7787,-0.21617,1.0467,0.86357,-0.49353,0.91853,-0.31694,-0.003149,-0.1945,1
0.68149,0.64219,0.24934,-0.56666,-0.56933,0.018415,-0.57072,-0.27892,-0.95396,-1.1563,0.53466,-1.0871,-0.31694,-0.41701,0.015281,0
0.68149,-0.76475,-0.80526,1.6549,1.7014,0.24331,1.3432,-0.44028,1.0467,0.86357,-0.49353,-1.0871,-0.31694,-0.27906,-0.19489,1
0.68149,0.13152,0.14891,-0.56666,-0.56933,0.4682,-0.092231,0.97911,-0.95396,-1.1563,1.9741,-1.0871,-0.31694,1.3074,-0.0033369,0
0.68149,-0.22699,-0.93081,1.6549,1.7014,-0.20648,-0.57072,-0.63899,1.0467,0.86357,-0.49353,0.91853,-0.31694,0.20378,0.20779,1
0.68149,-0.90417,1.0529,1.6549,1.7014,-0.20648,-0.092231,-0.41488,-0.95396,0.86357,-0.49353,-1.0871,-0.31694,-0.23307,-0.19527,1
0.68149,0.8087,-0.68775,-0.56666,-0.56933,-1.1061,-0.57072,-0.61509,1.0467,0.86357,-0.49353,0.91853,-0.31694,-0.072126,-0.19527,1
-1.4955,-0.81812,0.96045,-0.56666,-0.56933,-0.65627,-0.57072,-0.65244,1.0467,0.86357,-0.49353,0.91853,-0.31694,0.11181,-0.0033369,1
-1.4955,-0.59266,-0.78919,-0.56666,-0.56933,0.4682,-0.57072,-0.54039,1.0467,-1.1563,-0.28789,-1.0871,-0.31694,0.11181,-0.19316,1
-1.4955,-0.51299,-0.82133,-0.56666,-0.56933,1.3678,-0.092231,-0.14146,-0.95396,0.86357,-0.49353,0.91853,-0.31694,1.2614,-0.19527,1
0.68149,-0.18078,-0.7219,-0.56666,-0.56933,-0.20648,-0.57072,-0.51499,-0.95396,0.86357,-0.49353,0.91853,3.2681,0.57166,-0.19527,1
-1.4955,-1.0237,1.0529,1.6549,1.7014,0.4682,-0.092231,-0.61509,1.0467,0.86357,-0.49353,0.91853,-0.31694,0.91655,-0.19527,1
-1.4955,2.1758,1.0529,-0.56666,-0.56933,0.4682,-0.57072,0.53088,-0.95396,-1.1563,2.3854,0.91853,-0.31694,-1.0378,0.11221,0
-1.4955,-0.8245,-0.58731,-0.56666,-0.56933,0.4682,-0.57072,-0.041358,-0.95396,-1.1563,0.53466,0.91853,-0.31694,0.22678,0.28514,0
0.68149,-0.991,1.1111,-0.56666,-0.56933,1.5927,2.7787,-0.54039,1.0467,0.86357,-0.49353,0.91853,-0.31694,-0.57796,-0.19527,1
0.68149,-0.32657,-0.50395,-0.56666,-0.56933,-0.65627,0.38626,-0.51499,1.0467,0.86357,-0.49353,-1.0871,-0.31694,2.641,0.57247,1
0.68149,-0.66516,-0.92278,-0.56666,-0.56933,-1.331,0.86475,0.0079468,1.0467,0.86357,-0.49353,-1.0871,3.2681,-1.0378,-0.19527,0
0.68149,-2.4712,-0.15241,-0.56666,-0.56933,0.91799,-0.57072,0.8297,-0.95396,-1.1563,0.12338,-1.0871,-0.31694,0.62914,0.24215,0
0.68149,-0.1274,-0.70482,-0.56666,-0.56933,0.6931,-0.57072,-0.14146,1.0467,0.86357,-0.49353,0.91853,-0.31694,0.11181,-0.19527,1
0.68149,-0.25407,-0.64657,-0.56666,-0.56933,0.6931,-0.57072,0.45617,-0.95396,-1.1563,0.53466,-1.0871,-0.31694,-0.463,-0.1947,0
0.68149,0.94095,-0.70482,-0.56666,-0.56933,0.018415,-0.57072,3.4817,1.0467,-1.1563,-0.28789,-1.0871,-0.31694,0.98552,-0.17378,1
0.68149,-1.0109,-0.71286,1.6549,1.7014,1.1429,2.3002,-0.66439,1.0467,0.86357,-0.49353,0.91853,-0.31694,-0.463,-0.19527,1
-1.4955,-0.43333,-0.95592,2.7657,1.7014,0.13086,1.3432,-0.66439,1.0467,0.86357,-0.49353,0.91853,1.4756,-1.0378,-0.19527,0
0.68149,0.91466,0.031392,1.6549,1.7014,0.6931,-0.57072,0.28137,-0.95396,0.86357,-0.49353,-1.0871,-0.31694,-0.73891,0.081498,0
0.68149,-0.87787,0.45022,-0.56666,-0.56933,-1.331,-0.57072,-0.51499,1.0467,0.86357,-0.49353,0.91853,-0.31694,-1.0378,-0.19527,1
-1.4955,2.6339,-0.92278,-0.56666,-0.56933,1.5927,2.7787,-0.66439,-0.95396,-1.1563,-0.28789,0.91853,-0.31694,0.29575,-0.17608,0
0.68149,0.96086,-0.88059,1.6549,1.7014,-1.331,-0.57072,-0.55234,-0.95396,-1.1563,1.1516,-1.0871,-0.31694,0.68662,-0.16418,0
0.68149,-1.1105,-0.29503,-0.56666,-0.56933,-0.65627,-0.57072,-0.56429,1.0467,0.86357,-0.49353,-1.0871,-0.31694,-0.23307,-0.19489,1
0.68149,0.64936,-0.61242,-0.56666,-0.56933,0.91799,-0.57072,-0.62704,-0.95396,-1.1563,0.53466,-1.0871,-0.31694,1.7213,-0.19527,0
0.68149,-0.55283,0.85198,-0.56666,-0.56933,1.3678,-0.57072,-0.58969,1.0467,0.86357,-0.49353,-1.0871,-0.31694,-1.0378,-0.19527,1
0.68149,-0.45324,-0.83941,-0.56666,-0.56933,-1.331,-0.57072,-0.57774,-0.95396,-1.1563,0.94593,-1.0871,-0.31694,-0.48599,0.7882,0
-1.4955,-0.55283,-0.85548,-0.56666,-0.56933,0.4682,-0.092231,-0.29087,-0.95396,-1.1563,-0.28789,0.91853,-0.31694,-1.0378,-0.06514,0
-1.4955,-1.0508,1.2537,-0.56666,-0.56933,0.91799,-0.092231,-0.36558,-0.95396,-1.1563,1.7685,0.91853,-0.31694,-1.0378,0.38053,0
-1.4955,-0.59266,-0.83841,1.6549,1.7014,1.5927,2.7787,-0.62704,1.0467,0.86357,-0.49353,0.91853,-0.31694,-0.34803,-0.17857,1
-1.4955,2.3821,0.048467,-0.56666,-0.56933,1.3678,-0.57072,0.53088,-0.95396,-1.1563,0.32902,0.91853,-0.31694,-1.0378,-0.17627,0
-1.4955,-0.41978,-0.85548,-0.56666,-0.56933,-1.331,-0.092231,-0.40293,-0.95396,0.86357,-0.49353,-1.0871,-0.31694,1.7845,-0.19527,0
-1.4955,1.4325,-0.6546,-0.56666,-0.56933,-0.43137,0.86475,-0.66439,-0.95396,0.86357,-0.49353,-1.0871,-0.31694,-0.463,-0.19009,1
0.68149,-0.26682,-0.80526,-0.56666,-0.56933,0.4682,-0.092231,-0.61509,1.0467,0.86357,-0.49353,-1.0871,-0.31694,0.22678,-0.1471,1
0.68149,1.705,-0.6546,-0.56666,-0.56933,-1.1061,-0.57072,0.45617,1.0467,0.86357,-0.49353,-1.0871,-0.31694,-1.0378,-0.12809,1
0.68149,0.53623,0.45022,-0.56666,-0.56933,0.4682,-0.092231,2.772,-0.95396,-1.1563,0.94593,-1.0871,-0.31694,0.68662,-0.19431,1
0.68149,1.3791,1.4546,-0.56666,-0.56933,0.018415,-0.57072,4.1167,-0.95396,0.86357,-0.49353,0.91853,3.2681,-0.40552,-0.19527,0
-1.4955,2.2029,-0.060007,-0.56666,-0.56933,0.4682,-0.092231,0.24401,-0.95396,-1.1563,0.74029,0.91853,-0.31694,-0.79064,-0.087788,0
0.68149,0.45019,-0.30307,-0.56666,-0.56933,0.4682,-0.092231,2.025,-0.95396,0.86357,-0.49353,-1.0871,-0.31694,-0.4515,-0.072625,0
0.68149,0.33706,2.3586,1.6549,1.7014,-1.331,-0.57072,0.53088,-0.95396,0.86357,-0.49353,0.91853,-0.31694,-0.57796,-0.19527,1
0.68149,-0.65879,1.2537,-0.56666,-0.56933,0.4682,-0.57072,0.082652,-0.95396,-1.1563,0.94593,-1.0871,-0.31694,-0.463,-0.039996,0
0.68149,-0.97109,-0.24481,1.6549,1.7014,1.5927,2.7787,-0.66439,1.0467,0.86357,-0.49353,-1.0871,-0.31694,-0.003149,-0.19508,1
0.68149,-0.69225,1.2537,-0.56666,-0.56933,0.6931,-0.57072,-0.066758,-0.95396,-1.1563,-0.28789,0.91853,-0.31694,-0.57796,-0.14191,0
0.68149,-0.54566,-0.78015,-0.56666,-0.56933,0.4682,-0.57072,0.71764,-0.95396,-1.1563,-0.082255,-1.0871,-0.31694,1.9512,0.1886,0
-1.4955,-1.0707,0.85198,-0.56666,-0.56933,1.3678,-0.57072,-0.25352,-0.95396,0.86357,-0.49353,-1.0871,-0.31694,-1.0378,-0.19527,0
-1.4955,-0.63887,-0.58731,-0.56666,-0.56933,-0.43137,0.86475,-0.66439,1.0467,-1.1563,-0.28789,0.91853,-0.31694,0.11181,-0.1851,1
-1.4955,-0.944,-0.83841,1.6549,1.7014,1.3678,-0.57072,-0.48959,-0.95396,0.86357,-0.49353,-1.0871,-0.31694,-0.11811,-0.19527,1
0.68149,1.1003,0.45022,1.6549,1.7014,-1.331,-0.57072,-0.17882,1.0467,0.86357,-0.49353,0.91853,-0.31694,-0.11811,-0.19489,1
0.68149,-0.944,0.95242,-0.56666,-0.56933,0.6931,-0.57072,-0.21617,-0.95396,0.86357,-0.49353,0.91853,-0.31694,-0.34803,0.22814,0
0.68149,-0.10748,-0.80526,1.6549,1.7014,-1.331,-0.57072,-0.65244,1.0467,0.86357,-0.49353,0.91853,-0.31694,0.34174,-0.19527,1
0.68149,-1.0237,-0.46176,-0.56666,-0.56933,-1.331,1.3432,-0.37753,1.0467,-1.1563,-0.082255,-1.0871,-0.31694,-0.11811,-0.082606,1
0.68149,-0.12103,-0.83941,-0.56666,-0.56933,0.6931,-0.57072,-0.57774,1.0467,-1.1563,-0.28789,0.91853,-0.31694,0.91655,0.34272,1
-0.407,1.1401,-0.75504,-0.56666,-0.56933,0.4682,-0.57072,-0.62704,1.0467,0.86357,-0.49353,-1.0871,-0.31694,0.47394,-0.19527,1
-1.4955,2.03,2.2581,-0.56666,-0.56933,-0.43137,2.7787,-0.66439,-0.95396,-1.1563,2.591,0.91853,-0.31694,-1.0378,-0.14786,0
0.68149,-0.8245,-0.78819,1.6549,1.7014,-1.331,-0.57072,-0.066758,1.0467,0.86357,-0.49353,-1.0871,3.2681,0.34174,-0.19527,1
-1.4955,1.18,1.1533,-0.56666,-0.56933,0.4682,-0.57072,0.8297,-0.95396,-1.1563,0.94593,-1.0871,-0.31694,-1.0378,-0.19527,0
0.68149,-0.51299,1.7559,1.6549,1.7014,1.5927,2.7787,-0.66439,1.0467,0.86357,-0.49353,0.91853,-0.31694,-1.0378,-0.19527,1
0.68149,0.70911,0.048467,-0.56666,-0.56933,-0.65627,0.38626,-0.60164,1.0467,0.86357,-0.49353,0.91853,-0.31694,2.1237,-0.19527,1
0.68149,0.66211,0.22423,-0.56666,-0.56933,-0.88116,-0.092231,2.3238,-0.95396,-1.1563,2.3854,-1.0871,-0.31694,1.2557,-0.19527,0
-1.4955,-0.77829,-0.48687,-0.56666,-0.56933,-0.65627,0.38626,-0.51499,-0.95396,-1.1563,0.32902,0.91853,3.2681,-0.57796,-0.19527,0
0.68149,-0.752,-0.79723,1.6549,1.7014,-0.88116,-0.57072,-0.46568,1.0467,0.86357,-0.49353,0.91853,-0.31694,-0.11811,-0.19527,1
-1.4955,-0.51937,-0.60438,1.6549,1.7014,-1.331,-0.57072,-0.61509,1.0467,0.86357,-0.49353,0.91853,-0.31694,-0.27906,-0.19527,1
0.68149,0.17135,-0.32014,1.6549,1.7014,0.91799,-0.57072,0.28137,-0.95396,-1.1563,0.12338,-1.0871,-0.31694,1.1465,-0.19527,0
-1.4955,2.116,-0.55417,-0.56666,-0.56933,1.5927,2.7787,1.2779,1.0467,-1.1563,-0.28789,0.91853,-0.31694,-1.0378,-0.19335,1
0.68149,0.82861,0.048467,-0.56666,-0.56933,0.4682,-0.092231,0.8297,-0.95396,-1.1563,0.74029,-1.0871,-0.31694,1.6638,-0.19527,0
-0.407,-0.22699,-0.83841,-0.56666,-0.56933,1.3678,-0.57072,-0.65244,1.0467,0.86357,-0.49353,0.91853,-0.31694,0.4567,-0.0025691,1
-0.407,-0.51937,1.6053,-0.56666,-0.56933,-1.331,0.38626,0.75499,-0.95396,-1.1563,-0.082255,0.91853,-0.31694,-0.6182,-0.11005,0
-1.4955,-0.51937,-0.4708,1.6549,1.7014,-1.331,-0.57072,-0.66439,1.0467,0.86357,-0.49353,0.91853,-0.31694,-0.34803,-0.19527,1
0.68149,0.17135,-0.74701,-0.56666,-0.56933,0.24331,-0.092231,1.2779,-0.95396,0.86357,-0.49353,-1.0871,-0.31694,-0.095119,5.8094,0
-1.4955,0.6159,-0.6546,-0.56666,-0.56933,1.5927,2.7787,-0.66439,1.0467,0.86357,-0.49353,0.91853,-0.31694,-0.60095,-0.19527,1
0.68149,1.399,-0.91474,1.6549,1.7014,-0.20648,-0.57072,-0.58969,-0.95396,-1.1563,1.7685,0.91853,-0.31694,1.1465,0.32909,0
0.68149,0.084515,-0.15241,1.6549,1.7014,-0.88116,-0.57072,-0.21617,1.0467,0.86357,-0.49353,-1.0871,-0.31694,-0.34803,-0.19527,1
-1.4955,2.3551,2.3586,-0.56666,-0.56933,0.4682,-0.57072,2.6226,-0.95396,0.86357,-0.49353,-1.0871,-0.31694,-0.9171,1.8317,0
0.68149,1.3265,-0.45373,-0.56666,-0.56933,0.018415,0.38626,0.082652,-0.95396,-1.1563,1.9741,-1.0871,-0.31694,1.3189,0.28648,0
0.68149,-0.61895,-0.6546,-0.56666,-0.56933,0.4682,-0.57072,0.045299,-0.95396,-1.1563,0.12338,-1.0871,-0.31694,-1.0378,-0.083566,0
0.68149,0.40319,-0.44569,-0.56666,-0.56933,1.5927,2.7787,-0.66439,1.0467,0.86357,-0.49353,0.91853,-0.31694,-1.0378,-0.0033369,1
0.68149,1.3592,0.25738,-0.56666,-0.56933,-0.20648,-0.57072,-0.65244,1.0467,0.86357,-0.49353,0.91853,-0.31694,-1.0378,0.32103,0
0.68149,1.1138,0.75154,-0.56666,-0.56933,-0.88116,-0.092231,3.5191,-0.95396,-1.1563,-0.28789,-1.0871,-0.31694,-0.53197,0.1886,0
-1.4955,0.58244,-0.069046,-0.56666,-0.56933,-1.331,-0.57072,-0.62704,1.0467,0.86357,-0.49353,0.91853,-0.31694,-0.11811,-0.19527,1
0.68149,0.051851,-0.78919,-0.56666,-0.56933,0.91799,-0.57072,-0.26547,-0.95396,-1.1563,1.1516,-1.0871,-0.31694,0.70387,0.43619,0
0.68149,0.0048471,-0.6546,1.6549,1.7014,0.6931,-0.57072,-0.65244,1.0467,0.86357,-0.49353,0.91853,3.2681,-0.11811,-0.19527,1
0.68149,2.7407,1.2537,-0.56666,-0.56933,1.1429,1.8217,5.312,-0.95396,-1.1563,0.94593,-1.0871,-0.31694,-0.91135,-0.19527,0
0.68149,-0.93125,1.2367,-0.56666,-0.56933,-1.331,0.38626,-0.48959,1.0467,-1.1563,-0.082255,-1.0871,-0.31694,0.11181,-0.19393,1
0.68149,-0.53291,0.37489,1.6549,1.7014,-1.1061,-0.57072,0.97911,-0.95396,0.86357,-0.49353,-1.0871,3.2681,-0.463,-0.19527,0
0.68149,-1.0237,1.1031,-0.56666,-0.56933,-1.331,-0.092231,-0.34018,1.0467,0.86357,-0.49353,0.91853,-0.31694,0.80159,-0.19278,1
-1.4955,-0.74483,1.3542,1.6549,1.7014,-0.43137,0.86475,-0.66439,-0.95396,-1.1563,1.7685,-1.0871,-0.31694,-1.0378,-0.19527,0
0.68149,1.399,0.34978,-0.56666,-0.56933,0.4682,-0.092231,1.1285,-0.95396,0.86357,-0.49353,-1.0871,-0.31694,0.97403,-0.19527,0
-1.4955,0.21756,-0.80526,-0.56666,-0.56933,-0.20648,0.38626,-0.36558,-0.95396,-1.1563,0.12338,-1.0871,-0.31694,0.18079,-0.19527,1
0.68149,-1.0771,3.4634,3.8764,3.9721,1.5927,3.2572,-0.66439,1.0467,0.86357,-0.49353,-1.0871,1.4756,1.5488,18.998,0
-0.407,-0.10111,-0.82234,-0.56666,-0.56933,0.6931,-0.57072,-0.58969,1.0467,0.86357,-0.49353,-1.0871,-0.31694,0.68662,-0.19527,1
-1.4955,-0.18715,-0.74701,-0.56666,-0.56933,-1.331,-0.57072,0.082652,-0.95396,-1.1563,0.53466,-1.0871,-0.31694,0.68662,0.079195,0
0.68149,0.13789,-0.48687,-0.56666,-0.56933,-1.1061,-0.092231,1.0538,1.0467,0.86357,-0.49353,-1.0871,-0.31694,0.64064,-0.19527,1
-1.4955,-0.30666,-0.70482,-0.56666,-0.56933,1.5927,2.7787,-0.66439,1.0467,-1.1563,-0.28789,0.91853,-0.31694,-0.50898,-0.13769,1
0.68149,-0.61895,-0.75504,-0.56666,-0.56933,-1.331,-0.57072,-0.41488,-0.95396,0.86357,-0.49353,0.91853,3.2681,0.68662,-0.19527,0
0.68149,-0.3202,-0.6546,1.6549,1.7014,0.6931,-0.57072,-0.55234,-0.95396,0.86357,-0.49353,-1.0871,-0.31694,0.4567,0.0091389,0
0.68149,0.10443,-0.45373,-0.56666,-0.56933,-1.331,-0.57072,-0.29087,1.0467,0.86357,-0.49353,-1.0871,-0.31694,0.57166,-0.19527,1
0.68149,-2.4712,-0.15241,1.6549,1.7014,-0.65627,-0.57072,-0.63899,1.0467,0.86357,-0.49353,-1.0871,-0.31694,1.3247,-0.19527,1
0.68149,0.33069,4.0911,-0.56666,-0.56933,0.91799,-0.092231,-0.17882,-0.95396,-1.1563,-0.28789,-1.0871,-0.31694,1.9225,-0.099304,0
-1.4955,-0.65879,0.28249,-0.56666,-0.56933,1.3678,-0.57072,-0.61509,1.0467,0.86357,-0.49353,0.91853,-0.31694,0.22678,-0.0033369,1
0.68149,0.21756,-0.40351,-0.56666,-0.56933,-0.65627,0.38626,-0.66439,1.0467,0.86357,-0.49353,0.91853,-0.31694,-0.003149,-0.19527,1
0.68149,-0.63887,-0.83037,1.6549,1.7014,1.3678,-0.57072,-0.62704,-0.95396,0.86357,-0.49353,0.91853,-0.31694,-0.003149,-0.19508,1
0.68149,-0.71854,-0.79723,-0.56666,-0.56933,0.6931,-0.57072,-0.57774,1.0467,-1.1563,-0.28789,0.91853,-0.31694,1.3764,-0.14095,1
0.68149,-0.79183,1.0699,1.6549,1.7014,1.1429,-0.092231,-0.29087,1.0467,0.86357,-0.49353,0.91853,-0.31694,0.4567,-0.19527,1
-1.4955,-2.4712,-0.25285,-0.56666,-0.56933,-1.1061,-0.57072,0.23206,-0.95396,0.86357,-0.49353,-1.0871,-0.31694,0.68662,-0.19527,1
0.68149,-0.34649,-0.10219,-0.56666,-0.56933,-0.88116,-0.57072,0.61754,-0.95396,-1.1563,-0.28789,-1.0871,-0.31694,-0.34803,-0.19527,0
0.68149,-0.14095,1.6555,-0.56666,-0.56933,-1.1061,-0.092231,-0.51499,1.0467,0.86357,-0.49353,0.91853,-0.31694,0.27276,-0.19527,1
-1.4955,-0.91134,-0.82234,-0.56666,-0.56933,0.6931,-0.57072,-0.16686,1.0467,0.86357,-0.49353,0.91853,-0.31694,0.22678,-0.19431,1
0.68149,1.0541,1.2537,1.6549,1.7014,-1.1061,-0.57072,-0.21617,-0.95396,0.86357,-0.49353,0.91853,3.2681,-1.0378,-0.19527,1
0.68149,-0.91771,-0.89767,-0.56666,-0.56933,-0.20648,-0.57072,-0.57774,1.0467,0.86357,-0.49353,0.91853,-0.31694,0.57166,-0.12541,1
0.68149,0.098059,-0.92278,1.6549,1.7014,-1.331,-0.092231,0.30677,-0.95396,-1.1563,-0.28789,-1.0871,-0.31694,1.4454,1.3402,0
0.68149,0.93457,-0.13534,-0.56666,-0.56933,1.3678,-0.57072,-0.65244,1.0467,0.86357,-0.49353,0.91853,-0.31694,-0.41701,-0.17608,1
0.68149,0.76169,-0.29503,-0.56666,-0.56933,0.018415,-0.57072,0.38147,1.0467,0.86357,-0.49353,-1.0871,3.2681,1.2614,-0.19527,1
0.68149,-0.59904,-0.40351,-0.56666,-0.56933,1.5927,2.7787,0.68029,1.0467,0.86357,-0.49353,0.91853,-0.31694,-0.11811,-0.19047,1
-1.4955,2.7207,1.8564,-0.56666,-0.56933,1.5927,2.7787,-0.66439,-0.95396,-1.1563,1.7685,-1.0871,-0.31694,-1.0378,0.073437,0
-1.4955,0.35061,1.4546,-0.56666,-0.56933,0.4682,-0.092231,3.5191,-0.95396,-1.1563,1.1516,0.91853,-0.31694,-1.0378,1.0696,0
-1.4955,0.33069,-0.20263,-0.56666,-0.56933,1.5927,2.7787,-0.66439,1.0467,-1.1563,0.74029,0.91853,-0.31694,-1.0378,-0.15688,1
-1.4955,0.57607,0.24934,-0.56666,-0.56933,-0.20648,-0.57072,-0.36558,-0.95396,0.86357,-0.49353,-1.0871,-0.31694,-1.0378,-0.19527,0
0.68149,0.29723,-0.45373,-0.56666,-0.56933,-0.88116,0.38626,-0.51499,1.0467,0.86357,-0.49353,0.91853,-0.31694,0.96253,-0.19527,1
-1.4955,-0.19432,-0.24481,-0.56666,-0.56933,-0.65627,0.38626,-0.51499,-0.95396,0.86357,-0.49353,-1.0871,-0.31694,-0.054882,-0.19527,1
-1.4955,-0.29391,-0.62146,-0.56666,-0.56933,1.5927,2.7787,-0.66439,1.0467,0.86357,-0.49353,0.91853,-0.31694,0.91655,-0.19508,1
-1.4955,1.1138,-0.034897,-0.56666,-0.56933,-0.20648,-0.092231,-0.36558,1.0467,0.86357,-0.49353,-1.0871,3.2681,0.34174,-0.19527,1
0.68149,-0.094738,-0.54613,1.6549,1.7014,0.91799,-0.092231,-0.65244,1.0467,0.86357,-0.49353,0.91853,-0.31694,-0.30205,-0.19508,1
-1.4955,3.0657,0.24934,-0.56666,-0.56933,1.5927,2.7787,-0.66439,1.0467,0.86357,-0.49353,0.91853,3.2681,-1.0378,-0.19527,1
0.68149,-0.79821,-0.35329,1.6549,1.7014,-1.1061,-0.57072,-0.34018,-0.95396,-1.1563,1.1516,-1.0871,-0.31694,-0.11811,-0.19508,0
-0.407,-0.12103,-0.55417,1.6549,1.7014,1.1429,-0.092231,-0.066758,1.0467,0.86357,-0.49353,0.91853,-0.31694,0.43371,-0.19201,1
-1.4955,-0.32657,1.7559,-0.56666,-0.56933,0.4682,-0.092231,0.8297,-0.95396,-1.1563,-0.082255,0.91853,-0.31694,-1.0378,0.7644,0
0.68149,0.078142,-0.60438,1.6549,1.7014,1.1429,-0.092231,-0.65244,-0.95396,0.86357,-0.49353,-1.0871,-0.31694,1.2212,-0.19527,0
-1.4955,-0.81175,-0.85548,1.6549,1.7014,1.1429,2.3002,-0.36558,1.0467,0.86357,-0.49353,0.91853,-0.31694,0.4567,-0.19527,1
0.68149,-0.62533,1.2788,-0.56666,-0.56933,0.91799,-0.092231,-0.52694,-0.95396,-1.1563,-0.28789,0.91853,-0.31694,-0.463,-0.19527,0
-1.4955,0.17773,-0.45373,1.6549,1.7014,-1.331,-0.57072,0.082652,1.0467,0.86357,-0.49353,-1.0871,-0.31694,-1.0378,-0.19489,1
0.68149,-0.28674,1.5551,-0.56666,-0.56933,1.3678,0.38626,-0.58969,1.0467,0.86357,-0.49353,-1.0871,-0.31694,3.1008,-0.19527,1
0.68149,0.84136,-0.60438,-0.56666,-0.56933,-0.20648,-0.57072,-0.60164,-0.95396,0.86357,-0.49353,0.91853,-0.31694,-0.11811,-0.19527,1
0.68149,0.24385,-0.93985,1.6549,1.7014,0.018415,0.38626,-0.65244,-0.95396,-1.1563,-0.28789,-1.0871,-0.31694,0.57166,0.1886,0
0.68149,-0.6325,-0.45373,-0.56666,-0.56933,-1.331,-0.57072,-0.34018,-0.95396,-1.1563,1.7685,-1.0871,-0.31694,-0.69292,0.22391,0
0.68149,-0.067651,-0.85548,-0.56666,-0.56933,-1.331,-0.57072,-0.14146,-0.95396,-1.1563,1.7685,0.91853,-0.31694,-0.85387,-0.091627,0
0.68149,-2.4712,-0.35329,1.6549,1.7014,-0.65627,0.38626,1.4273,1.0467,0.86357,-0.49353,0.91853,-0.31694,-1.0378,-0.19508,1
0.68149,0.29085,-0.73897,-0.56666,-0.56933,0.018415,-0.57072,-0.31627,1.0467,0.86357,-0.49353,0.91853,3.2681,-0.87686,-0.19527,1
0.68149,-0.38632,-0.9057,-0.56666,-0.56933,-0.65627,0.38626,-0.66439,-0.95396,0.86357,-0.49353,-1.0871,-0.31694,-1.0378,-0.19527,0
0.68149,-0.8245,-0.70482,1.6549,1.7014,-1.331,-0.092231,-0.25352,-0.95396,-1.1563,0.12338,-1.0871,-0.31694,-0.23307,-0.15496,1
-1.4955,2.9996,2.0572,-0.56666,-0.56933,1.1429,1.8217,-0.66439,-0.95396,-1.1563,2.3854,0.91853,-0.31694,-1.0378,0.4527,0
0.68149,-1.183,-0.94788,-0.56666,-0.56933,-1.331,-0.57072,-0.65244,1.0467,0.86357,-0.49353,0.91853,-0.31694,-1.0378,-0.19527,0
-1.4955,-0.73846,1.4044,-0.56666,-0.56933,-1.331,-0.57072,-0.58969,1.0467,0.86357,-0.49353,-1.0871,-0.31694,-0.003149,-0.19527,1
0.68149,-0.45962,-0.75504,-0.56666,-0.56933,1.3678,-0.57072,-0.51499,1.0467,0.86357,-0.49353,0.91853,-0.31694,0.11181,-0.19527,1
0.68149,-0.30028,-0.83037,-0.56666,-0.56933,1.3678,-0.57072,-0.52843,-0.95396,0.86357,-0.49353,-1.0871,-0.31694,0.11181,-0.19527,1
-1.4955,-1.0436,-0.84745,-0.56666,-0.56933,-1.331,-0.57072,-0.14146,1.0467,-1.1563,-0.28789,-1.0871,-0.31694,-0.57796,-0.19431,1
0.68149,-0.97109,-0.95592,-0.56666,-0.56933,0.4682,-0.57072,-0.46568,1.0467,0.86357,-0.49353,0.91853,-0.31694,-0.11811,-0.19508,1
0.68149,0.68203,0.048467,-0.56666,-0.56933,1.5927,2.7787,-0.66439,1.0467,-1.1563,-0.082255,0.91853,-0.31694,-0.94009,-0.19508,1
0.68149,3.6433,3.5216,-0.56666,-0.56933,1.1429,1.8217,3.1455,-0.95396,-1.1563,-0.28789,-1.0871,-0.31694,-1.0378,-0.17435,0
0.68149,1.5719,-0.83841,-0.56666,-0.56933,1.5927,2.7787,-0.66439,1.0467,0.86357,-0.49353,0.91853,-0.31694,-0.20433,-0.19527,1
-1.4955,-0.991,1.0529,-0.56666,-0.56933,-1.1061,-0.57072,-0.54039,1.0467,0.86357,-0.49353,0.91853,-0.31694,-0.57796,-0.18721,1
0.68149,1.9902,1.5551,-0.56666,-0.56933,-0.20648,-0.092231,1.7262,-0.95396,0.86357,-0.49353,-1.0871,-0.31694,-0.89985,0.19397,0
0.68149,0.15144,-0.45373,-0.56666,-0.56933,1.3678,-0.57072,-0.14146,1.0467,-1.1563,-0.082255,-1.0871,-0.31694,3.1008,-0.19527,1
0.68149,-1.0173,-0.92278,-0.56666,-0.56933,-1.1061,-0.57072,-0.58969,1.0467,0.86357,-0.49353,-1.0871,3.2681,0.57166,-0.19527,1
0.68149,-0.0015264,-0.53709,-0.56666,-0.56933,-1.331,-0.57072,-0.63899,1.0467,0.86357,-0.49353,0.91853,-0.31694,0.68662,-0.19527,1
-1.4955,-0.26682,-0.54613,-0.56666,-0.56933,0.6931,-0.57072,-0.58969,1.0467,0.86357,-0.49353,-1.0871,-0.31694,-0.003149,-0.18568,1
0.68149,0.41036,2.685,-0.56666,-0.56933,0.6931,-0.57072,-0.63899,1.0467,0.86357,-0.49353,0.91853,-0.31694,0.80159,0.48648,1
-1.4955,-0.72491,1.3873,-0.56666,-0.56933,-0.20648,-0.092231,-0.63899,1.0467,0.86357,-0.49353,0.91853,-0.31694,0.80159,-0.19431,1
-1.4955,0.45656,0.073576,-0.56666,-0.56933,1.1429,-0.57072,0.8297,-0.95396,0.86357,-0.49353,-1.0871,-0.31694,-1.0378,0.57247,0
0.68149,-1.1966,-0.32818,-0.56666,-0.56933,0.6931,-0.57072,-0.63899,1.0467,-1.1563,-0.28789,0.91853,-0.31694,-1.0378,-0.19412,1
-1.4955,-0.67871,0.75154,-0.56666,-0.56933,0.4682,-0.57072,-0.14146,-0.95396,-1.1563,1.5628,0.91853,-0.31694,-0.57796,-0.0052562,1
0.68149,-0.75837,1.3542,-0.56666,-0.56933,-0.65627,-0.57072,-0.51499,-0.95396,0.86357,-0.49353,-1.0871,-0.31694,-0.463,-0.18222,1
-1.4955,-0.18078,-0.20263,-0.56666,-0.56933,-1.331,-0.57072,-0.34018,-0.95396,-1.1563,-0.28789,-1.0871,-0.31694,1.0947,-0.19527,0
0.68149,-0.61258,-0.6546,-0.56666,-0.56933,-1.331,-0.092231,-0.24157,-0.95396,0.86357,-0.49353,0.91853,-0.31694,1.3879,-0.15688,0
0.68149,1.6253,-0.94788,-0.56666,-0.56933,0.91799,-0.092231,-0.65244,-0.95396,0.86357,-0.49353,0.91853,-0.31694,-1.0378,0.38053,0
0.68149,-1.1105,-0.9057,-0.56666,-0.56933,0.4682,-0.57072,-0.56429,1.0467,-1.1563,0.32902,0.91853,-0.31694,-0.11811,-0.19374,1
-1.4955,0.078142,0.24934,-0.56666,-0.56933,-1.1061,-0.57072,-0.29087,1.0467,0.86357,-0.49353,0.91853,-0.31694,0.52568,-0.19527,1
0.68149,-0.56558,-0.83841,1.6549,1.7014,-0.88116,-0.092231,-0.62704,1.0467,0.86357,-0.49353,0.91853,-0.31694,0.34174,-0.19508,1
0.68149,0.85491,-0.76308,-0.56666,-0.56933,0.91799,-0.57072,0.082652,-0.95396,0.86357,-0.49353,0.91853,-0.31694,1.8937,-0.080111,0
-1.4955,-0.51937,-0.85548,-0.56666,-0.56933,0.4682,-0.092231,-0.21617,-0.95396,0.86357,-0.49353,0.91853,-0.31694,0.57166,-0.037117,0
-1.4955,0.17773,-0.35329,1.6549,1.7014,1.3678,-0.57072,-0.066758,1.0467,0.86357,-0.49353,0.91853,-0.31694,-0.003149,-0.19527,1
0.68149,1.1274,-0.6546,-0.56666,-0.56933,-1.331,-0.57072,0.082652,-0.95396,0.86357,-0.49353,-1.0871,-0.31694,-0.23307,-0.19527,1
0.68149,0.8087,-0.14438,-0.56666,-0.56933,-0.88116,-0.092231,1.4273,-0.95396,-1.1563,1.1516,0.91853,-0.31694,0.80159,-0.19527,0
0.68149,0.87482,1.0107,-0.56666,-0.56933,0.91799,-0.092231,1.7142,-0.95396,-1.1563,1.1516,0.91853,-0.31694,-1.0378,-0.19527,0
0.68149,0.45019,-0.069046,1.6549,1.7014,-0.20648,-0.57072,-0.58969,-0.95396,-1.1563,1.5628,-1.0871,-0.31694,0.80159,-0.19527,0
0.68149,-0.83804,1.0529,1.6549,1.7014,-1.331,-0.57072,0.082652,-0.95396,0.86357,-0.49353,0.91853,3.2681,-0.80788,-0.19527,0
-0.407,-0.84442,0.55066,-0.56666,-0.56933,-0.20648,-0.57072,-0.21617,-0.95396,-1.1563,-0.28789,0.91853,-0.31694,-0.11811,-0.15036,0
0.68149,-0.39987,-0.75504,-0.56666,-0.56933,0.4682,-0.57072,-0.14146,-0.95396,0.86357,-0.49353,-1.0871,-0.31694,0.57166,-0.19527,0
0.68149,-0.67233,1.0609,-0.56666,-0.56933,0.91799,-0.57072,-0.65244,-0.95396,-1.1563,1.3572,0.91853,-0.31694,-0.69292,-0.11927,0
0.68149,2.5741,-0.84745,-0.56666,-0.56933,-1.331,-0.57072,-0.48959,-0.95396,-1.1563,0.12338,-1.0871,-0.31694,-0.003149,-0.19527,1
-1.4955,-1.0173,1.0529,-0.56666,-0.56933,0.6931,-0.57072,-0.36558,1.0467,-1.1563,-0.28789,0.91853,-0.31694,-0.34803,-0.19508,1
0.68149,0.96803,0.048467,-0.56666,-0.56933,-0.65627,0.38626,0.0079468,1.0467,0.86357,-0.49353,-1.0871,-0.31694,-0.22732,-0.19527,1
0.68149,0.51632,-0.78819,-0.56666,-0.56933,1.1429,-0.57072,-0.65244,1.0467,0.86357,-0.49353,0.91853,-0.31694,-0.34803,-0.19431,1
-1.4955,-0.8715,-0.70482,-0.56666,-0.56933,-1.331,-0.57072,-0.66439,1.0467,0.86357,-0.49353,0.91853,-0.31694,-1.0378,-0.19527,1
0.68149,0.31077,0.048467,-0.56666,-0.56933,0.91799,-0.092231,1.5767,-0.95396,-1.1563,0.74029,-1.0871,-0.31694,-1.0378,-0.0033369,0
-1.4955,-1.2101,-0.83841,-0.56666,-0.56933,-1.331,-0.092231,-0.21617,-0.95396,-1.1563,-0.082255,0.91853,-0.31694,-0.463,-0.19527,0
-1.4955,-0.20707,-0.25285,-0.56666,-0.56933,0.6931,-0.57072,-0.41488,-0.95396,0.86357,-0.49353,0.91853,3.2681,0.57166,-0.19527,0
0.68149,-0.19432,-0.22774,-0.56666,-0.56933,1.3678,-0.57072,-0.58969,1.0467,0.86357,-0.49353,-1.0871,-0.31694,-0.463,-0.19527,1
0.68149,-0.51299,1.5551,-0.56666,-0.56933,0.6931,-0.57072,-0.40293,-0.95396,0.86357,-0.49353,-1.0871,-0.31694,0.4567,-0.19527,1
-1.4955,0.39681,-0.75504,-0.56666,-0.56933,-1.331,-0.57072,-0.066758,-0.95396,-1.1563,1.7685,0.91853,-0.31694,-1.0378,-0.10775,0
0.68149,-0.61258,1.3793,1.6549,1.7014,0.6931,-0.57072,-0.41488,-0.95396,0.86357,-0.49353,-1.0871,-0.31694,-0.11811,-0.13769,0
-1.4955,1.7775,-0.92278,-0.56666,-0.56933,1.5927,2.7787,-0.66439,1.0467,0.86357,-0.49353,-1.0871,3.2681,-0.68143,-0.19009,1
-1.4955,-0.85159,1.0529,-0.56666,-0.56933,-1.331,-0.092231,-0.36558,-0.95396,-1.1563,0.32902,0.91853,-0.31694,-0.7504,0.085913,0
-1.4955,-0.19432,-0.62146,-0.56666,-0.56933,0.4682,-0.57072,0.057252,-0.95396,0.86357,-0.49353,-1.0871,-0.31694,1.4914,-0.19527,1
0.68149,-0.10748,-0.67168,-0.56666,-0.56933,0.6931,-0.092231,-0.44028,-0.95396,-1.1563,-0.28789,0.91853,-0.31694,0.34174,-0.17608,0
0.68149,0.8087,-0.70482,1.6549,1.7014,0.6931,-0.57072,-0.58969,1.0467,0.86357,-0.49353,0.91853,-0.31694,-1.0378,-0.15784,1
-1.4955,-1.0436,1.095,-0.56666,-0.56933,1.5927,2.7787,-0.66439,1.0467,0.86357,-0.49353,0.91853,-0.31694,-1.0378,-0.18568,1
0.68149,1.6181,1.0529,-0.56666,-0.56933,-0.65627,0.38626,-0.66439,-0.95396,-1.1563,1.7685,0.91853,-0.31694,-1.0378,0.044455,0
0.68149,0.071768,-0.060007,-0.56666,-0.56933,-0.88116,-0.092231,1.1405,-0.95396,-1.1563,0.12338,0.91853,-0.31694,0.74985,-0.13769,0
0.68149,1.3664,-0.25285,-0.56666,-0.56933,1.3678,-0.57072,0.38147,-0.95396,0.86357,-0.49353,0.91853,3.2681,0.28426,-0.19527,0
-1.4955,1.9703,0.46629,-0.56666,-0.56933,-0.20648,-0.092231,1.3526,-0.95396,-1.1563,0.12338,-1.0871,-0.31694,-0.463,-0.18568,1
-1.4955,-0.61895,0.22423,-0.56666,-0.56933,0.4682,-0.57072,0.28286,-0.95396,-1.1563,1.5628,0.91853,-0.31694,-0.34803,-0.14825,0
0.68149,-0.991,0.19109,-0.56666,-0.56933,-1.1061,-0.57072,-0.50303,1.0467,0.86357,-0.49353,0.91853,-0.31694,-0.34803,-0.19527,1
0.68149,0.024764,2.9612,-0.56666,-0.56933,-1.331,-0.57072,1.4273,-0.95396,-1.1563,2.7967,0.91853,-0.31694,-1.0378,0.7644,0
-1.4955,-0.63887,1.4044,-0.56666,-0.56933,0.91799,-0.092231,-0.51499,-0.95396,-1.1563,-0.082255,-1.0871,-0.31694,0.68662,-0.089516,0
-1.4955,0.62945,-0.62146,-0.56666,-0.56933,1.3678,-0.57072,-0.58969,1.0467,0.86357,-0.49353,0.91853,-0.31694,-1.0378,-0.12042,1
0.68149,0.70911,-0.84745,1.6549,1.7014,1.3678,-0.57072,-0.51499,-0.95396,-1.1563,0.12338,0.91853,-0.31694,0.11181,-0.0033369,0
-1.4955,-0.047734,-0.67971,-0.56666,-0.56933,0.6931,-0.092231,-0.65244,1.0467,-1.1563,0.12338,0.91853,-0.31694,-1.0378,-0.18894,1
0.68149,-0.41978,-0.80526,-0.56666,-0.56933,-1.331,0.38626,-0.58969,-0.95396,0.86357,-0.49353,0.91853,-0.31694,0.96828,-0.19086,0
-1.4955,-0.96392,0.90219,1.6549,1.7014,-1.331,-0.57072,-0.36558,-0.95396,-1.1563,0.32902,-1.0871,-0.31694,-0.57796,-0.099304,0
0.68149,1.3727,4.0831,-0.56666,-0.56933,0.6931,-0.57072,-0.14146,-0.95396,-1.1563,0.12338,0.91853,-0.31694,-0.34803,-0.19259,0
-1.4955,-0.48591,-0.70482,-0.56666,-0.56933,1.5927,2.7787,-0.66439,-0.95396,0.86357,-0.49353,0.91853,-0.31694,-0.57796,-0.19527,1
0.68149,-0.4397,-0.88059,-0.56666,-0.56933,0.018415,-0.57072,-0.58969,-0.95396,-1.1563,0.12338,0.91853,-0.31694,0.4567,2.7045,0
0.68149,1.8643,-0.85548,1.6549,1.7014,-0.20648,-0.092231,0.51893,-0.95396,0.86357,-0.49353,0.91853,-0.31694,-0.003149,-0.135,0
0.68149,-0.30028,-0.62146,-0.56666,-0.56933,-0.88116,-0.092231,0.8551,-0.95396,-1.1563,1.3572,0.91853,-0.31694,1.2557,-0.036542,0
0.68149,0.83499,-0.64657,-0.56666,-0.56933,-0.65627,0.38626,0.38147,1.0467,0.86357,-0.49353,0.91853,-0.31694,0.20378,-0.19527,0
0.68149,0.20402,-0.88863,1.6549,1.7014,-0.88116,-0.57072,-0.63899,1.0467,0.86357,-0.49353,0.91853,-0.31694,-0.003149,-0.19527,1
-1.4955,1.5321,-0.78819,-0.56666,-0.56933,1.3678,-0.57072,-0.51499,1.0467,0.86357,-0.49353,-1.0871,-0.31694,0.34174,-0.17281,1
-0.407,0.89474,-0.60438,1.6549,1.7014,0.13086,1.3432,-0.66439,1.0467,0.86357,-0.49353,-1.0871,-0.31694,-0.17559,-0.19508,1
-1.4955,0.50277,-0.45373,-0.56666,-0.56933,-0.65627,-0.092231,-0.60164,1.0467,0.86357,-0.49353,0.91853,-0.31694,0.4567,-0.14806,1
-1.4955,-0.45324,-0.53709,-0.56666,-0.56933,-1.331,-0.092231,0.15736,-0.95396,0.86357,-0.49353,-1.0871,-0.31694,1.0315,-0.19508,1
0.68149,-1.0372,-0.92278,-0.56666,-0.56933,0.4682,1.3432,-0.60164,1.0467,0.86357,-0.49353,0.91853,-0.31694,0.11181,-0.18759,0
-1.4955,0.45656,-0.0097877,-0.56666,-0.56933,1.5927,2.7787,-0.66439,1.0467,0.86357,-0.49353,0.91853,-0.31694,-0.11811,-0.19527,1
0.68149,0.27094,-0.68775,-0.56666,-0.56933,-0.65627,0.38626,-0.62704,1.0467,0.86357,-0.49353,-1.0871,-0.31694,1.4914,0.66844,1
0.68149,1.3927,-0.10219,-0.56666,-0.56933,0.018415,-0.57072,-0.62704,-0.95396,0.86357,-0.49353,-1.0871,-0.31694,0.25552,-0.19527,0
0.68149,-0.55283,-0.78015,-0.56666,-0.56933,0.018415,-0.57072,-0.63899,1.0467,-1.1563,0.32902,0.91853,-0.31694,0.42221,0.179,1
0.68149,-0.26682,1.8061,-0.56666,-0.56933,0.6931,-0.57072,1.0538,-0.95396,0.86357,-0.49353,-1.0871,-0.31694,1.7615,-0.099304,0
0.68149,0.93457,-0.35329,-0.56666,-0.56933,-0.65627,0.38626,-0.36558,-0.95396,0.86357,-0.49353,0.91853,-0.31694,-1.0378,-0.15688,1
0.68149,-0.3202,-0.80526,-0.56666,-0.56933,-1.331,-0.092231,0.60558,-0.95396,-1.1563,0.12338,-1.0871,-0.31694,0.7556,-0.16648,0
0.68149,-1.3758,-0.15241,1.6549,1.7014,0.6931,-0.57072,-0.14146,-0.95396,-1.1563,-0.082255,-1.0871,-0.31694,-0.34803,-0.0033369,0
-1.4955,-0.67871,0.7435,1.6549,1.7014,0.91799,-0.57072,0.070699,1.0467,0.86357,-0.49353,0.91853,-0.31694,-0.095119,-0.19527,0
0.68149,0.17135,-0.34525,1.6549,1.7014,-1.331,-0.092231,-0.054805,-0.95396,-1.1563,-0.28789,-1.0871,-0.31694,-0.003149,3.2647,0
0.68149,-0.66516,-0.80526,-0.56666,-0.56933,-0.65627,-0.57072,-0.19077,1.0467,-1.1563,-0.28789,-1.0871,-0.31694,1.2614,-0.19354,1
0.68149,2.1957,-0.41154,-0.56666,-0.56933,-1.331,-0.57072,0.057252,1.0467,0.86357,-0.49353,-1.0871,-0.31694,0.80159,-0.19527,1
0.68149,0.43028,-0.80526,1.6549,1.7014,-1.1061,-0.57072,-0.48959,1.0467,0.86357,-0.49353,0.91853,-0.31694,0.34174,-0.1947,1
0.68149,2.3152,1.9568,-0.56666,-0.56933,1.5927,2.7787,4.7143,-0.95396,-1.1563,2.591,-1.0871,-0.31694,-1.0378,-0.0033369,0
0.68149,0.25739,-0.60438,-0.56666,-0.56933,0.6931,0.38626,-0.58969,-0.95396,0.86357,-0.49353,-1.0871,-0.31694,-0.10087,-0.19527,1
0.68149,-0.77829,-0.6546,-0.56666,-0.56933,0.6931,-0.57072,-0.21617,1.0467,0.86357,-0.49353,0.91853,-0.31694,-0.17559,-0.19374,0
0.68149,-0.84442,0.45022,-0.56666,-0.56933,-1.331,-0.57072,-0.17882,-0.95396,-1.1563,0.12338,0.91853,-0.31694,0.11181,0.07171,0
0.68149,-0.60541,-0.83841,-0.56666,-0.56933,-1.331,-0.092231,-0.63899,-0.95396,0.86357,-0.49353,0.91853,-0.31694,-0.003149,-0.19527,1
0.68149,-0.65879,1.3542,-0.56666,-0.56933,-0.65627,-0.57072,-0.54039,1.0467,0.86357,-0.49353,0.91853,-0.31694,-1.0378,-0.19527,1
-1.4955,-0.73846,-0.60438,1.6549,1.7014,-0.43137,0.86475,-0.66439,1.0467,0.86357,-0.49353,0.91853,-0.31694,-0.11811,-0.19527,1
0.68149,1.3664,0.57577,-0.56666,-0.56933,0.6931,-0.092231,3.9673,-0.95396,-1.1563,1.9741,0.91853,-0.31694,-1.0378,-0.043643,0
0.68149,-1.1703,-0.13534,-0.56666,-0.56933,-0.65627,-0.092231,-0.54039,1.0467,0.86357,-0.49353,-1.0871,-0.31694,-0.34803,-0.19527,1
0.68149,0.68203,1.8393,-0.56666,-0.56933,0.6931,-0.57072,1.9129,-0.95396,-1.1563,0.74029,-1.0871,-0.31694,-0.63544,-0.19527,0
-1.4955,1.3329,0.6511,-0.56666,-0.56933,-1.331,-0.57072,1.6888,-0.95396,-1.1563,0.74029,-1.0871,-0.31694,-1.0378,0.046566,0
0.68149,-0.37358,1.6555,-0.56666,-0.56933,1.1429,2.3002,-0.66439,1.0467,0.86357,-0.49353,-1.0871,-0.31694,-0.23307,0.017776,1
0.68149,-0.27399,-0.54613,1.6549,1.7014,1.3678,-0.57072,-0.066758,-0.95396,-1.1563,0.12338,-1.0871,-0.31694,1.089,-0.087788,0
0.68149,-0.14732,-0.25285,-0.56666,-0.56933,0.6931,-0.57072,0.38147,-0.95396,-1.1563,0.12338,-1.0871,-0.31694,0.85332,-0.19527,1
0.68149,-0.49945,-0.84745,-0.56666,-0.56933,0.018415,-0.57072,-0.36558,1.0467,0.86357,-0.49353,-1.0871,-0.31694,-0.34803,-0.19508,1
0.68149,0.23748,-0.051972,-0.56666,-0.56933,1.3678,-0.57072,-0.36558,-0.95396,0.86357,-0.49353,-1.0871,-0.31694,0.34174,-0.19527,1
0.68149,-0.83804,-0.4708,-0.56666,-0.56933,-1.331,-0.57072,-0.066758,-0.95396,-1.1563,1.7685,-1.0871,-0.31694,0.11181,0.38053,0
0.68149,0.25739,-0.35329,-0.56666,-0.56933,-0.88116,-0.092231,1.5513,-0.95396,0.86357,-0.49353,-1.0871,-0.31694,-1.0378,-0.19527,0
0.68149,-0.63887,-0.80526,-0.56666,-0.56933,0.018415,-0.57072,-0.51499,1.0467,0.86357,-0.49353,-1.0871,3.2681,0.80159,-0.19527,1
0.68149,0.51632,-0.60438,1.6549,1.7014,-1.331,0.38626,-0.58969,-0.95396,0.86357,-0.49353,-1.0871,-0.31694,-0.095119,-0.1185,1
0.68149,-0.57912,1.4546,-0.56666,-0.56933,-1.331,-0.57072,-0.041358,1.0467,0.86357,-0.49353,0.91853,3.2681,-0.57796,-0.19527,1
0.68149,0.21119,-0.52102,-0.56666,-0.56933,-1.331,-0.57072,-0.21617,1.0467,0.86357,-0.49353,0.91853,1.4756,-0.34803,-0.19527,1
0.68149,2.0236,4.6686,1.6549,1.7014,-1.331,-0.57072,7.8519,-0.95396,-1.1563,7.732,0.91853,-0.31694,-1.0378,-0.19239,0
-1.4955,-1.0906,0.95242,-0.56666,-0.56933,1.3678,-0.57072,-0.14146,1.0467,-1.1563,1.5628,-1.0871,-0.31694,-1.0378,-0.19335,1
0.68149,-0.81812,0.065541,1.6549,1.7014,-0.43137,-0.57072,-0.57774,1.0467,0.86357,-0.49353,0.91853,-0.31694,-0.23307,-0.15996,1
0.68149,0.70911,0.29153,-0.56666,-0.56933,0.4682,-0.57072,-0.65244,-0.95396,-1.1563,-0.28789,0.91853,-0.31694,0.11181,-0.13769,0
0.68149,1.0604,-0.85548,-0.56666,-0.56933,-0.65627,-0.092231,0.8297,-0.95396,0.86357,-0.49353,-1.0871,-0.31694,0.80159,-0.19527,0
0.68149,0.50994,-0.54613,-0.56666,-0.56933,0.6931,-0.57072,-0.65244,-0.95396,0.86357,-0.49353,-1.0871,-0.31694,1.2614,0.91795,0
0.68149,-0.92408,0.50044,-0.56666,-0.56933,0.018415,-0.57072,-0.65244,1.0467,-1.1563,-0.28789,0.91853,-0.31694,-0.463,-0.19508,1
0.68149,-0.66516,1.1533,-0.56666,-0.56933,0.4682,-0.092231,-0.26547,-0.95396,0.86357,-0.49353,0.91853,-0.31694,-0.463,-0.19527,0
0.68149,0.71549,0.34978,-0.56666,-0.56933,1.3678,0.38626,0.38147,-0.95396,-1.1563,-0.28789,0.91853,-0.31694,-1.0378,-0.099304,0
0.68149,-0.074821,-0.74701,1.6549,1.7014,-0.65627,0.38626,-0.51499,-0.95396,-1.1563,1.5628,-1.0871,-0.31694,-0.27906,-0.1899,1
0.68149,0.82144,-0.95592,-0.56666,-0.56933,-1.331,0.38626,3.8179,-0.95396,0.86357,-0.49353,0.91853,-0.31694,-1.0378,-0.19527,0
0.68149,0.97441,-0.35329,-0.56666,-0.56933,0.4682,-0.092231,1.1285,-0.95396,-1.1563,1.7685,0.91853,-0.31694,-0.57796,-0.19527,0
0.68149,0.41673,0.048467,-0.56666,-0.56933,-1.331,0.38626,0.082652,-0.95396,-1.1563,0.74029,0.91853,-0.31694,-1.0378,-0.12483,0
0.68149,0.78878,-0.85548,1.6549,1.7014,0.018415,-0.57072,-0.51499,1.0467,0.86357,-0.49353,-1.0871,-0.31694,-0.29055,-0.19527,1
-1.4955,-0.83804,1.4215,-0.56666,-0.56933,-1.331,-0.092231,1.1285,-0.95396,0.86357,-0.49353,0.91853,-0.31694,0.91655,-0.19527,0
0.68149,-0.87787,-0.70482,1.6549,1.7014,-0.20648,-0.57072,-0.62704,1.0467,0.86357,-0.49353,0.91853,-0.31694,-0.23307,-0.1945,1
-1.4955,3.2314,-0.95592,2.7657,1.7014,0.13086,1.3432,-0.66439,1.0467,0.86357,-0.49353,0.91853,1.4756,-1.0378,-0.19527,0
0.68149,-0.78466,-0.95592,-0.56666,-0.56933,-1.331,-0.57072,-0.51499,1.0467,0.86357,-0.49353,-1.0871,3.2681,-1.0378,-0.19527,1
-1.4955,-1.1902,-0.88863,-0.56666,-0.56933,1.5927,2.7787,-0.66439,1.0467,-1.1563,-0.28789,0.91853,-0.31694,-0.11811,-0.17109,1
-1.4955,0.091685,-0.66264,-0.56666,-0.56933,0.6931,-0.57072,-0.34018,-0.95396,-1.1563,2.7967,0.91853,-0.31694,-0.34803,0.20376,0
-1.4955,-0.79183,0.048467,1.6549,1.7014,1.5927,2.7787,-0.66439,1.0467,0.86357,-0.49353,0.91853,-0.31694,-1.0378,-0.19527,1
0.68149,0.20402,-0.9057,-0.56666,-0.56933,-0.65627,0.38626,0.53088,1.0467,0.86357,-0.49353,-1.0871,3.2681,1.3764,-0.19527,1
0.68149,-1.0436,-0.91474,-0.56666,-0.56933,1.3678,-0.57072,-0.65244,1.0467,0.86357,-0.49353,0.91853,-0.31694,0.57166,-0.051321,1
-1.4955,0.071768,-0.32818,-0.56666,-0.56933,1.5927,2.7787,0.24401,1.0467,-1.1563,-0.082255,-1.0871,-0.31694,0.11181,-0.1945,1
0.68149,-0.52574,1.5219,-0.56666,-0.56933,0.4682,-0.092231,-0.19077,-0.95396,0.86357,-0.49353,-1.0871,-0.31694,-0.34803,-0.19527,0
0.68149,0.45656,-0.93081,1.6549,1.7014,-1.331,-0.57072,-0.21617,1.0467,0.86357,-0.49353,-1.0871,-0.31694,0.29575,-0.17358,0
-1.4955,-0.91771,-0.92278,-0.56666,-0.56933,0.4682,-0.57072,-0.65244,1.0467,0.86357,-0.49353,-1.0871,-0.31694,1.1465,-0.19527,1
-1.4955,-0.68508,1.3039,1.6549,1.7014,0.91799,-0.092231,-0.44028,-0.95396,-1.1563,0.32902,0.91853,-0.31694,-1.0378,-0.13366,0
0.68149,0.084515,-0.15241,-0.56666,-0.56933,0.018415,-0.57072,0.082652,-0.95396,0.86357,-0.49353,-1.0871,-0.31694,1.0315,-0.19527,0
0.68149,-1.0635,-0.060007,-0.56666,-0.56933,-1.331,-0.57072,-0.58969,1.0467,0.86357,-0.49353,0.91853,3.2681,-0.57796,-0.19527,1
-1.4955,-1.1966,-0.92278,-0.56666,-0.56933,1.3678,-0.57072,-0.36558,1.0467,-1.1563,-0.082255,-1.0871,-0.31694,0.80159,-0.19508,1
0.68149,0.1116,-0.35329,-0.56666,-0.56933,-1.1061,-0.57072,-0.61509,1.0467,0.86357,-0.49353,-1.0871,-0.31694,-0.34803,-0.19527,1
0.68149,-0.42616,-0.89767,1.6549,1.7014,-1.331,-0.57072,-0.21617,1.0467,0.86357,-0.49353,-1.0871,-0.31694,-0.11811,-0.19527,1
-1.4955,-0.64524,1.3712,-0.56666,-0.56933,-0.88116,-0.57072,-0.65244,-0.95396,0.86357,-0.49353,0.91853,-0.31694,-0.57796,0.063648,0
0.68149,-0.69862,0.85198,-0.56666,-0.56933,1.3678,-0.57072,-0.63899,1.0467,0.86357,-0.49353,0.91853,-0.31694,-1.0378,-0.19527,1
0.68149,-0.71217,-0.48687,-0.56666,-0.56933,-0.20648,-0.57072,-0.44028,1.0467,0.86357,-0.49353,0.91853,-0.31694,-0.003149,-0.19527,1
0.68149,-2.4712,0.048467,1.6549,1.7014,1.3678,-0.57072,1.8756,-0.95396,0.86357,-0.49353,0.91853,-0.31694,-1.0378,-0.19527,1
0.68149,0.13152,0.85198,1.6549,1.7014,0.6931,-0.092231,0.9044,-0.95396,0.86357,-0.49353,-1.0871,-0.31694,-0.1526,-0.19527,0
-1.4955,1.6651,0.34978,-0.56666,-0.56933,-0.65627,0.38626,0.25746,1.0467,0.86357,-0.49353,-1.0871,-0.31694,-0.6182,-0.19527,1
-1.4955,-1.1703,-0.91374,-0.56666,-0.56933,1.3678,-0.57072,-0.62704,1.0467,0.86357,-0.49353,0.91853,-0.31694,0.11181,-0.19508,1
0.68149,-0.34012,-0.051972,1.6549,1.7014,-1.331,0.38626,0.082652,1.0467,0.86357,-0.49353,0.91853,-0.31694,0.11181,0.036969,1
0.68149,0.49003,-0.15241,-0.56666,-0.56933,-1.331,0.38626,0.8297,-0.95396,0.86357,-0.49353,-1.0871,3.2681,0.57166,-0.19527,1
0.68149,2.2826,-0.64657,-0.56666,-0.56933,0.4682,-0.57072,-0.62704,-0.95396,0.86357,-0.49353,-1.0871,-0.31694,0.4567,-0.19527,0
0.68149,0.018391,-0.38643,-0.56666,-0.56933,1.5927,2.7787,-0.66439,1.0467,-1.1563,0.53466,0.91853,-0.31694,-0.026141,-0.16725,1
0.68149,0.10443,-0.25285,-0.56666,-0.56933,-0.20648,-0.57072,-0.51499,1.0467,0.86357,-0.49353,-1.0871,-0.31694,0.29575,-0.19527,1
0.68149,-0.8245,-0.87256,-0.56666,-0.56933,-1.331,-0.57072,-0.62704,1.0467,0.86357,-0.49353,0.91853,-0.31694,-1.0378,-0.18683,1
0.68149,-0.094738,-0.70482,1.6549,1.7014,-0.20648,-0.57072,-0.58969,1.0467,0.86357,-0.49353,0.91853,-0.31694,0.24977,-0.19527,1
0.68149,0.20402,-0.40351,-0.56666,-0.56933,0.018415,-0.57072,0.60558,-0.95396,-1.1563,0.74029,0.91853,-0.31694,0.13481,-0.19527,0
-1.4955,1.1999,-0.35329,-0.56666,-0.56933,-1.331,-0.57072,0.045299,-0.95396,-1.1563,1.1516,-1.0871,-0.31694,1.2384,0.60298,0
0.68149,0.31077,-0.45373,-0.56666,-0.56933,0.6931,-0.57072,-0.66439,-0.95396,0.86357,-0.49353,-1.0871,-0.31694,0.33599,-0.15688,0
0.68149,-0.33374,-0.84745,-0.56666,-0.56933,-0.20648,2.7787,-0.66439,1.0467,0.86357,-0.49353,0.91853,-0.31694,-0.463,-0.19527,1
-1.4955,-0.081195,0.10672,-0.56666,-0.56933,1.1429,2.3002,0.0079468,-0.95396,-1.1563,0.53466,-1.0871,-0.31694,-0.46875,-0.099304,0
-1.4955,-0.27399,-0.35329,-0.56666,-0.56933,0.018415,-0.57072,0.16931,1.0467,-1.1563,-0.28789,-1.0871,-0.31694,0.57166,-0.19335,1
-0.407,0.78161,-0.25285,-0.56666,-0.56933,-0.65627,0.38626,-0.51499,1.0467,0.86357,-0.49353,0.91853,3.2681,5.63,-0.19527,1
0.68149,1.0342,-0.55417,-0.56666,-0.56933,0.018415,-0.57072,-0.14146,-0.95396,-1.1563,-0.082255,-1.0871,-0.31694,-1.0378,-0.19239,0
0.68149,-1.2627,0.45022,-0.56666,-0.56933,1.1429,-0.57072,-0.36558,1.0467,0.86357,-0.49353,0.91853,-0.31694,2.4111,-0.19527,1
0.68149,-0.56558,-0.6546,-0.56666,-0.56933,-1.1061,-0.092231,-0.10411,-0.95396,-1.1563,0.74029,0.91853,-0.31694,0.11181,-0.13251,0
-1.4955,-0.22699,-0.88059,-0.56666,-0.56933,0.4682,-0.57072,-0.48959,-0.95396,-1.1563,0.32902,0.91853,-0.31694,-0.57796,-0.19527,0
0.68149,-0.92408,0.34978,-0.56666,-0.56933,0.6931,-0.092231,-0.22812,-0.95396,-1.1563,0.94593,0.91853,-0.31694,-0.57796,0.3717,0
-1.4955,-0.51937,-0.74701,1.6549,1.7014,1.5927,2.7787,-0.51499,-0.95396,-1.1563,0.12338,0.91853,-0.31694,-0.003149,-0.16706,1
0.68149,1.638,2.0572,-0.56666,-0.56933,-1.331,-0.57072,1.8756,-0.95396,-1.1563,1.3572,0.91853,-0.31694,-1.0378,-0.19527,0
0.68149,-0.64524,-0.92177,-0.56666,-0.56933,0.018415,-0.57072,-0.63899,1.0467,0.86357,-0.49353,0.91853,3.2681,-1.0378,-0.19527,1
0.68149,-0.21424,0.048467,-0.56666,-0.56933,0.6931,-0.57072,2.6226,-0.95396,0.86357,-0.49353,-1.0871,-0.31694,-0.63544,-0.19527,0
-1.4955,1.3664,-0.68775,-0.56666,-0.56933,-0.65627,3.2572,-0.56429,1.0467,0.86357,-0.49353,0.91853,-0.31694,-1.0378,-0.17224,1
-1.4955,-0.49308,-0.051972,-0.56666,-0.56933,0.6931,-0.57072,-0.36558,1.0467,0.86357,-0.49353,-1.0871,-0.31694,1.0315,-0.19412,1
-1.4955,0.21119,-0.88059,-0.56666,-0.56933,-0.88116,-0.57072,-0.55234,1.0467,0.86357,-0.49353,0.91853,-0.31694,0.68662,-0.18683,0
0.68149,1.897,2.1577,-0.56666,-0.56933,1.1429,1.8217,-0.66439,-0.95396,-1.1563,3.6192,0.91853,-0.31694,-0.1641,-0.17032,1
-1.4955,-0.67871,1.2537,1.6549,1.7014,0.4682,-0.57072,0.23206,-0.95396,0.86357,-0.49353,-1.0871,-0.31694,0.50268,-0.19527,1
0.68149,-0.84442,-0.95592,2.7657,1.7014,0.13086,1.3432,-0.66439,1.0467,0.86357,-0.49353,0.91853,1.4756,-1.0378,-0.19527,1
0.68149,1.2867,0.2162,-0.56666,-0.56933,0.6931,-0.57072,0.97911,1.0467,0.86357,-0.49353,0.91853,-0.31694,1.6351,-0.16648,1
0.68149,-0.59904,-0.32014,1.6549,1.7014,-0.20648,-0.57072,-0.54039,1.0467,-1.1563,-0.28789,-1.0871,-0.31694,0.57166,-0.17992,1
0.68149,0.64936,-0.45373,1.6549,1.7014,-0.65627,-0.092231,2.3238,1.0467,0.86357,-0.49353,-1.0871,3.2681,0.11181,-0.19527,1
0.68149,-0.71854,0.61795,1.6549,1.7014,-0.65627,0.38626,-0.61509,1.0467,0.86357,-0.49353,-1.0871,-0.31694,-1.0378,-0.19527,1
-1.4955,-0.84442,-0.78819,-0.56666,-0.56933,0.4682,-0.57072,-0.19077,-0.95396,-1.1563,-0.28789,0.91853,-0.31694,-1.0378,-0.19527,0
0.68149,0.25102,-0.64657,-0.56666,-0.56933,-0.88116,-0.57072,-0.20421,-0.95396,-1.1563,-0.28789,-1.0871,-0.31694,1.9512,9.4015,0
-1.4955,1.685,-0.95592,1.6549,1.7014,1.5927,2.7787,-0.66439,1.0467,0.86357,-0.49353,0.91853,-0.31694,-1.0378,-0.19527,1
0.68149,-0.79821,0.0062825,1.6549,1.7014,0.6931,-0.57072,0.0079468,-0.95396,-1.1563,-0.28789,-1.0871,-0.31694,-0.57796,-0.13769,0
-1.4955,-0.69862,-0.70482,1.6549,1.7014,1.5927,2.7787,0.30677,1.0467,0.86357,-0.49353,0.91853,-0.31694,0.57166,-0.19527,1
0.68149,0.10443,0.55066,-0.56666,-0.56933,1.1429,0.38626,-0.19077,-0.95396,0.86357,-0.49353,-1.0871,3.2681,1.3764,-0.19527,1
0.68149,-0.71217,-0.78919,-0.56666,-0.56933,-1.331,-0.092231,-0.017453,1.0467,0.86357,-0.49353,-1.0871,-0.31694,-0.30205,-0.19527,0
0.68149,-0.34012,-0.72993,-0.56666,-0.56933,0.91799,-0.092231,-0.29087,-0.95396,0.86357,-0.49353,0.91853,-0.31694,-1.0378,0.8216,0
0.68149,2.9263,0.14891,-0.56666,-0.56933,1.1429,1.8217,3.2203,-0.95396,-1.1563,-0.28789,-1.0871,-0.31694,-1.0378,-0.19527,0
0.68149,0.41036,-0.87155,1.6549,1.7014,0.6931,-0.57072,-0.57774,1.0467,0.86357,-0.49353,-1.0871,-0.31694,0.73836,-0.19489,1
-1.4955,-0.8245,-0.35329,-0.56666,-0.56933,0.4682,-0.57072,-0.61509,-0.95396,-1.1563,0.12338,0.91853,-0.31694,-0.463,-0.19412,0
-1.4955,0.8087,0.34978,-0.56666,-0.56933,0.4682,-0.57072,-0.51499,-0.95396,-1.1563,0.12338,-1.0871,-0.31694,-0.20433,-0.19527,0
0.68149,-0.6325,-0.95592,-0.56666,-0.56933,-0.20648,-0.57072,-0.36558,1.0467,-1.1563,1.7685,0.91853,3.2681,-1.0378,-0.19527,1
0.68149,0.60236,-0.28599,-0.56666,-0.56933,0.6931,-0.57072,0.53088,-0.95396,-1.1563,2.3854,0.91853,-0.31694,1.1637,0.062689,0
0.68149,-0.72491,-0.85548,-0.56666,-0.56933,-1.331,-0.57072,-0.62704,1.0467,0.86357,-0.49353,0.91853,-0.31694,1.0315,-0.19527,1
0.68149,2.136,0.45826,-0.56666,-0.56933,0.018415,-0.57072,3.5191,-0.95396,-1.1563,0.74029,-1.0871,-0.31694,1.0315,0.060386,0
0.68149,-0.705,-0.50395,-0.56666,-0.56933,-0.65627,-0.57072,-0.62704,1.0467,0.86357,-0.49353,0.91853,-0.31694,-0.11811,-0.19335,1
0.68149,0.3036,-0.15241,-0.56666,-0.56933,-1.1061,0.38626,3.0708,-0.95396,0.86357,-0.49353,-1.0871,-0.31694,-1.0378,-0.19527,1
0.68149,0.50277,0.34978,-0.56666,-0.56933,0.018415,-0.092231,0.60558,-0.95396,-1.1563,1.9741,-1.0871,-0.31694,-0.50323,-0.19527,0
-1.4955,-0.47316,-0.44569,1.6549,1.7014,1.3678,-0.57072,-0.58969,-0.95396,0.86357,-0.49353,-1.0871,-0.31694,1.089,-0.19527,0
0.68149,-0.34649,-0.60438,1.6549,1.7014,-1.331,-0.57072,-0.36558,-0.95396,-1.1563,0.53466,-1.0871,-0.31694,-0.11811,0.91354,0
-1.4955,-0.67233,1.2035,-0.56666,-0.56933,0.4682,-0.57072,-0.54039,-0.95396,-1.1563,0.53466,-1.0871,-0.31694,-1.0378,-0.087788,0
-1.4955,-0.23416,2.0572,1.6549,1.7014,1.1429,1.8217,-0.66439,-0.95396,0.86357,-0.49353,0.91853,-0.31694,-1.0378,2.3406,0
0.68149,0.7354,3.3629,-0.56666,-0.56933,1.1429,1.8217,5.312,-0.95396,-1.1563,1.7685,0.91853,-0.31694,-1.0378,0.03505,0
0.68149,0.94095,-0.026862,-0.56666,-0.56933,0.4682,-0.57072,0.70419,-0.95396,0.86357,-0.49353,0.91853,3.2681,-1.0378,-0.19527,0
0.68149,-0.97109,-0.87256,1.6549,1.7014,-1.331,-0.57072,-0.61509,1.0467,-1.1563,-0.28789,0.91853,-0.31694,0.11181,-0.19508,1
-1.4955,2.0563,-0.10219,1.6549,1.7014,1.5927,2.7787,0.8297,1.0467,0.86357,-0.49353,-1.0871,-0.31694,-1.0378,-0.1945,1
0.68149,-0.66516,-0.63753,1.6549,1.7014,0.6931,-0.57072,0.25746,-0.95396,-1.1563,0.74029,0.91853,-0.31694,-0.57796,-0.19527,0
0.68149,1.2994,0.34978,-0.56666,-0.56933,-1.331,-0.57072,-0.36558,1.0467,0.86357,-0.49353,-1.0871,-0.31694,-1.0378,-0.15151,1
0.68149,1.9838,1.3542,-0.56666,-0.56933,1.5927,2.7787,0.8297,-0.95396,-1.1563,0.53466,0.91853,-0.31694,-1.0378,1.5035,0
0.68149,-1.1233,-0.88863,1.6549,1.7014,-0.20648,-0.57072,-0.57774,1.0467,0.86357,-0.49353,0.91853,3.2681,0.11181,-0.19527,1
0.68149,-0.11466,-0.051972,-0.56666,-0.56933,0.6931,-0.57072,1.5767,-0.95396,-1.1563,-0.082255,-1.0871,-0.31694,0.85907,-0.19527,0
-1.4955,-0.84442,1.1533,1.6549,1.7014,0.91799,-0.092231,-0.66439,1.0467,0.86357,-0.49353,-1.0871,-0.31694,-0.1526,-0.18913,1
-1.4955,-0.26682,-0.6546,-0.56666,-0.56933,0.018415,-0.57072,-0.066758,-0.95396,0.86357,-0.49353,0.91853,3.2681,1.0775,-0.19527,1
0.68149,-0.43333,-0.88863,-0.56666,-0.56933,-0.20648,-0.092231,0.38147,1.0467,0.86357,-0.49353,-1.0871,-0.31694,0.91655,-0.19527,1
0.68149,-0.57912,-0.87256,1.6549,1.7014,-1.331,-0.57072,-0.65244,1.0467,-1.1563,-0.082255,0.91853,-0.31694,-0.30205,-0.19412,1
0.68149,-0.47953,1.4546,-0.56666,-0.56933,-0.20648,-0.57072,0.0079468,-0.95396,-1.1563,-0.082255,-1.0871,-0.31694,-0.34803,-0.19431,1
0.68149,0.4231,-0.52906,1.6549,1.7014,0.6931,-0.57072,-0.63899,-0.95396,-1.1563,-0.28789,0.91853,-0.31694,-0.7504,0.032555,0
0.68149,-0.60541,-0.75504,-0.56666,-0.56933,-1.331,-0.57072,-0.51499,1.0467,0.86357,-0.49353,-1.0871,3.2681,0.57166,-0.19527,1
0.68149,-0.46599,-0.35329,-0.56666,-0.56933,-1.331,-0.57072,-0.29087,1.0467,-1.1563,-0.28789,0.91853,-0.31694,-1.0378,-0.19105,1
-1.4955,-0.28674,1.9568,-0.56666,-0.56933,0.91799,-0.092231,0.25746,-0.95396,-1.1563,-0.28789,0.91853,-0.31694,-0.34803,-0.19316,0
0.68149,-0.26682,-0.55417,-0.56666,-0.56933,0.91799,-0.092231,-0.36558,-0.95396,-1.1563,0.32902,0.91853,-0.31694,-0.23307,1.2527,0
0.68149,-1.0834,0.34978,-0.56666,-0.56933,-0.65627,-0.57072,-0.62704,1.0467,0.86357,-0.49353,0.91853,-0.31694,-0.69292,-0.17608,1
0.68149,0.15781,-0.45373,1.6549,1.7014,0.6931,-0.57072,1.4273,1.0467,0.86357,-0.49353,-1.0871,-0.31694,0.57166,-0.19527,1
0.68149,-0.74483,-0.7219,1.6549,1.7014,-0.20648,-0.57072,0.082652,-0.95396,-1.1563,-0.28789,0.91853,-0.31694,-0.003149,-0.19143,1
0.68149,-0.92408,-0.6546,1.6549,1.7014,-0.88116,-0.57072,-0.066758,-0.95396,0.86357,-0.49353,-1.0871,-0.31694,-0.463,-0.19143,1
0.68149,0.60953,-0.91374,-0.56666,-0.56933,-0.20648,-0.57072,-0.63899,-0.95396,0.86357,-0.49353,-1.0871,-0.31694,0.57166,-0.19527,0
-0.407,-0.8715,-0.93081,-0.56666,-0.56933,0.4682,-0.57072,-0.36558,1.0467,-1.1563,-0.28789,0.91853,-0.31694,0.34174,-0.047866,0
-1.4955,0.74178,0.67621,1.6549,1.7014,-0.20648,-0.57072,-0.61509,1.0467,-1.1563,-0.082255,0.91853,-0.31694,-1.0378,-0.19182,1
0.68149,-0.47316,-0.61242,-0.56666,-0.56933,0.91799,-0.57072,-0.16686,-0.95396,-1.1563,-0.28789,-1.0871,-0.31694,1.2327,-0.19143,0
0.68149,1.8771,0.93534,-0.56666,-0.56933,1.5927,2.7787,3.6431,-0.95396,-1.1563,1.7685,-1.0871,-0.31694,-0.86537,-0.13769,0
0.68149,-0.944,-0.95592,1.6549,1.7014,0.018415,0.38626,-0.66439,1.0467,0.86357,-0.49353,-1.0871,3.2681,1.8362,-0.19508,0
0.68149,-0.62533,-0.95592,-0.56666,-0.56933,-0.88116,-0.57072,-0.63899,-0.95396,0.86357,-0.49353,0.91853,-0.31694,-1.0378,-0.19527,0
0.68149,0.64936,-0.62949,-0.56666,-0.56933,-1.331,-0.57072,-0.21617,-0.95396,-1.1563,1.5628,0.91853,-0.31694,0.03134,0.70682,0
-1.4955,-0.90417,-0.91374,-0.56666,-0.56933,0.4682,-0.092231,-0.57774,-0.95396,-1.1563,1.7685,0.91853,-0.31694,-0.57796,-0.17627,0
0.68149,0.52269,-0.95592,2.7657,1.7014,0.13086,1.3432,-0.66439,1.0467,0.86357,-0.49353,0.91853,1.4756,-1.0378,-0.19527,0
0.68149,-0.44607,-0.84745,-0.56666,-0.56933,0.6931,-0.57072,-0.61509,1.0467,-1.1563,-0.28789,0.91853,-0.31694,0.52568,-0.11005,1
0.68149,-0.91134,-0.83841,-0.56666,-0.56933,1.5927,2.7787,-0.66439,1.0467,-1.1563,0.12338,0.91853,-0.31694,0.97403,-0.047674,1
-1.4955,-1.2165,-0.88059,-0.56666,-0.56933,-1.331,-0.57072,-0.36558,1.0467,0.86357,-0.49353,0.91853,-0.31694,-0.34803,-0.19182,1
0.68149,-0.63887,-0.80526,-0.56666,-0.56933,0.018415,-0.57072,-0.51499,-0.95396,0.86357,-0.49353,-1.0871,3.2681,0.80159,-0.19527,1
0.68149,-0.01507,-0.95592,-0.56666,-0.56933,0.6931,-0.57072,-0.29087,-0.95396,-1.1563,-0.28789,0.91853,-0.31694,0.12331,-0.19527,0
-1.4955,-0.35366,-0.44569,1.6549,1.7014,1.5927,2.7787,-0.66439,1.0467,0.86357,-0.49353,-1.0871,-0.31694,-0.003149,-0.18376,1
-1.4955,-0.04136,0.34978,-0.56666,-0.56933,-1.331,0.38626,0.53088,-0.95396,-1.1563,0.94593,-1.0871,-0.31694,-1.0378,0.39301,0
0.68149,-0.094738,-0.25285,-0.56666,-0.56933,-1.331,-0.57072,-0.61509,1.0467,0.86357,-0.49353,0.91853,-0.31694,0.20378,-0.19527,1
0.68149,0.31715,-0.45373,-0.56666,-0.56933,-0.65627,-0.57072,-0.36558,1.0467,0.86357,-0.49353,-1.0871,-0.31694,0.16929,-0.19527,1
0.68149,-2.4712,-0.85548,-0.56666,-0.56933,-1.331,0.38626,-0.41488,-0.95396,0.86357,-0.49353,-1.0871,3.2681,0.80159,-0.19527,1
0.68149,1.4787,2.8607,-0.56666,-0.56933,1.5927,2.7787,-0.66439,-0.95396,-1.1563,-0.28789,0.91853,-0.31694,-0.49749,-0.19527,1
0.68149,-0.62533,-0.95592,2.7657,1.7014,0.13086,1.3432,-0.66439,1.0467,0.86357,-0.49353,0.91853,1.4756,-1.0378,-0.19527,0
0.68149,-0.11466,-0.0017526,-0.56666,-0.56933,0.018415,-0.57072,-0.066758,1.0467,-1.1563,-0.28789,-1.0871,-0.31694,1.6063,-0.18222,1
0.68149,1.658,-0.54613,1.6549,1.7014,1.5927,2.7787,-0.21617,1.0467,0.86357,-0.49353,0.91853,-0.31694,-0.34803,-0.19508,1
0.68149,0.66928,-0.61242,1.6549,1.7014,0.018415,-0.57072,-0.61509,1.0467,0.86357,-0.49353,0.91853,3.2681,1.2614,-0.19527,1
-1.4955,-2.4712,1.3039,-0.56666,-0.56933,1.5927,2.7787,-0.66439,1.0467,0.86357,-0.49353,0.91853,-0.31694,-1.0378,0.80279,1
-1.4955,-0.034987,1.1864,-0.56666,-0.56933,0.4682,-0.092231,-0.63899,1.0467,-1.1563,1.9741,-1.0871,-0.31694,-0.2963,-0.1947,1
-1.4955,-0.81175,-0.35329,-0.56666,-0.56933,1.3678,-0.57072,-0.65244,-0.95396,0.86357,-0.49353,0.91853,-0.31694,-0.463,-0.19527,0
0.68149,2.6339,3.0616,-0.56666,-0.56933,0.91799,-0.092231,4.5649,-0.95396,-1.1563,1.3572,-1.0871,-0.31694,-1.0378,-0.0033369,0
0.68149,0.25102,0.88613,-0.56666,-0.56933,-1.331,-0.57072,0.68029,-0.95396,-1.1563,1.9741,-1.0871,-0.31694,-1.0378,-0.15285,0
0.68149,-0.46599,-0.25285,-0.56666,-0.56933,-0.88116,-0.57072,-0.47763,-0.95396,-1.1563,0.94593,0.91853,-0.31694,-1.0378,1.1596,0
0.68149,-0.69862,-0.86352,-0.56666,-0.56933,-0.20648,-0.57072,-0.62704,1.0467,0.86357,-0.49353,-1.0871,-0.31694,0.57166,-0.18471,1
-1.4955,1.1935,-0.15241,-0.56666,-0.56933,-0.43137,0.86475,-0.66439,-0.95396,0.86357,-0.49353,0.91853,-0.31694,-0.463,-0.011014,0
-1.4955,-0.12103,-0.73797,1.6549,1.7014,0.91799,-0.57072,-0.36558,1.0467,0.86357,-0.49353,0.91853,-0.31694,0.57166,-0.19278,1
0.68149,0.62945,-0.60438,-0.56666,-0.56933,-0.20648,-0.57072,-0.51499,1.0467,0.86357,-0.49353,-1.0871,-0.31694,0.68662,-0.19489,1
0.68149,-0.61895,1.5802,-0.56666,-0.56933,-1.331,-0.57072,-0.62704,1.0467,-1.1563,-0.082255,0.91853,-0.31694,-1.0378,0.87035,1
0.68149,-0.71217,1.2537,-0.56666,-0.56933,-0.88116,-0.57072,-0.46568,-0.95396,0.86357,-0.49353,0.91853,-0.31694,-0.463,-0.19527,0
0.68149,-0.944,-0.15241,1.6549,1.7014,-0.65627,-0.57072,-0.36558,1.0467,0.86357,-0.49353,-1.0871,-0.31694,1.0315,-0.0033369,1
-1.4955,-0.39349,0.78468,-0.56666,-0.56933,1.3678,-0.57072,-0.24157,-0.95396,0.86357,-0.49353,0.91853,-0.31694,-0.11811,-0.16648,0
0.68149,0.14427,-0.45373,-0.56666,-0.56933,-0.88116,-0.092231,0.15736,-0.95396,-1.1563,0.74029,0.91853,-0.31694,-0.11811,0.20242,0
-1.4955,0.84136,-0.74701,-0.56666,-0.56933,1.3678,-0.57072,-0.46568,1.0467,0.86357,-0.49353,0.91853,-0.31694,0.34174,-0.14978,1
0.68149,-0.66516,-0.44569,1.6549,1.7014,-1.331,-0.092231,0.10805,-0.95396,0.86357,-0.49353,0.91853,-0.31694,-1.0378,-0.19527,0
-1.4955,-0.027817,1.4546,-0.56666,-0.56933,-1.331,-0.57072,-0.066758,-0.95396,-1.1563,-0.28789,0.91853,-0.31694,0.22678,-0.19162,0
-0.407,-0.36003,-0.41154,1.6549,1.7014,0.13086,1.3432,-0.63899,1.0467,0.86357,-0.49353,0.91853,3.2681,-0.57796,-0.19527,1
0.68149,0.88837,0.056502,-0.56666,-0.56933,0.4682,-0.092231,3.1455,-0.95396,0.86357,-0.49353,-1.0871,-0.31694,-0.50898,-0.19527,0
0.68149,-1.1902,-0.80526,-0.56666,-0.56933,-1.331,-0.57072,-0.14146,-0.95396,-1.1563,0.53466,-1.0871,-0.31694,0.98552,-0.062837,0
0.68149,-0.59266,-0.59635,-0.56666,-0.56933,-1.331,-0.57072,-0.50303,1.0467,0.86357,-0.49353,-1.0871,-0.31694,-0.25607,-0.19508,1
0.68149,3.378,2.6096,-0.56666,-0.56933,1.5927,2.7787,-0.66439,-0.95396,0.86357,-0.49353,-1.0871,-0.31694,-1.0378,-0.19527,0
-1.4955,0.3769,-0.77212,-0.56666,-0.56933,1.3678,-0.57072,-0.44028,-0.95396,-1.1563,0.32902,0.91853,-0.31694,-1.0378,0.10856,0
0.68149,-0.30028,-0.63753,-0.56666,-0.56933,-0.88116,-0.092231,-0.11606,-0.95396,-1.1563,1.9741,-1.0871,-0.31694,2.3133,-0.058422,0
0.68149,-0.1274,-0.70482,-0.56666,-0.56933,-1.331,-0.092231,-0.58969,1.0467,-1.1563,-0.082255,-1.0871,-0.31694,1.2614,-0.17454,1
0.68149,-0.18078,-0.6546,1.6549,1.7014,-1.331,-0.57072,-0.21617,-0.95396,0.86357,-0.49353,-1.0871,-0.31694,-1.0378,-0.15209,1
0.68149,0.19764,-0.60438,-0.56666,-0.56933,0.91799,-0.092231,0.68029,-0.95396,-1.1563,0.32902,-1.0871,-0.31694,0.41646,-0.030784,0
0.68149,-0.79183,-0.1273,1.6549,1.7014,-0.65627,-0.092231,-0.65244,1.0467,0.86357,-0.49353,0.91853,-0.31694,-0.23307,-0.17608,1
-1.4955,-0.38632,-0.55417,-0.56666,-0.56933,-0.43137,0.86475,-0.66439,1.0467,0.86357,-0.49353,-1.0871,-0.31694,0.54867,-0.19508,1
-1.4955,0.44302,-0.89767,-0.56666,-0.56933,1.5927,2.7787,-0.66439,1.0467,-1.1563,1.5628,0.91853,-0.31694,0.11181,-0.19182,1
-1.4955,-0.44607,-0.72993,-0.56666,-0.56933,0.4682,-0.57072,-0.27892,-0.95396,-1.1563,-0.082255,0.91853,-0.31694,0.11181,-0.19527,1
-1.4955,-0.89779,-0.80526,-0.56666,-0.56933,-1.331,-0.57072,-0.42683,-0.95396,-1.1563,0.53466,-1.0871,-0.31694,-0.23307,-0.19431,1
0.68149,-0.91771,0.96949,-0.56666,-0.56933,1.3678,-0.57072,-0.42833,1.0467,0.86357,-0.49353,0.91853,-0.31694,-0.57796,-0.12809,1
-1.4955,-0.81175,0.75154,-0.56666,-0.56933,-1.331,-0.57072,-0.61509,1.0467,0.86357,-0.49353,0.91853,-0.31694,-1.0378,-0.1279,1
-1.4955,0.74178,0.5587,1.6549,1.7014,0.4682,-0.092231,1.7262,-0.95396,-1.1563,2.3854,0.91853,-0.31694,-1.0378,0.24618,0
0.68149,-0.65241,-0.35329,-0.56666,-0.56933,0.018415,-0.57072,-0.27892,-0.95396,-1.1563,-0.28789,0.91853,-0.31694,0.4567,-0.041724,0
0.68149,-2.4712,-0.88059,-0.56666,-0.56933,-1.1061,-0.57072,-0.40293,-0.95396,0.86357,-0.49353,-1.0871,3.2681,4.2964,-0.19527,1
0.68149,-0.42616,-0.51198,1.6549,1.7014,1.3678,-0.57072,0.53088,-0.95396,0.86357,-0.49353,0.91853,-0.31694,0.042836,-0.19527,1
0.68149,-2.4712,-0.83037,-0.56666,-0.56933,-0.20648,-0.57072,-0.58969,1.0467,0.86357,-0.49353,0.91853,-0.31694,1.1465,0.19052,1
0.68149,-0.6325,-0.45373,-0.56666,-0.56933,1.5927,2.7787,-0.63899,1.0467,0.86357,-0.49353,-1.0871,-0.31694,-0.463,0.61239,1
-1.4955,1.2732,1.6555,-0.56666,-0.56933,-0.65627,0.38626,0.879,-0.95396,-1.1563,1.3572,-1.0871,-0.31694,-1.0378,-0.19527,0
0.68149,-0.64524,-0.32014,1.6549,1.7014,-1.331,-0.57072,-0.61509,1.0467,0.86357,-0.49353,0.91853,-0.31694,-0.11811,0.0077953,1
-1.4955,0.53623,0.14891,-0.56666,-0.56933,0.4682,-0.57072,-0.62704,-0.95396,0.86357,-0.49353,-1.0871,-0.31694,0.27276,-0.19527,0
0.68149,-0.25407,-0.6546,-0.56666,-0.56933,0.6931,-0.57072,0.0079468,1.0467,-1.1563,-0.28789,-1.0871,-0.31694,-0.463,-0.1947,1
0.68149,0.13789,-0.6546,-0.56666,-0.56933,-0.88116,-0.092231,0.97911,-0.95396,-1.1563,0.12338,-1.0871,-0.31694,-1.0378,-0.19527,0
0.68149,-0.85796,1.0448,-0.56666,-0.56933,1.1429,2.3002,-0.66439,-0.95396,0.86357,-0.49353,0.91853,-0.31694,-1.0378,-0.19527,0
0.68149,-1.0308,0.14891,-0.56666,-0.56933,-0.20648,-0.57072,-0.51499,-0.95396,0.86357,-0.49353,0.91853,-0.31694,-0.57796,-0.19527,0
0.68149,-0.067651,0.34978,-0.56666,-0.56933,-0.88116,-0.57072,0.26941,-0.95396,-1.1563,1.1516,0.91853,-0.31694,0.85907,0.03505,0
0.68149,-0.77192,1.1533,-0.56666,-0.56933,-1.331,-0.57072,0.23206,-0.95396,0.86357,-0.49353,-1.0871,-0.31694,-1.0378,-0.19527,0
0.68149,-0.34649,1.9739,-0.56666,-0.56933,-0.65627,0.38626,-0.66439,1.0467,0.86357,-0.49353,-1.0871,-0.31694,-0.014645,-0.19527,1
0.68149,-0.75837,1.0026,-0.56666,-0.56933,-1.331,-0.57072,-0.58969,-0.95396,0.86357,-0.49353,0.91853,-0.31694,-0.23307,-0.19527,1
0.68149,1.8571,0.4,-0.56666,-0.56933,-1.331,-0.092231,0.12,-0.95396,-1.1563,1.7685,-1.0871,-0.31694,-1.0378,-0.14076,0
0.68149,0.76169,0.048467,-0.56666,-0.56933,-1.331,-0.57072,0.8297,-0.95396,-1.1563,0.94593,0.91853,-0.31694,-1.0378,0.39301,0
0.68149,1.3393,-0.11927,-0.56666,-0.56933,0.91799,0.38626,-0.63899,1.0467,0.86357,-0.49353,-1.0871,-0.31694,1.9512,-0.19527,1
0.68149,-0.56558,-0.82234,-0.56666,-0.56933,-1.331,-0.57072,-0.61509,1.0467,0.86357,-0.49353,0.91853,-0.31694,-0.463,-0.19527,0
0.68149,2.508,1.6053,1.6549,1.7014,-1.331,-0.092231,0.8297,-0.95396,0.86357,-0.49353,0.91853,-0.31694,-0.39402,-0.19527,1
0.68149,-1.0037,1.1362,1.6549,1.7014,1.3678,-0.57072,-0.62704,-0.95396,0.86357,-0.49353,0.91853,-0.31694,-0.34803,-0.1233,1
0.68149,-0.18715,1.9568,-0.56666,-0.56933,-1.1061,-0.57072,-0.62704,1.0467,0.86357,-0.49353,0.91853,-0.31694,-1.0378,-0.14038,1
0.68149,0.27094,-0.10219,-0.56666,-0.56933,-0.65627,0.38626,0.30677,-0.95396,-1.1563,-0.082255,0.91853,-0.31694,0.53717,-0.078191,0
0.68149,-0.705,-0.83841,1.6549,1.7014,1.5927,2.7787,-0.66439,1.0467,0.86357,-0.49353,0.91853,-0.31694,-0.463,-0.19527,1
0.68149,-0.26045,-0.69679,-0.56666,-0.56933,-0.20648,-0.092231,-0.58969,1.0467,0.86357,-0.49353,-1.0871,3.2681,-0.23307,-0.19527,1
0.68149,-0.73208,-0.9057,-0.56666,-0.56933,-1.1061,-0.092231,-0.46568,-0.95396,0.86357,-0.49353,-1.0871,-0.31694,-1.0378,-0.19527,0
-1.4955,-1.2029,-0.3784,-0.56666,-0.56933,0.4682,-0.57072,-0.63899,1.0467,0.86357,-0.49353,0.91853,-0.31694,-0.34803,-0.19527,1
-1.4955,-0.061277,0.14891,-0.56666,-0.56933,-0.20648,-0.57072,0.97911,1.0467,0.86357,-0.49353,-1.0871,3.2681,-0.463,-0.19527,1
-1.4955,1.2931,-0.80526,-0.56666,-0.56933,0.4682,-0.092231,0.15736,-0.95396,-1.1563,-0.28789,0.91853,-0.31694,0.87631,-0.024066,0
0.68149,-0.18715,0.91927,-0.56666,-0.56933,0.4682,-0.092231,1.0284,-0.95396,-1.1563,0.74029,0.91853,-0.31694,1.1522,-0.16303,0
0.68149,0.044681,-0.80526,1.6549,1.7014,1.3678,-0.57072,0.38147,1.0467,0.86357,-0.49353,-1.0871,-0.31694,0.80159,-0.19527,1
0.68149,0.70194,-0.85548,-0.56666,-0.56933,0.018415,-0.57072,-0.58969,-0.95396,0.86357,-0.49353,0.91853,3.2681,0.61765,-0.19527,1
0.68149,-1.1766,-0.95592,1.6549,1.7014,1.3678,-0.57072,-0.58969,1.0467,0.86357,-0.49353,0.91853,-0.31694,-0.69292,-0.19527,1
0.68149,-0.067651,-0.73797,1.6549,1.7014,-1.331,-0.57072,-0.65244,1.0467,0.86357,-0.49353,0.91853,-0.31694,-0.06063,-0.16092,1
0.68149,-0.86433,0.68525,-0.56666,-0.56933,1.3678,-0.57072,-0.078711,-0.95396,-1.1563,2.3854,0.91853,-0.31694,-0.69292,-0.16495,0
0.68149,-0.87787,1.2628,-0.56666,-0.56933,-1.331,-0.57072,-0.066758,1.0467,0.86357,-0.49353,-1.0871,-0.31694,-0.25607,-0.19527,1
0.68149,-0.021443,-0.63753,-0.56666,-0.56933,-1.1061,-0.57072,-0.48959,1.0467,0.86357,-0.49353,-1.0871,3.2681,-1.0378,-0.19527,1
0.68149,0.56969,1.078,-0.56666,-0.56933,0.91799,-0.57072,0.082652,-0.95396,-1.1563,0.74029,0.91853,-0.31694,1.9512,-0.15765,0
-1.4955,-0.49945,-0.35329,-0.56666,-0.56933,0.4682,-0.092231,-0.11606,-0.95396,-1.1563,3.4136,0.91853,-0.31694,-1.0378,-0.099304,0
-1.4955,0.16418,-0.026862,-0.56666,-0.56933,0.4682,-0.092231,-0.17882,-0.95396,-1.1563,-0.082255,0.91853,-0.31694,-1.0378,-0.19527,0
0.68149,-2.4712,1.1533,-0.56666,-0.56933,0.91799,-0.57072,1.2779,-0.95396,0.86357,-0.49353,0.91853,-0.31694,-1.0378,-0.19527,0
-1.4955,-0.46599,-0.3784,-0.56666,-0.56933,0.91799,-0.092231,-0.40293,-0.95396,0.86357,-0.49353,0.91853,-0.31694,1.0315,-0.19527,0
-1.4955,1.3066,0.6511,-0.56666,-0.56933,1.1429,0.38626,1.2779,-0.95396,-1.1563,0.74029,0.91853,-0.31694,1.1177,9.6126,0
0.68149,-0.26045,-0.83841,1.6549,1.7014,-0.88116,-0.57072,-0.58969,-0.95396,-1.1563,-0.082255,0.91853,-0.31694,0.4567,-0.099304,0
0.68149,0.29723,2.0572,-0.56666,-0.56933,0.24331,1.3432,0.94176,-0.95396,-1.1563,1.3572,-1.0871,-0.31694,-1.0378,-0.16955,0
0.68149,-0.034987,-0.41154,1.6549,1.7014,0.018415,-0.57072,-0.62704,1.0467,0.86357,-0.49353,-1.0871,3.2681,-0.57796,-0.19527,1
0.68149,3.9221,0.14891,-0.56666,-0.56933,0.13086,1.3432,-0.50303,-0.95396,0.86357,-0.49353,0.91853,-0.31694,-1.0378,-0.13001,1
0.68149,1.3592,-0.20263,-0.56666,-0.56933,-0.65627,0.38626,-0.36558,1.0467,0.86357,-0.49353,0.91853,-0.31694,-0.463,-0.19489,1
0.68149,0.51632,-0.72993,1.6549,1.7014,-1.1061,-0.57072,-0.21617,1.0467,0.86357,-0.49353,-1.0871,-0.31694,1.4396,-0.19527,0
0.68149,-1.1703,-0.40351,-0.56666,-0.56933,1.3678,-0.57072,-0.46568,1.0467,-1.1563,-0.28789,0.91853,-0.31694,-0.57796,-0.19124,1
0.68149,-1.097,-0.35329,-0.56666,-0.56933,-0.20648,-0.57072,-0.65244,1.0467,0.86357,-0.49353,-1.0871,-0.31694,-0.11811,-0.18759,1
-1.4955,0.2311,-0.63753,1.6549,1.7014,1.5927,2.7787,-0.66439,-0.95396,0.86357,-0.49353,0.91853,-0.31694,0.80159,-0.19527,1
0.68149,-0.78466,-0.9057,1.6549,1.7014,-1.331,-0.092231,-0.58969,1.0467,0.86357,-0.49353,0.91853,-0.31694,0.57166,-0.15612,1
-1.4955,-1.0635,-0.95592,1.6549,1.7014,-0.43137,2.7787,-0.66439,1.0467,0.86357,-0.49353,0.91853,-0.31694,-0.54347,-0.19527,1
0.68149,0.4231,-0.19459,-0.56666,-0.56933,0.6931,-0.57072,-0.31627,-0.95396,0.86357,-0.49353,-1.0871,-0.31694,0.11181,-0.19527,1
-1.4955,-1.2101,0.57577,-0.56666,-0.56933,0.4682,-0.57072,-0.62704,1.0467,-1.1563,-0.28789,-1.0871,-0.31694,-1.0378,-0.16456,1
-1.4955,-0.944,0.76861,-0.56666,-0.56933,-0.88116,-0.092231,-0.44028,-0.95396,-1.1563,0.94593,0.91853,-0.31694,-0.48599,-0.19527,0
0.68149,0.36335,-0.80526,-0.56666,-0.56933,-0.20648,-0.57072,-0.21617,1.0467,0.86357,-0.49353,-1.0871,-0.31694,0.29,-0.19527,1
-1.4955,-0.47953,1.2537,1.6549,1.7014,1.3678,-0.57072,0.68029,-0.95396,0.86357,-0.49353,0.91853,-0.31694,-0.34803,-0.19527,1
-1.4955,-0.47953,-0.78015,-0.56666,-0.56933,0.91799,-0.092231,-0.35362,-0.95396,0.86357,-0.49353,-1.0871,-0.31694,-0.11811,0.92947,0
