0.207173,0.038577,-0.286499,-0.211099,-0.52161,-0.130048,-0.403805,-0.116308,-0.799071,-0.721271,-0.829698,-0.829496,1.36807,-0.869631,0.0455833,-0.858342,0.538437,0.140168,0
0.854911,0.176177,-0.286499,-0.211099,-0.504019,-0.125365,-0.43854,-0.118704,-0.786623,-0.693135,-0.827161,-0.820501,1.50263,-0.928853,0.00519306,-0.842923,0.507405,0.266499,0
-0.265136,0.279376,-0.286499,-0.211099,-0.52161,-0.129026,-0.369071,-0.114141,-0.800987,-0.715019,-0.839844,-0.829496,1.44496,-0.928853,0.0657785,-0.863482,0.481222,0.240125,0
-1.22325,0.244977,-0.286499,-0.211099,-0.451247,-0.127664,-0.311179,-0.114635,-0.80769,-0.708766,-0.857599,-0.835492,1.56992,-1.01176,0.0758761,-0.858342,0.661596,0.382278,0
-1.15578,-0.202222,-0.286499,-0.211099,-0.380883,-0.122895,-0.357492,-0.115091,-0.802902,-0.73065,-0.829698,-0.832494,1.32001,-0.845942,0.0556809,-0.855772,0.614466,0.105569,0
-1.46615,0.0901769,-0.286499,-0.211099,-0.451247,-0.129708,-0.403805,-0.116308,-0.815351,-0.733777,-0.852526,-0.841489,1.41613,-0.928853,0.0960712,-0.873762,0.60826,0.227386,0
-1.3312,-0.95902,3.4738,-0.211099,-0.292929,-0.11106,-0.0333012,-0.0867973,-0.441889,-0.377376,-0.413707,-0.532656,0.954748,-0.164891,-0.721832,-0.439445,0.0603034,-0.181354,0
-1.49314,-0.219422,-0.286499,-0.211099,-0.0642484,-0.00845318,0.0130118,-0.109007,-0.495514,-0.396134,-0.515168,-0.56264,1.32001,-0.54391,-0.459295,-0.542242,-0.239217,-0.00301286,0
-1.53362,-0.253822,-0.286499,-0.211099,-0.187384,-0.113103,-0.253288,-0.109729,-0.502217,-0.393008,-0.522778,-0.577631,1.41613,-0.555755,-0.540076,-0.549951,-0.151644,0.0245376,0
-0.535027,-0.374222,-0.286499,-0.211099,-0.187384,-0.101863,-0.276445,-0.106991,-0.408373,-0.330482,-0.393415,-0.496675,1.05087,-0.230035,-0.711734,-0.418885,-0.0811057,-0.139926,0
-1.43916,0.382576,-0.286499,-0.211099,-0.486428,-0.13107,-0.415384,-0.115662,-0.857485,-0.771292,-0.913403,-0.865476,1.49302,-1.09467,0.298023,-0.909741,0.779907,0.49343,0
-1.37169,-1.16542,-0.286499,-0.211099,0.0940688,-0.0470264,-0.17224,-0.11144,-0.352832,-0.317976,-0.294491,-0.451699,0.608716,0.119374,-0.843003,-0.318658,0.0520821,-0.276237,0
0.962868,0.107377,-0.286499,-0.211099,-0.345702,-0.121533,-0.403805,-0.117677,-0.795241,-0.70564,-0.837307,-0.823499,1.4738,-0.946619,0.0657785,-0.848063,0.514193,0.261391,0
-0.602499,-0.116223,-0.286499,-0.211099,-0.134612,-0.0939443,-0.218553,-0.110528,-0.397839,-0.330482,-0.375659,-0.484682,0.945136,-0.170813,-0.701637,-0.400896,-0.0697918,-0.187152,0
-1.65507,-1.35462,-0.286499,-0.211099,0.0764784,-0.0765736,-0.0448794,-0.103797,-0.474447,-0.439903,-0.428927,-0.556643,0.704836,-0.0701356,-0.620856,-0.454864,0.151545,-0.265055,0
-0.0627175,0.227777,-0.286499,-0.211099,-0.416065,-0.121874,-0.334336,-0.114939,-0.797156,-0.708766,-0.839844,-0.823499,1.46419,-0.952541,0.0859736,-0.853202,0.467645,0.266634,0
0.288141,0.0213771,-0.286499,-0.211099,-0.451247,-0.127664,-0.461697,-0.1184,-0.802902,-0.718145,-0.837307,-0.835492,1.43535,-0.899242,0.0253882,-0.860912,0.616988,0.202428,0
-1.37169,-0.649421,-0.286499,-0.211099,-0.152203,-0.107313,-0.17224,-0.109615,-0.494556,-0.396134,-0.505022,-0.571635,1.31039,-0.478766,-0.560271,-0.531962,-0.103279,-0.0297996,0
0.180184,-0.116223,-0.286499,-0.211099,-0.416065,-0.128005,-0.450118,-0.117373,-0.791411,-0.715019,-0.817015,-0.826497,1.34884,-0.828175,-0.00490459,-0.845493,0.59798,0.0957591,0
1.40819,0.0213771,-0.286499,-0.211099,-0.328111,-0.129793,-0.357492,-0.116004,-0.806732,-0.727524,-0.84238,-0.832494,1.38729,-0.911086,0.0960712,-0.863482,0.539407,0.194135,0
-1.38518,-0.116223,-0.286499,-0.211099,-0.486428,-0.129026,-0.473275,-0.118134,-0.813435,-0.736903,-0.844917,-0.841489,1.36807,-0.887397,0.0758761,-0.868622,0.669355,0.154401,0
-0.049223,-1.07942,-0.286499,-0.211099,0.11166,-0.077936,0.0593248,-0.0899918,-0.267607,-0.233566,-0.200639,-0.37674,0.531819,0.249662,-0.984369,-0.223571,-0.00409099,-0.279411,0
-1.23674,0.451376,-0.286499,-0.211099,-0.433656,-0.125705,-0.392227,-0.117944,-0.818223,-0.811935,-0.806869,-0.829496,0.72406,-0.591288,0.247535,-0.837783,0.682296,-0.413815,0
-0.602499,-0.477422,-0.286499,-0.211099,-0.222566,-0.108335,-0.345914,-0.113836,-0.4055,-0.327355,-0.395952,-0.48768,1.05087,-0.265568,-0.651149,-0.421455,-0.144256,-0.145523,0
-0.386587,-0.666621,-0.286499,-0.211099,-0.134612,-0.102119,-0.206975,-0.0960385,-0.342299,-0.264829,-0.319856,-0.439706,0.993196,-0.123435,-0.832905,-0.344358,-0.107504,-0.165749,0
0.274646,-0.357022,-0.286499,-0.211099,-0.328111,-0.117531,0.00143348,-0.104253,-0.362408,-0.305471,-0.324929,-0.457696,0.82018,-0.0346025,-0.802613,-0.349497,-0.0240512,-0.221266,0
-1.43916,0.262176,-0.286499,-0.211099,-0.328111,-0.118553,-0.369071,-0.116422,-0.810563,-0.721271,-0.855063,-0.835492,1.48341,-0.97623,0.106169,-0.868622,0.530679,0.306713,0
0.180184,0.176177,-0.286499,-0.211099,-0.398474,-0.121278,-0.299601,-0.117335,-0.792368,-0.708766,-0.824625,-0.826497,1.41613,-0.875553,0.00519306,-0.848063,0.593714,0.168486,0
-0.049223,-0.167822,-0.286499,-0.211099,-0.0642485,-0.0963285,0.0709029,-0.103797,-0.435186,-0.364871,-0.423853,-0.511667,1.00281,-0.277412,-0.580466,-0.449724,-0.11719,-0.157247,0
-0.400081,-1.13102,-0.286499,-0.211099,-0.029067,-0.053072,-0.102771,-0.101857,-0.279098,-0.233566,-0.218395,-0.391732,0.647164,0.196363,-1.01466,-0.241561,0.0108243,-0.255623,0
0.207173,-1.68142,-0.286499,-0.211099,-0.29293,-0.097776,-0.311179,-0.118286,2.35046,2.38629,2.24457,2.41775,-1.58283,1.18537,-0.35832,2.25384,-1.1029,-0.650347,1
0.234162,-1.54382,-0.286499,-0.211099,-0.451247,-0.117159,-0.43854,-0.115913,1.90039,1.79541,1.93258,1.94401,-2.51519,1.78351,-0.39871,1.93773,-0.771791,-0.684634,1
-0.791423,-1.40622,-0.286499,-0.211099,-0.416065,-0.123961,-0.461696,-0.116138,1.8774,1.74852,1.93765,1.91103,-2.71704,1.96117,-0.489588,1.94287,-0.709023,-0.682534,1
0.544537,-0.408622,-0.286499,-0.211099,-0.32811,-0.120596,-0.380649,-0.114635,1.45606,1.2952,1.68907,1.32035,-2.66898,2.82581,-2.01432,1.69102,-0.408267,-0.556211,1
1.39469,-1.76742,-0.286499,-0.211099,-0.275339,-0.120215,-0.369071,-0.111773,2.27289,2.27999,2.20399,2.3248,-1.78468,1.3808,-0.47949,2.21272,-1.03081,-0.646149,1
-0.00873932,-1.61262,-0.286499,-0.211099,-0.292929,-0.115147,-0.322758,-0.110185,2.36195,2.42693,2.25725,2.39976,-1.3233,1.20313,-0.661247,2.26668,-1.1332,-0.59685,1
0.423086,-1.56102,-0.286499,-0.211099,-0.363294,-0.127749,0.00143316,-0.108816,2.56496,2.72393,2.33589,2.65762,-0.621623,0.498394,-0.196758,2.34635,-1.36441,-0.603023,1
-1.39868,-0.563421,-0.286499,-0.211099,-0.398474,-0.130474,-0.380649,-0.113722,1.97508,2.05177,1.93004,1.93501,-0.900372,1.30381,-1.2772,1.93516,-1.07126,-0.485709,1
-1.57411,-1.44062,3.4738,-0.211099,-0.169793,-0.105525,-0.160662,-0.112315,1.97221,1.95798,2.00867,1.92302,-1.73662,1.87234,-1.36808,2.01483,-0.880982,-0.550056,1
-0.0357284,-1.92222,-0.286499,-0.211099,-0.292929,-0.124343,0.0593251,-0.0676304,2.74977,2.92402,2.43988,2.92148,-0.631235,0.0838413,0.520169,2.45172,-1.45362,-0.757501,1
-1.0883,-0.752621,-0.286499,-0.211099,-0.468838,-0.123581,-0.380649,-0.115358,1.82665,1.71413,1.88439,1.84806,-2.5248,1.90195,-0.590564,1.88891,-0.726471,-0.665361,1
-1.5876,-1.80182,-0.286499,-0.211099,-0.204975,-0.114721,-0.345914,-0.115662,2.62529,2.82397,2.36379,2.71759,-0.304426,0.320729,-0.227051,2.37462,-1.43788,-0.560607,1
0.854911,-1.38902,-0.286499,-0.211099,-0.363292,-0.118981,-0.195397,-0.106515,1.8573,1.76415,1.87678,1.90503,-2.37101,1.65914,-0.338124,1.8812,-0.797491,-0.686153,1
0.369108,-1.80182,-0.286499,-0.211099,-0.363293,-0.121025,-0.426961,-0.116708,1.93965,1.80792,1.97316,2.00698,-2.79394,1.82496,-0.176563,1.97885,-0.741474,-0.714749,1
-0.0627175,-0.838621,-0.286499,-0.211099,-0.504019,-0.129452,-0.43854,-0.118704,1.67439,1.5797,1.80829,1.5902,-2.23644,2.31058,-1.59022,1.81181,-0.64419,-0.564418,1
0.247657,-1.69862,-0.286499,-0.211099,-0.204975,-0.110634,-0.357492,-0.10779,2.34088,2.38316,2.22935,2.40876,-1.51554,1.13799,-0.348222,2.23842,-1.11657,-0.646948,1
0.76045,-1.64702,-0.286499,-0.211099,-0.380884,-0.120852,-0.43854,-0.116879,2.61092,2.80209,2.34096,2.72059,-0.362099,0.249662,-0.0452948,2.35149,-1.43827,-0.59262,1
-0.238147,-1.75022,-0.286499,-0.211099,-0.398476,-0.119623,-0.299601,-0.115311,2.31886,2.33002,2.23443,2.38477,-1.78468,1.30973,-0.35832,2.24356,-1.05224,-0.660492,1
1.3677,-0.683821,-0.286499,-0.211099,-0.328111,-0.119575,-0.322758,-0.114293,1.38424,1.17015,1.66371,1.24539,-3.10152,3.09231,-2.01432,1.66532,-0.269069,-0.576281,1
-0.42707,-1.61262,-0.286499,-0.211099,-0.222565,-0.103226,-0.253288,-0.10334,2.36291,2.42068,2.25472,2.41176,-1.39058,1.17945,-0.550173,2.26411,-1.12938,-0.613928,1
-0.87239,-1.21702,-0.286499,-0.211099,-0.380883,-0.117786,-0.380649,-0.111897,1.9272,1.91421,1.94526,1.89903,-1.68856,1.70652,-1.13583,1.95058,-0.901104,-0.570273,1
0.733461,-0.374222,-0.286499,-0.211099,-0.468836,-0.12264,-0.415384,-0.116118,2.52953,2.63014,2.35618,2.61265,-1.13106,0.859648,-0.277539,2.36691,-1.24101,-0.633791,1
-0.170674,-1.59542,-0.286499,-0.211099,-0.433655,-0.125238,-0.288023,-0.112109,1.96933,1.90796,1.96555,2.01297,-2.16916,1.58808,-0.429003,1.97114,-0.870292,-0.67007,1
-0.292125,-1.01062,-0.286499,-0.211099,-0.398474,-0.115421,-0.264867,-0.110067,1.85346,1.78291,1.87678,1.87505,-2.15955,1.68283,-0.600661,1.8812,-0.820088,-0.650918,1
0.665988,-1.25142,-0.286499,-0.211099,-0.292929,-0.11402,-0.345914,-0.109722,1.81899,1.73601,1.86663,1.82407,-2.24605,1.82496,-0.752125,1.87092,-0.773725,-0.639281,1
-0.602499,-1.42342,-0.286499,-0.211099,-0.416065,-0.118296,-0.392227,-0.111574,1.90326,1.77978,1.94019,1.959,-2.68821,1.81904,-0.277539,1.94544,-0.744189,-0.701739,1
-0.777928,-0.890221,-0.286499,-0.211099,-0.0818393,-0.11106,-0.230132,-0.116422,2.29779,2.32376,2.2116,2.35179,-1.63089,1.28012,-0.469393,2.22043,-1.07137,-0.64086,1
-0.440565,-1.14822,-0.286499,-0.211099,-0.468838,-0.130815,-0.369071,-0.113684,2.29875,2.33314,2.20652,2.35179,-1.55399,1.23867,-0.47949,2.21529,-1.08726,-0.632539,1
-0.777928,-1.56102,-0.286499,-0.211099,-0.31052,-0.10706,-0.17224,-0.106042,2.30449,2.31126,2.24204,2.34879,-1.81351,1.45187,-0.570369,2.25127,-1.02319,-0.637005,1
0.00475522,-1.32022,3.4738,-0.211099,-0.416066,-0.117434,-0.0911922,-0.111476,2.2614,2.2456,2.21413,2.30981,-1.98653,1.52293,-0.509783,2.223,-0.981407,-0.652358,1
-0.319114,-0.0302228,3.4738,-0.211099,-0.398474,-0.112108,-0.230132,-0.110383,-0.870891,-0.896345,-0.867745,-0.841489,0.474147,-0.691965,0.68173,-0.899461,1.84878,-0.755908,2
-1.39868,-0.0130228,-0.286499,-0.211099,-0.468837,-0.122215,-0.450118,-0.115358,-0.944626,-0.927608,-0.976816,-0.91345,0.925912,-0.999919,0.732218,-1.00997,0.582077,-0.708068,2
-1.07481,-0.580621,-0.286499,-0.211099,-0.363293,-0.123662,-0.380649,-0.114635,-0.899619,-0.924482,-0.857599,-0.916449,0.502983,-0.443233,0.22734,-0.889181,2.47602,-0.50244,2
-1.43916,-0.615021,-0.286499,-0.211099,-0.117021,-0.0863739,-0.149084,-0.101565,-0.88334,-0.893219,-0.875355,-0.874471,0.62794,-0.668276,0.479779,-0.907171,1.93346,-0.570151,2
-0.980346,-0.357022,-0.286499,-0.211099,-0.380883,-0.11983,-0.369071,-0.113684,-0.884297,-0.90885,-0.860136,-0.880468,0.493371,-0.555755,0.429291,-0.891751,2.09606,-0.590816,2
-0.953357,-0.546221,-0.286499,-0.211099,-0.152203,-0.0960731,-0.369071,-0.116879,-0.874721,-0.911977,-0.822088,-0.892462,0.368415,-0.348478,0.207144,-0.853202,2.29434,-0.542723,2
-0.602499,-0.615021,-0.286499,3.48314,7.11281,13.0421,8.77775,14.1153,0.784789,0.726214,0.798752,0.816617,-1.17912,0.741204,-0.0250997,0.788979,-0.514438,-0.693681,2
0.207173,0.0213771,-0.286499,-0.211099,-0.292929,-0.121278,-0.311179,-0.108702,-0.893873,-0.921356,-0.865209,-0.892462,0.474147,-0.532066,0.409096,-0.896891,2.42171,-0.594499,2
-0.750939,0.279376,-0.286499,-0.211099,0.287568,-0.0907273,-0.102771,-0.102367,-0.491684,-0.477419,-0.489803,-0.502672,0.531819,-0.389934,0.106169,-0.485703,-0.161078,-0.232419,2
-1.56061,-0.735421,-0.286499,-0.211099,0.32275,0.184668,2.93073,0.614773,-0.348044,-0.439903,-0.281808,-0.334762,-0.563951,0.178596,0.287925,-0.305809,0.400397,-0.6997,2
-1.6011,-0.718221,-0.286499,3.48314,0.692157,0.0694597,0.649816,0.173211,-0.63628,-0.711892,-0.573508,-0.631602,-0.17947,-0.08198,0.328315,-0.60135,0.901432,-0.672156,2
-0.683467,0.107377,-0.286499,-0.211099,-0.539201,-0.130814,-0.519588,-0.119199,-0.945583,-0.927608,-0.969207,-0.925444,0.935524,-0.940697,0.621145,-1.00226,2.53711,-0.483516,2
-1.12879,-0.821421,-0.286499,3.48314,4.2631,0.308459,5.00324,0.206132,0.463038,0.407329,0.489296,0.480798,-0.89076,0.563538,-0.0250997,0.475448,-0.551738,-0.651759,2
-1.19626,0.382576,-0.286499,-0.211099,-0.52161,-0.126983,-0.276445,-0.0983203,-0.936965,-0.918229,-0.971743,-0.904455,0.935524,-1.01176,0.742316,-1.00483,-0.753864,-0.763466,2
-0.413576,0.365376,-0.286499,-0.211099,-0.468837,-0.128771,-0.43854,-0.117791,-0.929304,-0.927608,-0.926086,-0.925444,0.77212,-0.739343,0.449486,-0.958569,2.53711,-0.483516,2
-1.43916,-0.563421,-0.286499,-0.211099,-0.275338,-0.122895,-0.403805,-0.117221,-0.886213,-0.911977,-0.847453,-0.898459,0.483759,-0.455078,0.26773,-0.878902,2.21224,-0.528359,2
-0.764434,-0.339822,-0.286499,-0.211099,-0.398474,-0.118212,-0.311179,-0.109615,-0.903449,-0.924482,-0.875355,-0.907454,0.541431,-0.54391,0.358608,-0.907171,2.4828,-0.541917,2
-1.07481,-0.253822,-0.286499,3.48314,7.46463,0.162679,5.14218,0.0440764,0.328975,0.247887,0.390371,0.330879,-1.01572,0.699749,-0.126075,0.375221,-0.282647,-0.654156,2
-0.885885,-0.408622,-0.286499,-0.211099,-0.363292,-0.112422,-0.334336,-0.115852,-0.906322,-0.924482,-0.877892,-0.91345,0.570267,-0.54391,0.328315,-0.909741,2.47602,-0.519009,2
-0.777928,0.227777,-0.286499,-0.211099,1.51893,-0.0462383,0.0130118,-0.0866737,-0.557758,-0.674377,-0.42639,-0.595622,-0.621623,0.462861,-0.136173,-0.452294,1.04509,-0.620181,2
1.3677,-0.219422,-0.286499,-0.211099,-0.504019,-0.129452,-0.43854,-0.117335,-0.915898,-0.924482,-0.903257,-0.91345,0.666388,-0.662354,0.429291,-0.93544,2.43936,-0.523011,2
1.43518,0.0213771,-0.286499,-0.211099,0.481067,0.212513,-0.160662,-0.0534453,-0.881425,-0.886966,-0.870282,-0.880468,0.666388,-0.644588,0.398998,-0.902031,2.07686,-0.499254,2
-0.292125,0.038577,-0.286499,-0.211099,-0.31052,-0.112465,-0.369071,-0.112405,-0.913025,-0.915103,-0.915939,-0.898459,0.72406,-0.768953,0.550462,-0.94829,2.20196,-0.575325,2
-1.66857,-0.718221,-0.286499,-0.211099,3.24283,6.01748,1.37925,1.98916,-0.407415,-0.533692,-0.307173,-0.400727,-0.833088,0.368106,0.247535,-0.331508,0.756827,-0.704122,2
1.42168,0.0213771,-0.286499,-0.211099,-0.52161,-0.129026,-0.484853,-0.117944,-0.941753,-0.927608,-0.95906,-0.925444,0.897076,-0.893319,0.580755,-0.991978,2.53711,-0.483516,2
-0.899379,-0.236622,-0.286499,-0.211099,-0.328111,-0.125705,0.0477465,-0.102275,-0.847909,-0.886966,-0.811942,-0.844488,0.329967,-0.443233,0.409096,-0.842923,1.94099,-0.604968,2
-0.885885,-0.0474227,-0.286499,-0.211099,0.0764782,-0.0858348,-0.24171,-0.100303,-0.465829,-0.630608,-0.248833,-0.559641,-1.14067,1.13799,-0.742027,-0.2724,1.13506,-0.571284,2
0.207173,0.038577,-0.286499,-0.211099,-0.398474,-0.126387,0.0130118,-0.0807126,-0.857485,-0.88384,-0.827161,-0.85948,0.454923,-0.490611,0.358608,-0.858342,1.89136,-0.573195,2
0.0317443,0.348176,-0.286499,-0.211099,-0.134612,-0.128686,-0.357492,-0.113266,-0.850782,-0.902598,-0.789113,-0.865476,0.214623,-0.265568,0.22734,-0.819793,2.16486,-0.588054,2
-1.37169,0.107377,-0.286499,-0.211099,-0.451247,-0.129708,-0.461697,-0.117944,-0.945583,-0.927608,-0.969207,-0.925444,0.935524,-0.940697,0.621145,-1.00226,1.55959,-0.483516,2
0.895395,-0.0646227,-0.286499,-0.211099,-0.257748,-0.101749,-0.345914,-0.111574,0.0713818,0.0915713,0.0961343,0.0220452,0.128114,0.231896,-0.529978,0.0771099,-0.666479,-0.426831,3
1.27324,-0.735421,-0.286499,-0.211099,-0.204975,-0.123917,-0.403805,-0.109919,0.0675515,0.0946977,0.0961343,0.00705338,0.195399,0.255585,-0.641052,0.0771099,-0.617007,-0.39903,3
0.153195,-1.33742,-0.286499,-0.211099,-0.222566,-0.0959888,-0.114349,-0.103831,0.413243,0.426087,0.451248,0.351867,-0.217918,0.604993,-0.802613,0.436899,-0.720805,-0.452421,3
-0.791423,0.640575,-0.286499,-0.211099,0.340341,-0.0385112,0.0361683,-0.115091,-0.368154,-0.414892,-0.284345,-0.418717,-0.13141,0.285195,-0.348222,-0.308379,0.0122449,-0.511944,3
0.881901,-0.305422,-0.286499,-0.211099,-0.0114758,-0.0787023,-0.0911927,-0.102275,0.223639,0.232256,0.281301,0.144979,-0.102574,0.587227,-0.893491,0.264714,-0.5597,-0.420471,3
-1.18276,-0.769821,-0.286499,-0.211099,-0.292929,-0.127408,-0.0101446,-0.0899918,0.173844,0.229129,0.17984,0.111997,0.368415,0.184518,-0.701637,0.161917,-0.722788,-0.349925,3
0.989857,0.072977,-0.286499,-0.211099,0.164432,-0.0306774,1.24031,0.491861,0.0943641,0.141592,0.0961343,0.0460323,0.358803,0.0897634,-0.529978,0.0771099,-0.766411,-0.36421,3
0.895395,-0.374222,-0.286499,-0.211099,-0.257747,-0.113578,-0.311179,-0.107321,0.205445,0.169729,0.299056,0.126989,-0.496667,0.824114,-0.883393,0.282704,-0.44207,-0.483457,3
1.59711,-0.0474227,-0.286499,-0.211099,0.797702,-0.0312622,-0.218553,-0.100673,0.278222,0.332298,0.281301,0.219939,0.272295,0.249662,-0.711734,0.264714,-0.782591,-0.36574,3
1.42168,-0.0990226,-0.286499,-0.211099,0.428295,-0.110138,-0.24171,-0.110665,0.0503147,0.0165397,0.131646,-0.0139353,-0.352487,0.610916,-0.671344,0.113089,-0.387996,-0.491109,3
0.355613,-0.580621,-0.286499,-0.211099,2.04665,-0.0262602,-0.392227,-0.115502,-0.139289,-0.158534,-0.0687399,-0.202833,-0.0641259,0.379951,-0.580466,-0.0899351,-0.31653,-0.452829,3
0.692977,-0.391422,-0.286499,-0.211099,0.00611478,-0.113699,-0.24171,-0.11281,0.472614,0.488614,0.522271,0.393845,-0.237142,0.735282,-1.00456,0.508857,-0.680101,-0.426953,3
-0.0897066,0.055777,-0.286499,-0.211099,-0.398474,-0.122299,-0.160662,-0.0977118,-0.427525,-0.474292,-0.350294,-0.46969,-0.0833499,0.190441,-0.237149,-0.375197,0.060914,-0.52482,3
-1.11529,-1.13102,-0.286499,-0.211099,-0.169793,-0.109065,-0.334336,-0.115753,0.739783,0.744972,0.808898,0.645709,-0.554339,1.09061,-1.2772,0.799258,-0.688215,-0.442672,3
1.24625,0.434176,-0.286499,-0.211099,0.0412966,-0.0728269,-0.322758,-0.114293,-0.207278,-0.324229,-0.0560572,-0.271796,-0.909984,0.889258,-0.560271,-0.0770854,0.266308,-0.575587,3
-1.49314,0.399776,3.4738,-0.211099,-0.328111,-0.120596,-0.311179,-0.111897,-0.685118,-0.702513,-0.647068,-0.706562,0.397251,-0.295179,0.0859736,-0.675878,0.284314,-0.492825,3
-1.38518,-0.615021,-0.286499,-0.211099,-0.0114756,-0.102549,-0.299601,-0.1131,0.696691,0.641803,0.82919,0.585741,-1.07339,1.49924,-1.42866,0.819818,-0.499401,-0.490364,3
0.0722279,-1.56102,-0.286499,-0.211099,-0.257747,-0.107424,-0.36907,-0.110912,0.578907,0.598035,0.613586,0.51378,-0.294814,0.717515,-0.913686,0.601374,-0.766406,-0.450187,3
0.504053,0.623376,-0.286499,-0.211099,0.0764782,-0.109417,-0.0796142,-0.104558,-0.283886,-0.217934,-0.330002,-0.289787,0.839404,-0.555755,0.0657785,-0.354637,-0.969434,-0.296367,3
0.342119,0.606176,-0.286499,-0.211099,0.0764783,-0.0939443,-0.253288,-0.115205,-0.740658,-0.73065,-0.7257,-0.760533,0.695224,-0.502455,0.126364,-0.755545,0.351274,-0.386719,3
0.517548,-0.94182,-0.286499,-0.211099,-0.0290666,-0.0806608,-0.218553,-0.109615,0.509002,0.535509,0.552709,0.426827,-0.169858,0.723437,-1.05505,0.539696,-0.695795,-0.412921,3
0.841417,-0.735421,-0.286499,-0.211099,-0.187384,-0.115147,-0.264866,-0.112201,0.0886186,0.13534,0.0834517,0.0490307,0.358803,0.0364638,-0.4391,0.0642603,-0.785193,-0.386237,3
0.207173,-0.855821,-0.286499,-0.211099,-0.0642487,-0.112465,-0.380649,-0.109197,0.238003,0.357308,0.162084,0.210943,0.906688,-0.336634,-0.378515,0.143928,-1.08684,-0.218796,3
1.50265,-0.0990226,-0.286499,-0.211099,-0.363292,-0.122215,-0.276445,-0.111875,0.22747,0.185361,0.329495,0.144979,-0.573563,0.901103,-0.933881,0.313543,-0.408006,-0.486777,3
-0.170674,-0.563421,-0.286499,-0.211099,1.73002,0.0281871,-0.276445,-0.110469,0.726376,0.694951,0.816508,0.642711,-0.881148,1.22682,-1.16613,0.806968,-0.637323,-0.492762,3
0.976362,-0.0302228,-0.286499,-0.211099,6.25086,0.267686,-0.345914,-0.110213,0.102025,0.125961,0.124036,0.052029,0.137727,0.237818,-0.550173,0.105379,-0.627504,-0.420121,3
0.220668,-1.81902,3.4738,7.17738,0.569022,-0.0292033,0.499298,-0.0956912,0.193954,0.207245,0.228034,0.138982,-0.0352899,0.397717,-0.641052,0.210746,-0.682013,-0.442252,3
-0.615994,-1.62982,-0.286499,-0.211099,0.744929,-0.0450073,-0.369071,-0.112744,0.654557,0.576151,0.801289,0.549761,-1.25602,1.56439,-1.34788,0.791549,-0.434052,-0.515652,3
0.598515,-0.357022,-0.286499,-0.211099,-0.292929,-0.123321,-0.357492,-0.11646,0.546349,0.576151,0.585684,0.465806,-0.169858,0.723437,-1.05505,0.573105,-0.719077,-0.413739,3
1.1248,-0.99342,-0.286499,-0.211099,-0.169794,-0.103061,4.9685,0.142716,0.507087,0.554266,0.466467,0.504785,0.0223823,0.131219,-0.247246,0.452319,-0.994574,-0.404266,3
0.868406,0.365376,-0.286499,-0.211099,-0.609564,-0.131496,-0.542744,-0.119503,-0.95899,-0.927608,-1.00472,-0.925444,1.07009,-1.10652,0.762511,-1.03824,-1.86172,0.859557,4
0.868406,0.313776,-0.286499,-0.211099,-0.609564,-0.131496,-0.542744,-0.119503,-0.95899,-0.927608,-1.00472,-0.925444,1.07009,-1.10652,0.762511,-1.03824,-1.86172,0.859557,4
1.15179,0.520176,-0.286499,-0.211099,-0.609564,-0.131496,-0.542744,-0.119503,-0.95899,-0.927608,-1.00472,-0.925444,1.07009,-1.10652,0.762511,-1.03824,-1.86172,0.859557,4
-0.912874,-0.580621,-0.286499,-0.211099,-0.0642484,-0.101454,0.742442,-0.071208,-0.519454,-0.561829,-0.444146,-0.56264,0.0319943,0.101608,-0.206856,-0.470284,0.238673,-0.506186,4
1.59711,-0.494622,-0.286499,-0.211099,-0.398474,-0.124343,-0.496431,-0.119199,-0.928347,-0.921356,-0.931159,-0.922446,0.82018,-0.780798,0.469681,-0.963709,2.43936,-0.468669,4
1.40819,-0.322622,-0.286499,-0.211099,-0.451247,-0.118903,0.0477465,-0.0985433,-0.447634,-0.46804,-0.408634,-0.46969,0.176175,-0.0938243,-0.0250997,-0.434305,-0.209815,-0.519583,4
1.3677,0.141777,-0.286499,-0.211099,-0.609564,-0.131496,-0.542744,-0.119503,-0.95899,-0.927608,-1.00472,-0.925444,1.07009,-1.10652,0.762511,-1.03824,-1.86172,0.859557,4
0.962868,-0.477422,-0.286499,-0.211099,-0.0642485,-0.105658,-0.264866,-0.106515,-0.761725,-0.736903,-0.758675,-0.781522,0.849016,-0.603132,0.136461,-0.788954,0.392972,-0.26219,4
-1.1018,0.502976,-0.286499,-0.211099,0.00611491,-0.0922413,-0.288023,-0.110984,-0.919728,-0.899472,-0.938768,-0.907454,0.935524,-0.887397,0.530267,-0.971419,0.991703,-0.380172,4
-0.953357,0.176177,-0.286499,-0.211099,-0.117021,-0.108335,-0.43854,-0.115966,-0.820139,-0.82444,-0.799259,-0.832494,0.62794,-0.526144,0.237437,-0.830073,0.911618,-0.453765,4
0.436581,-0.649421,-0.286499,-0.211099,-0.222566,-0.102958,-0.496431,-0.117735,-0.469659,-0.518061,-0.390879,-0.511667,-0.0641259,0.166752,-0.216954,-0.416315,0.157453,-0.526172,4
-0.386587,-0.494622,-0.286499,-0.211099,-0.380883,-0.124939,-0.450118,-0.115091,-0.436143,-0.477419,-0.347758,-0.496675,-0.0256779,0.261507,-0.418905,-0.372627,0.124555,-0.477423,4
0.369108,0.554576,-0.286499,-0.211099,-0.451247,-0.117446,1.70344,1.23389,-0.770344,-0.777545,-0.753602,-0.775525,0.560655,-0.5143,0.287925,-0.783814,0.337697,-0.497093,4
1.1248,-1.52662,-0.286499,-0.211099,-0.0642484,-0.0916993,-0.450118,-0.11435,-0.585528,-0.624356,-0.525315,-0.613612,0.118502,-0.0582913,-0.0250997,-0.552521,0.249536,-0.527115,4
1.31373,-1.04502,-0.286499,-0.211099,-0.52161,-0.125727,-0.403805,-0.113776,-0.793326,-0.811935,-0.743456,-0.826497,0.474147,-0.301101,0.0152906,-0.773535,1.13304,-0.444884,4
-0.0222339,0.502976,-0.286499,-0.211099,-0.609564,-0.131496,-0.542744,-0.119503,-0.95899,-0.927608,-1.00472,-0.925444,1.07009,-1.10652,0.762511,-1.03824,-1.86172,0.859557,4
-1.41217,0.193377,-0.286499,-0.211099,-0.398474,-0.129452,-0.415384,-0.117031,-0.882382,-0.896345,-0.857599,-0.889463,0.589492,-0.549833,0.318218,-0.889181,1.78594,-0.508333,4
1.32722,-1.04502,-0.286499,-0.211099,-0.504019,-0.124641,-0.450118,-0.11435,-0.792368,-0.811935,-0.743456,-0.823499,0.464535,-0.307023,0.0354857,-0.773535,1.08713,-0.454224,4
0.800933,0.382576,-0.286499,-0.211099,-0.380883,-0.117434,-0.496431,-0.116708,-0.944626,-0.918229,-0.976816,-0.922446,1.01242,-0.999919,0.64134,-1.00997,0.459887,-0.372287,4
1.35421,-1.11382,-0.286499,-0.211099,-0.504019,-0.121802,-0.450118,-0.115968,-0.743531,-0.771292,-0.682579,-0.781522,0.349191,-0.182657,-0.0553924,-0.711857,0.875332,-0.466951,4
-0.899379,-0.167822,-0.286499,-0.211099,0.481067,-0.103373,-0.392227,-0.115502,-0.419864,-0.452408,-0.355367,-0.460694,0.0416063,0.10753,-0.227051,-0.380336,-0.0370514,-0.503586,4
0.477064,-1.40622,-0.286499,-0.211099,-0.345702,-0.112881,-0.496431,-0.117735,-0.940795,-0.911977,-0.976816,-0.916449,1.03164,-1.02361,0.661535,-1.00997,0.500616,-0.323664,4
0.477064,-0.219422,-0.286499,-0.211099,-0.345702,-0.115604,-0.450118,-0.116708,-0.141204,-0.16166,-0.106788,-0.160856,-0.0737379,0.125296,-0.136173,-0.128484,-0.509323,-0.543056,4
0.827922,-1.90502,-0.286499,-0.211099,-0.468838,-0.125238,-0.0564578,-0.0993119,-0.797156,-0.818187,-0.745992,-0.829496,0.454923,-0.295179,0.0253882,-0.776105,1.1616,-0.460163,4
0.234162,-0.202222,-0.286499,-0.211099,-0.257747,-0.121025,-0.426962,-0.115968,-0.215897,-0.236692,-0.18542,-0.229819,-0.0160658,0.0364638,-0.0452948,-0.208152,-0.473958,-0.552948,4
1.71856,0.244977,-0.286499,-0.211099,-0.328111,-0.118981,-0.415384,-0.112189,-0.939838,-0.918229,-0.964133,-0.922446,0.96436,-0.940697,0.590852,-0.997118,1.4374,-0.427861,4
1.09781,-1.06222,-0.286499,-0.211099,-0.433656,-0.122215,-0.43854,-0.114785,-0.776089,-0.796303,-0.7257,-0.808507,0.445311,-0.283334,0.0152906,-0.755545,0.979447,-0.454224,4
1.54313,-0.511822,-0.286499,-0.211099,0.481067,0.178793,-0.322758,-0.110642,-0.586485,-0.649366,-0.482194,-0.643596,-0.102574,0.249662,-0.317929,-0.508833,0.676417,-0.511154,4
1.11131,-0.133423,-0.286499,-0.211099,-0.275338,-0.123917,-0.50801,-0.11916,-0.927389,-0.915103,-0.938768,-0.916449,0.86824,-0.84002,0.520169,-0.971419,2.24386,-0.46501,4
-0.467554,0.193377,-0.286499,-0.211099,-0.486428,-0.13107,-0.345914,-0.117944,-0.904407,-0.899472,-0.898184,-0.907454,0.781732,-0.697887,0.368706,-0.9303,2.01577,-0.431412,4
-0.521532,1.27697,3.4738,3.48314,-0.0994298,-0.0981204,-0.276444,-0.108168,0.675624,0.654309,0.77085,0.576746,-0.746579,1.2209,-1.29739,0.76071,-0.606588,-0.466603,5
-1.62808,1.13937,-0.286499,-0.211099,0.0412968,-0.0421728,1.90027,1.05717,-0.275267,-0.267955,-0.25137,-0.307777,0.291519,-0.0582913,-0.206856,-0.27497,-0.667556,-0.487753,5
0.126206,1.10497,-0.286499,-0.211099,-0.011476,-0.0966567,-0.102771,-0.101177,0.576034,0.554266,0.687145,0.459809,-0.669683,1.25051,-1.42866,0.675902,-0.509263,-0.444453,5
1.71856,1.34577,-0.286499,-0.211099,0.850475,-0.00515943,0.615081,-0.0599969,0.0828729,0.0790661,0.11389,0.0490307,-0.102574,0.285195,-0.378515,0.0950994,-0.65042,-0.535735,5
1.27324,0.915775,-0.286499,3.48314,0.0588876,-0.088781,0.522455,-0.0903263,0.599974,0.573024,0.722656,0.474801,-0.736967,1.35119,-1.52964,0.711881,-0.478451,-0.442637,5
1.08432,1.15657,-0.286499,-0.211099,-0.204975,-0.108548,-0.206975,-0.107963,0.320356,0.332298,0.380225,0.23493,-0.150634,0.681982,-1.00456,0.364941,-0.582589,-0.415031,5
1.04384,1.20817,-0.286499,-0.211099,-0.257747,-0.114246,0.163529,-0.0939433,0.119262,0.138466,0.151938,0.0610243,0.0800544,0.326651,-0.641052,0.133648,-0.637142,-0.418493,5
1.32722,0.657775,-0.286499,-0.211099,-0.169793,-0.0615872,1.33293,0.199033,0.12788,0.0853187,0.187449,0.0970049,-0.496667,0.522083,-0.368417,0.169627,-0.505046,-0.604011,5
-0.508037,1.25977,3.4738,-0.211099,-0.187385,-0.111512,-0.0796143,-0.102367,0.63349,0.619919,0.722656,0.534769,-0.640847,1.14391,-1.2772,0.711881,-0.596938,-0.454237,5
-0.265136,1.20817,-0.286499,-0.211099,0.410704,-0.0876948,0.0593248,-0.097146,0.595186,0.566772,0.709974,0.480798,-0.746579,1.29197,-1.41856,0.699032,-0.504831,-0.453614,5
-0.642983,1.07057,-0.286499,-0.211099,0.32275,0.0446807,0.75402,0.21029,-0.117264,-0.105387,-0.0991781,-0.148863,0.205011,0.0305416,-0.267441,-0.120774,-0.672448,-0.477666,5
-0.494543,0.984575,-0.286499,-0.211099,-0.134612,-0.109956,0.256155,-0.0898419,0.344296,0.344803,0.418273,0.252921,-0.27559,0.800426,-1.07525,0.40349,-0.538029,-0.428575,5
1.20577,0.657775,-0.286499,-0.211099,0.569021,-0.114721,1.85395,0.0747906,0.0867033,0.0665609,0.129109,0.0550276,-0.256366,0.368106,-0.35832,0.110519,-0.550619,-0.550557,5
0.989857,1.03617,-0.286499,-0.211099,-0.275339,-0.104329,0.163529,-0.1031,0.43814,0.447972,0.514661,0.333877,-0.265978,0.895181,-1.24691,0.501147,-0.548131,-0.406925,5
0.868406,1.10497,-0.286499,-0.211099,-0.222566,-0.10842,0.0940595,-0.0949723,0.295459,0.31354,0.36247,0.195952,-0.0737379,0.711593,-1.13583,0.346952,-0.516755,-0.389298,5
-0.00873932,1.17377,-0.286499,-0.211099,0.498658,-0.0685332,0.140373,-0.090751,0.58561,0.560519,0.702364,0.465806,-0.708131,1.29789,-1.46905,0.691322,-0.482196,-0.445736,5
0.773944,1.08777,3.4738,-0.211099,0.55143,-0.0845037,-0.172241,-0.106757,0.293544,0.304161,0.36247,0.19895,-0.141022,0.723437,-1.08534,0.346952,-0.522177,-0.405705,5
0.355613,0.692175,-0.286499,-0.211099,0.0412966,-0.0789578,3.24334,0.311639,0.0752122,0.0446766,0.0910613,0.0850113,-0.342875,0.172674,0.0657785,0.07454,-0.701101,-0.754834,5
-0.170674,1.27697,-0.286499,-0.211099,0.727339,-0.0626658,0.48772,-0.0874379,0.342381,0.329172,0.415737,0.264914,-0.400547,0.794504,-0.933881,0.40092,-0.558219,-0.468655,5
0.16669,1.01897,-0.286499,-0.211099,-0.0290667,-0.042854,0.209842,-0.024847,-0.0559782,-0.0428603,-0.0256189,-0.103887,0.166563,0.166752,-0.459295,-0.0462464,-0.604725,-0.423705,5
-1.62808,1.34577,-0.286499,7.17738,0.252386,-0.0928979,0.545611,-0.0874197,0.429522,0.39795,0.52988,0.336876,-0.640847,1.05508,-1.12574,0.516567,-0.503098,-0.471224,5
1.48916,1.25977,-0.286499,-0.211099,-0.0818393,-0.100841,-0.0796143,-0.107712,0.262901,0.247887,0.332031,0.192953,-0.352487,0.699749,-0.822808,0.316113,-0.567415,-0.470832,5
0.571526,1.13937,-0.286499,-0.211099,0.586612,-0.080049,0.244577,-0.103645,0.551137,0.516751,0.649097,0.462808,-0.765803,1.13799,-1.13583,0.637353,-0.561762,-0.487961,5
1.69157,0.915775,-0.286499,3.48314,-0.0994298,-0.10706,0.175107,-0.102095,0.428565,0.39795,0.540026,0.321884,-0.631235,1.13207,-1.2671,0.526847,-0.462286,-0.456495,5
1.61061,1.22537,-0.286499,-0.211099,-0.0642485,-0.105208,-0.068036,-0.0985806,0.327059,0.322919,0.403054,0.237929,-0.304426,0.800426,-1.04495,0.388071,-0.538316,-0.436987,5
0.719966,1.07057,-0.286499,-0.211099,0.217205,-0.0899661,0.105638,-0.0961215,0.308865,0.310414,0.380225,0.219939,-0.237142,0.753048,-1.03486,0.364941,-0.541909,-0.42695,5
1.40819,1.24257,-0.286499,-0.211099,0.709748,-0.0791249,0.314046,-0.0964241,0.274392,0.266645,0.339641,0.201948,-0.294814,0.681982,-0.853101,0.323823,-0.584833,-0.456781,5
-1.61459,1.50057,-0.286499,3.48314,0.0764784,-0.0931014,0.383516,-0.0926688,0.367278,0.351056,0.463931,0.264914,-0.448607,0.978091,-1.19642,0.449749,-0.464797,-0.436383,5
-0.0897066,0.984575,-0.286499,-0.211099,0.00611497,-0.0974238,0.105638,-0.108324,0.296417,0.31354,0.342177,0.222937,-0.0833499,0.563538,-0.873296,0.326393,-0.635226,-0.420445,5
-0.521532,1.20817,-0.286499,-0.211099,0.428295,-0.0935115,-0.0796143,-0.100923,0.628702,0.582403,0.742949,0.53177,-0.93882,1.31566,-1.257,0.732441,-0.543921,-0.493122,5
1.07082,0.571776,-0.286499,-0.211099,-0.451247,-0.125084,-0.125927,-0.113776,-0.346129,-0.439903,-0.423853,-0.160856,-0.583175,-0.828175,2.02471,-0.382906,-0.150423,2.69675,6
-0.72395,0.984575,3.4738,-0.211099,-0.222566,-0.118553,0.0824813,-0.100336,-0.38156,-0.411766,-0.515168,-0.19084,0.0319943,-1.24865,2.09539,-0.408606,-0.421617,2.43312,6
-0.87239,1.00177,3.4738,-0.211099,-0.0818393,-0.103907,0.0130118,-0.0980541,-0.451465,-0.446155,-0.596337,-0.280791,0.416475,-1.38486,1.92373,-0.485703,-0.605012,2.26338,6
-0.292125,1.60377,-0.286499,-0.211099,-0.328111,-0.116509,-0.0911926,-0.107752,-0.582655,-0.621229,-0.692725,-0.409722,0.118502,-1.24865,2.00451,-0.59621,0.0372385,2.4291,6
-0.481048,1.68977,-0.286499,-0.211099,-0.169793,-0.0973503,-0.24171,-0.103226,-0.595104,-0.627482,-0.720627,-0.409722,0.185787,-1.36709,2.13578,-0.59621,0.100211,2.34552,6
-1.57411,1.31137,-0.286499,-0.211099,-0.0818391,-0.11336,-0.253288,-0.112189,-0.571164,-0.55245,-0.735846,-0.388733,0.637552,-1.62175,2.09539,-0.578221,-0.063104,2.08137,6
1.01685,2.18857,-0.286499,-0.211099,0.11166,-0.0988318,-0.24171,-0.108972,-0.720549,-0.743156,-0.837307,-0.553644,0.378027,-1.40855,2.00451,-0.719566,0.61654,2.26582,6
0.517548,0.743775,-0.286499,-0.211099,-0.0466577,-0.106291,-0.0333011,-0.108702,-0.520411,-0.580587,-0.631849,-0.325767,-0.13141,-1.2072,2.19637,-0.524252,0.1011,2.47288,6
0.827922,0.864175,-0.286499,-0.211099,-0.152203,-0.112422,-0.102771,-0.0991189,-0.515624,-0.546198,-0.649604,-0.322769,0.137727,-1.36117,2.17617,-0.521682,-0.117875,2.35547,6
-1.65507,2.10257,-0.286499,-0.211099,-0.011476,-0.0817678,0.117216,-0.0858466,-0.793326,-0.752535,-0.867745,-0.736546,1.02203,-1.17166,0.924072,-0.871192,-1.02132,1.98604,6
-0.845401,1.72417,-0.286499,-0.211099,0.182023,6.19284e-05,-0.195397,-0.0944032,-0.786623,-0.79005,-0.898184,-0.643596,0.608716,-1.42632,1.79246,-0.796664,0.747447,2.17197,6
1.58362,1.03617,-0.286499,-0.211099,-0.134612,-0.109956,-0.0911925,-0.101039,-0.561588,-0.571208,-0.720627,-0.358749,0.368415,-1.57437,2.29734,-0.552521,-0.0131357,2.19075,6
1.01685,1.58657,-0.286499,-0.211099,-0.117021,-0.109462,0.441407,-0.0923434,-0.363366,-0.446155,-0.489803,-0.130872,-0.467831,-1.18351,2.50939,-0.357207,-0.0108355,2.50188,6
-0.912874,0.932975,-0.286499,-0.211099,-0.31052,-0.118808,-0.24171,-0.101857,-0.452422,-0.483671,-0.583655,-0.262801,0.0800544,-1.29011,2.11559,-0.470284,-0.28258,2.40711,6
-0.831907,1.67257,-0.286499,-0.211099,0.357932,0.21941,0.22142,-0.0569821,-0.747361,-0.743156,-0.857599,-0.613612,0.647164,-1.38486,1.68139,-0.770965,0.279269,2.20183,6
-0.103201,1.74137,-0.286499,-0.211099,0.357931,-0.0726475,0.0940595,-0.0884777,-0.435186,-0.49305,-0.598874,-0.181845,-0.17947,-1.5033,2.75173,-0.400896,0.080437,2.33714,6
1.46217,1.51777,3.4738,-0.211099,0.234796,0.00849183,-0.195397,-0.101705,-0.559673,-0.577461,-0.657214,-0.421715,0.291519,-1.14205,1.641,-0.60649,-0.386256,2.49798,6
1.44867,0.898575,-0.286499,-0.211099,-0.240157,-0.117159,0.0477465,-0.0972423,-0.561588,-0.577461,-0.695262,-0.382737,0.310743,-1.39671,2.055,-0.573081,-0.157557,2.29741,6
-1.29072,1.24257,-0.286499,-0.211099,-0.468838,-0.122215,-0.415384,-0.112516,-0.544351,-0.521187,-0.700335,-0.37674,0.656776,-1.53884,1.93383,-0.567941,-0.355968,2.10557,6
-0.831907,1.34577,-0.286499,-0.211099,-0.152203,-0.110378,-0.345914,-0.113836,-0.757895,-0.752535,-0.877892,-0.613612,0.666388,-1.46185,1.79246,-0.770965,0.527732,2.13119,6
-0.42707,1.94777,3.4738,-0.211099,-0.0466576,-0.0695061,-0.125927,-0.109919,-0.635323,-0.658745,-0.758675,-0.460694,0.301131,-1.38486,2.0449,-0.639899,0.105644,2.31344,6
-0.710456,1.17377,3.4738,-0.211099,-0.204975,-0.11983,0.105638,-0.0721939,-0.566376,-0.58684,-0.664823,-0.424714,0.272295,-1.1539,1.68139,-0.60906,-0.3205,2.4918,6
-0.980346,0.812575,-0.286499,-0.211099,-0.433656,-0.121025,-0.345914,-0.115502,-0.301122,-0.361745,-0.42639,-0.0918933,-0.314038,-1.12428,2.24685,-0.323798,-0.326035,2.52943,6
1.46217,1.05337,-0.286499,-0.211099,-0.451247,-0.129708,-0.380649,-0.11144,-0.65256,-0.652492,-0.778967,-0.496675,0.531819,-1.42039,1.86315,-0.670738,-0.0777478,2.22459,6
1.51614,1.17377,-0.286499,-0.211099,-0.292929,-0.124343,-0.230132,-0.109121,-0.769386,-0.777545,-0.880428,-0.622607,0.551043,-1.40855,1.82276,-0.778675,0.495262,2.2206,6
-1.19626,2.06817,3.4738,-0.211099,-0.0114759,-0.0889204,-0.125927,-0.112201,-0.614256,-0.649366,-0.728237,-0.439706,0.176175,-1.30195,2.0348,-0.621909,0.127559,2.37828,6
0.827922,1.63817,-0.286499,-0.211099,-0.240157,-0.11438,-0.299601,-0.112772,-0.60468,-0.627482,-0.715554,-0.445703,0.281907,-1.27234,1.87324,-0.627049,-0.0962613,2.3875,6
0.976362,1.94777,-0.286499,-0.211099,0.164432,0.0255219,0.151951,-0.041466,-0.543394,-0.558703,-0.624239,-0.427712,0.301131,-1.01176,1.40876,-0.60906,-0.574053,2.64857,6
1.1248,2.01657,3.4738,-0.211099,-0.275338,-0.111656,-0.0333013,-0.0680867,-0.593189,-0.621229,-0.707944,-0.424714,0.224235,-1.29011,1.96412,-0.60906,-0.00707881,2.39379,6
1.32722,1.07057,-0.286499,-0.211099,-0.451247,-0.123458,-0.0448796,-0.0981374,-0.623832,-0.602471,-0.781504,-0.451699,0.704836,-1.61583,2.01461,-0.632189,0.0976004,2.03876,6
