0.34794,0.70103,-0.23157,0.7634,-0.5338,0.88609,-0.60232,0.95035,-0.90891,0.80071,-0.92224,0.84494,-0.95593,0.84856,-1.1107,0.75608,-1.0408,0.82224,-1.0533,0.74359,-1.1708,0.63729,-1.1162,0.49561,-1.2067,0.2147,-1.204,0.40226,-1.4285,0.34123,-1.5557,0.27281,-1.8084,1
0.34794,0.63788,0.12894,0.76738,-0.29311,0.87898,-0.18014,0.90302,-0.56734,0.91104,-0.36822,0.93059,-0.25133,1.0046,-0.27175,1.0001,-0.096974,0.92454,0.076279,1.0487,-0.19518,1.021,0.0080116,0.89815,-0.16827,0.80419,-0.00074977,0.92264,0.080668,1.133,-0.20284,1.1137,-0.17799,1
-2.8659,0.72062,-2.3659,0.76738,1.9186,0.91323,1.6911,0.9627,1.692,0.92958,1.7076,0.96305,-2.2095,1.0046,-2.3368,1.0001,2.0203,1.0229,-1.8802,1.0877,1.9139,1.0559,2.0047,1.0439,-1.8266,0.88794,1.9445,1.0793,-1.9137,1.133,1.9545,1.2449,-2.1661,0
0.34794,0.51092,0.75843,0.13858,1.2554,-0.38756,1.474,-1.0921,1.5544,-1.5349,1.3926,-1.7254,1.0657,-1.7937,0.50707,-2.012,-0.10072,-1.7485,-0.61402,-1.4012,-1.2211,-0.98839,-1.2914,-0.56535,-1.3124,-0.39971,-1.0062,0.25299,-0.77357,0.45436,-0.33031,0.48093,0.15399,1
0.34794,-0.59152,0.36179,-0.25329,0.27997,-0.2881,0.16269,-0.083733,0.55313,-0.3018,0.88275,-0.44738,0.9247,-0.52718,0.95789,-0.71708,1.1165,-0.89973,1.1078,-1.0206,0.85047,-1.0736,0.7279,-1.7432,0.58147,-1.9516,0.39723,-1.6849,0.41651,-1.2239,0.007387,-1.176,-0.55383,1
0.34794,-0.28398,-0.10052,-0.41186,-0.025041,-0.11934,-0.10397,-0.083378,-0.45567,-0.21236,-0.56815,0.089553,-0.092112,0.24538,-0.098266,-0.041146,0.40113,0.099559,0.33108,0.13946,-0.066361,-0.067469,-0.10548,0.13445,0.12289,-0.23973,0.25202,0.014786,0.13197,-0.00060147,0.29523,0.18839,0.34042,1
0.34794,-0.54767,-2.3659,-3.0798,-2.4216,-1.2721,1.6911,0.9627,1.5895,0.47877,-1.0956,-2.2514,-1.7915,-0.67541,2.0265,0.16972,0.94338,-0.066808,-0.48275,-0.78731,-0.40562,-0.79871,0.23956,-0.63259,0.27056,-0.98258,0.10486,-0.66415,0.022023,-0.63016,0.0094899,-0.66814,-0.023979,0
0.34794,0.43403,-0.098818,0.41973,-0.37466,0.45694,-0.30952,0.65341,-0.18802,0.68571,-0.071846,0.77101,-0.31251,0.67286,-0.07861,0.73661,-0.12953,0.76055,-0.22709,0.89296,0.007052,0.89881,0.1513,0.69276,0.1018,0.54666,0.059557,0.8731,-0.071505,0.67692,-0.030426,0.84476,-0.22706,1
0.34794,0.22965,1.0239,0.45095,0.92689,-0.001898,1.1546,-0.31475,1.0883,-0.60603,1.6015,-0.80198,1.7062,-1.1032,1.6386,-1.4714,1.4398,-1.6654,1.3561,-1.7026,0.46561,-1.9112,0.16562,-2.3961,-0.43226,-2.4122,-0.46976,-1.7565,-0.32274,-1.2141,-1.1697,-1.0436,-1.3752,1
0.34794,0.60111,-0.1352,0.65524,-0.22977,0.81161,-0.25748,0.88141,-0.3967,0.83448,-0.38831,0.91762,-0.22447,0.9595,-0.23999,0.92667,-0.074529,0.94674,-0.044474,0.99306,-0.058062,0.93691,0.025094,0.90648,0.051971,0.74643,0.020486,0.9116,-0.092294,0.99285,-0.13366,1.0927,-0.18935,1
0.34794,0.48311,0.8847,-0.010268,1.4337,-0.71729,1.5862,-1.4848,1.5379,-1.9547,1.1267,-2.0335,0.49125,-1.9423,-0.27164,-1.8697,-0.89269,-1.3235,-1.3656,-0.71998,-1.6027,-0.16337,-1.3618,0.28301,-0.95952,0.34837,-0.31779,0.6014,0.2439,0.40046,0.76512,-0.0035848,1.2002,1
0.34794,-3.2978,0.53616,-0.72875,0.07474,-2.653,-1.5923,-1.6153,1.0976,-2.6197,1.7076,-1.9573,0.49802,-1.7386,-0.21221,-2.2044,-1.6637,-1.534,-0.9988,-0.62714,-1.6179,0.95849,-1.6755,-2.4136,-0.70833,0.39172,0.29325,-2.3936,0.15788,-0.2966,0.058285,-1.4376,-1.061,0
0.34794,-1.8244,0.80562,-1.6814,0.012372,-1.4775,-0.31455,-0.88732,-0.51697,-0.76588,-0.26129,-0.65841,-0.13368,-0.55148,-0.15881,-0.61952,-0.010494,-0.56636,0.043336,-0.54985,-0.011417,-0.60224,0.11077,-0.68601,0.13901,-1.0489,0.12564,-0.6567,0.055037,-0.61684,0.007679,-0.66858,-0.030875,0
0.34794,-1.1599,-0.44646,-1.2415,-0.12322,-0.94662,-0.27651,-1.0386,0.012079,-0.7314,-0.31333,-0.44625,-0.38784,-0.43664,-0.15518,-0.58614,-0.052225,-0.77837,-0.35231,-0.43902,0.012514,-0.48612,0.16488,-0.54856,0.45968,-0.50532,0.036867,-0.75979,-0.12932,-0.53927,0.1129,-0.52706,-0.26231,0
0.34794,0.72062,-0.42301,0.76738,-0.60426,0.91323,-0.68348,0.9627,-0.53009,0.92958,-0.81877,0.96305,-0.7174,1.0046,-0.6346,1.0001,-0.76987,1.0229,-0.84303,1.0877,-0.70149,1.0559,-1.0223,1.0439,-0.79695,0.86508,-0.77693,1.0793,-1.4377,1.133,-1.4678,1.2449,-1.8338,1
0.34794,0.62422,-0.049457,0.64729,-0.27909,0.78182,-0.2059,0.89772,-0.41063,0.87521,-0.30282,0.89338,-0.25068,0.93201,-0.16402,0.99164,-0.046246,1.0192,0.080807,0.98248,-0.11195,0.95347,0.063903,0.99297,0.052462,0.81462,0.096482,1.0341,0.092499,1.0531,-0.05901,1.1652,-0.013644,1
-2.8659,0.72062,-2.3659,0.76738,1.9186,0.91323,-2.1495,0.9627,1.692,0.92958,-2.3343,0.96305,-2.2095,1.0046,-2.3368,1.0001,2.0203,1.0229,1.9728,1.0877,1.9139,1.0559,-1.7871,1.0439,2.1066,0.88794,1.9445,1.0793,2.0235,1.133,1.9545,1.2449,-2.1661,0
-2.8659,0.72062,-2.3659,0.76738,-2.4216,0.91323,-2.1495,0.9627,-2.4415,0.92958,1.7076,0.96305,1.832,1.0046,-2.3368,1.0001,2.0203,1.0229,1.9728,1.0877,1.9139,1.0559,-1.7871,1.0439,-1.8266,0.88794,-1.6917,1.0793,1.3468,-0.61684,0.007387,1.2449,-2.1661,0
0.34794,-1.2886,-0.10052,0.74659,-0.74417,-0.73257,-0.333,-1.0094,-0.3748,0.80967,-0.16586,0.96305,-0.59291,1.0046,-0.0018813,1.0001,-0.22122,-0.57386,0.046284,1.0877,-0.42285,1.0559,-0.68027,-0.68482,0.14,0.88794,-0.19298,-0.65715,0.054938,1.133,-0.49782,-0.11513,-0.36563,0
0.34794,-0.29373,0.11942,-0.58659,-0.12508,-0.40715,-0.22921,0.12025,-0.42496,0.18871,-0.26428,-0.10584,-0.090677,0.27589,-0.1446,0.14388,-0.20771,0.11601,0.055627,0.021013,0.096406,-0.28679,0.59661,-0.14773,-0.15596,-0.34128,0.19579,0.025621,0.39897,-0.15814,0.007387,0.046734,-0.072384,1
0.34794,0.48172,-0.10052,0.66768,-0.31104,0.78328,-0.25264,0.7703,-0.33699,0.75645,-0.27637,0.86504,-0.17027,0.93924,-0.14853,1.0001,0.062519,0.9304,0.02278,0.93771,0.03106,0.91451,0.21288,1.0387,0.23593,0.68775,0.1669,0.92049,0.072951,1.133,0.11425,1.1982,-0.056968,1
0.34794,0.61415,-0.10129,0.63671,-0.32152,0.81533,-0.29509,0.87561,-0.32424,0.82531,-0.27764,0.84404,-0.094032,0.912,-0.18706,0.91651,0.047622,0.92365,0.07312,0.94677,0.13215,0.88151,0.2254,0.94,0.20279,0.74244,0.17264,0.94247,0.099074,1.001,0.015993,1.1051,-0.043238,1
0.34794,0.72062,1.1432,0.050748,1.9186,-1.0768,1.6911,-1.9762,1.5299,-2.3065,0.87547,-2.2514,0.048975,-1.9989,-0.88239,-1.665,-1.3742,-0.94956,-1.6158,0.026638,-1.9459,0.63373,-1.2666,0.90835,-0.28418,0.74989,0.52415,0.60263,1.1744,-0.20512,1.7636,-0.89353,1.895,1
0.34794,0.45719,-0.26161,0.76738,-0.30561,0.91323,-0.3615,0.72167,-0.37021,0.63776,-0.44356,0.96305,-0.33601,1.0046,-0.59151,0.7879,0.11464,0.83129,-0.0265,1.0877,-0.23845,1.0559,-0.24507,0.77501,0.20993,0.88794,-0.13105,0.7706,-0.2338,1.133,-0.29654,1.2449,-0.97515,1
0.34794,0.068571,0.0020572,0.32459,-0.48078,0.45364,-0.15674,0.29292,-0.46838,0.30009,-0.29045,0.42932,-0.4709,0.57686,-0.20458,0.62759,0.18199,0.41433,-0.10639,0.69166,-0.47482,0.62465,-0.17018,0.783,-0.15684,0.38206,0.020958,0.50266,0.099507,0.89528,0.080872,0.73224,-0.014797,1
0.34794,0.62243,-0.091026,0.67472,-0.31058,0.78003,-0.26608,0.85601,-0.3416,0.86765,-0.24702,0.86937,-0.040644,0.92228,-0.18411,0.95431,0.010099,0.94042,0.16261,0.96749,0.14633,0.94203,0.30007,0.9492,0.16676,0.76245,0.21597,0.96051,0.21573,1.0292,0.0067055,1.0819,0.069693,1
0.34794,-0.13034,-0.13606,-0.37923,-0.25149,-0.33651,0.019298,-0.22058,-0.49636,0.1571,-0.028011,0.10587,-0.022357,0.27776,-0.27496,0.32109,0.038865,0.22765,0.046284,0.20026,0.11266,0.36092,0.26496,0.17617,0.1477,-0.10777,0.30895,0.14639,0.21705,0.1723,0.46553,0.1569,0.33751,1
0.34794,-3.2978,-2.3659,-2.1313,1.9186,0.91323,-2.1495,0.9627,0.73751,-0.84505,-0.31333,-0.25912,-2.2095,1.0046,2.0265,-0.61802,0.0072808,1.0229,1.9728,1.0877,1.9139,-0.60036,0.10884,-1.9214,2.1066,-0.40354,-1.6917,1.0793,-1.9137,0.6044,-1.9398,0.2417,2.1043,0
0.34794,0.60672,0.35162,0.69298,0.63397,0.5177,0.85709,0.10851,1.0891,-0.10261,1.3687,-0.40408,1.6196,-0.44803,1.8886,-1.0184,1.697,-1.2574,1.5018,-1.3761,1.1914,-1.6855,1.0649,-1.8751,0.74791,-2.5428,0.4104,-1.9666,-0.031661,-1.9327,-0.34156,-1.949,-0.76473,1
0.34794,-1.2886,-0.10052,-1.1562,-0.25149,-1.1166,-0.22921,-1.0094,-0.3748,0.25868,1.7076,-0.64418,-0.18876,-0.52718,-0.15518,-0.026049,-1.4411,0.32189,-1.8802,-0.55212,-0.01601,-0.60036,0.10884,-0.68482,0.14,0.88794,0.32598,-0.65715,0.054938,-0.61684,0.007387,-0.66843,-0.030918,0
0.34794,0.19991,0.012161,0.36485,-0.1963,0.47834,-0.15637,0.29671,-0.1692,0.35817,0.31624,0.57626,-0.04028,0.61699,0.028989,0.52565,-0.1508,0.44189,0.046284,0.59609,0.20313,0.52894,0.33985,0.47372,0.44373,0.1936,0.37383,0.48382,0.40021,0.42884,0.29356,0.43084,0.2918,1
0.34794,-1.2551,-0.90755,-1.1562,-0.25149,-1.1166,-0.22921,-1.0094,-0.3748,-0.84505,-0.31333,-0.64418,-0.18876,-0.33889,-1.3551,-0.24889,1.6743,1.0229,-0.76847,-0.55212,-0.01601,-0.46234,-1.7871,-0.8685,-0.18778,0.88794,-1.2675,-2.3936,0.4261,-0.61684,0.007387,1.2449,-0.61366,0
0.34794,0.72062,0.014335,0.76738,-0.016534,0.91323,0.14521,0.9627,0.21326,0.92958,0.39049,0.96305,0.58439,0.92151,0.78032,0.8241,1.0217,0.63818,1.1791,0.77029,1.1412,0.71767,1.2987,0.46727,1.3975,0.10176,1.3888,0.20305,1.4858,0.20605,1.4033,-0.029758,1.5757,1
0.34794,0.5932,0.69478,0.29137,1.173,-0.19159,1.4717,-0.70724,1.6047,-1.2315,1.6329,-1.5528,1.4965,-1.7335,1.1112,-2.1245,0.53107,-2.0691,-0.077359,-1.9792,-0.80628,-1.6782,-1.1702,-1.321,-1.5306,-1.138,-1.5321,-0.18258,-1.6334,0.34254,-1.3481,0.76324,-0.97411,1
0.34794,0.47103,-0.016088,0.57408,-0.24405,0.69421,-0.21941,0.69321,-0.3748,0.8414,-0.16271,0.75445,-0.16868,0.7948,-0.13007,0.73875,-0.11775,0.79479,0.094138,0.82831,0.014926,0.78239,0.14199,0.68959,0.054488,0.54139,0.16339,0.76653,0.22613,0.79627,0.052327,0.86388,0.021202,1
0.34794,0.72062,0.066665,0.76738,-0.17727,0.91323,-0.33603,0.9627,-0.19367,0.92958,0.083808,0.96305,0.22201,1.0046,0.12374,1.0001,0.21988,1.0229,0.56812,1.0877,0.84777,1.0559,0.90037,1.0439,0.53396,0.88794,0.79445,1.003,1.0125,1.133,0.64005,1.2449,0.96648,1
-2.8659,-1.2886,-0.10052,-1.1562,-0.25149,-1.1166,-0.22921,0.9627,1.692,0.92958,1.7076,-0.64418,-0.18876,-0.52718,-0.15518,-1.2248,-2.0058,-2.1706,-1.8802,-0.55212,-0.01601,-0.60036,0.10884,-2.4136,-1.8266,-2.9865,-1.6917,-2.3936,2.0235,1.133,0.007387,-0.66843,-0.030918,0
0.34794,0.57736,0.65076,0.30895,1.1015,-0.11579,1.389,-0.58361,1.5926,-1.0927,1.6302,-1.4028,1.5004,-1.6109,1.2736,-2.0334,0.74707,-2.0399,0.15407,-2.025,-0.52112,-1.8255,-0.91626,-1.5623,-1.3297,-1.4817,-1.4394,-0.52154,-1.6609,0.013467,-1.5125,0.46819,-1.3178,1
-2.8659,-3.2978,-2.3659,0.76738,-2.4216,-3.1464,1.6911,-1.0094,-0.3748,0.92958,-2.3343,0.96305,-2.2095,-0.52718,-0.15518,-0.61802,0.0072808,-0.57386,0.046284,-2.1919,1.9139,1.0559,-1.7871,-2.4136,2.1066,0.88794,1.9445,-0.65715,0.054938,1.133,0.98096,-0.66843,-0.030918,0
0.34794,0.64738,-0.26358,0.76738,-0.56253,0.91323,-0.63848,0.9627,-1.1224,0.79773,-1.1938,0.87482,-1.0106,0.85744,-1.167,0.97262,-0.70246,0.776,-1.2256,0.68341,-1.1853,0.55302,-1.1088,0.78646,-1.1469,0.066116,-1.141,-0.21549,-1.2034,0.17258,-1.4097,0.07574,-1.5986,1
0.34794,0.081651,-0.49274,0.42752,0.22393,-0.16983,0.40184,-0.50072,0.8302,0.92958,-0.62039,-0.62714,0.71092,-0.51094,0.6928,-0.31575,0.83601,-0.40513,0.74662,-0.48119,0.57733,-0.60173,0.58159,-0.7343,0.52161,-1.1328,0.38971,-0.74014,0.25867,-0.69707,0.14493,-0.74521,0.067003,0
0.34794,0.72062,-0.0081368,0.76738,0.0085306,0.91323,0.081094,0.9627,0.20226,0.90657,0.31092,0.84645,0.57182,0.86856,0.712,0.70781,0.93446,0.6815,0.95162,0.74989,1.0702,0.56451,1.2109,0.47478,1.3145,0.091803,1.2353,0.2797,1.2545,0.17604,1.2465,0.10534,1.307,1
0.34794,0.67065,-0.084433,0.74005,-0.20909,0.91323,-0.19169,0.9487,-0.34175,0.85393,-0.26666,0.91738,-0.11699,1.0046,-0.07381,0.96557,0.050179,1.0002,0.15579,1.0411,0.076547,0.96472,0.21322,1.0163,0.20985,0.84028,0.24418,0.98986,0.21579,1.1175,0.12844,1.2245,0.18147,1
0.34794,0.72062,0.166,0.76738,0.25911,0.91323,0.5615,0.9627,-0.25323,0.92958,0.16218,0.96305,0.048975,1.0046,0.87147,1.0001,-0.11113,1.0229,-0.18037,1.0877,0.66512,1.0559,0.88949,1.0439,-0.091374,0.88794,0.49414,1.0793,0.17073,1.133,0.69461,1.2449,0.47148,1
0.34794,0.72062,-2.0646,0.76738,0.23201,0.61874,-0.99533,0.9627,-0.62467,0.92958,0.39697,0.96305,-0.031713,1.0046,-0.47735,1.0001,-2.0058,1.0229,-1.8802,0.46179,0.28897,1.0559,1.2909,1.0439,-0.19456,0.88794,0.77956,1.0793,-1.2541,1.133,1.7292,1.2449,-0.43289,0
0.34794,0.68377,-0.080718,0.73089,-0.33434,0.8638,-0.33865,0.88277,-0.51887,0.91191,-0.40441,0.87808,-0.4131,0.90304,-0.43422,0.90648,-0.22589,0.69847,-0.3236,0.89541,-0.35156,0.82829,-0.24644,0.8449,-0.24721,0.53562,-0.25785,0.70676,-0.41485,0.72897,-0.4423,0.75358,-0.54128,1
0.34794,0.36407,-0.27205,0.39155,-0.24648,0.65978,-0.25252,0.70279,-0.53009,0.44745,-0.55047,0.71593,-0.087141,0.74606,-0.31661,0.59226,0.14225,0.67679,0.16877,0.87063,-0.061748,0.70551,-0.0051459,0.60226,0.093387,0.4369,0.076774,0.62862,-0.095267,0.60906,-0.074782,0.83233,-0.0049966,1
0.34794,0.54688,1.7477,-2.5599,1.9186,-1.9177,0.84108,-0.90284,0.23965,-1.1751,-0.52029,-0.69494,-0.37002,-0.50572,-0.22943,-0.60009,-0.0035292,-0.5684,0.048152,-0.55133,-0.014563,-0.60041,0.1092,-0.68487,0.14003,-1.0493,0.12643,-0.65715,0.054938,-0.61684,0.007387,-0.66843,-0.030918,0
0.34794,0.52203,0.27569,0.36918,0.55967,0.36497,0.74084,0.16959,1.1339,-0.058834,1.3267,-0.25182,1.5792,-0.42856,1.7,-0.82208,1.7666,-1.0328,1.5801,-1.3168,1.2563,-1.5467,1.1289,-1.8631,0.92567,-2.4411,0.59613,-1.9138,0.27578,-1.8675,-0.10019,-1.9637,-0.45591,1
0.34794,0.56607,0.2495,0.50575,0.39426,0.35669,0.47727,0.38266,0.79974,0.17446,0.95419,0.051269,1.3202,-0.041526,1.3217,-0.30852,1.5537,-0.49904,1.5137,-0.74994,1.4694,-0.90642,1.4611,-1.1912,1.4322,-1.8009,1.191,-1.4698,1.0418,-1.5468,0.80049,-1.7443,0.71844,1
-2.8659,0.72062,2.1648,-1.1562,-0.25149,0.91323,-2.1495,0.9627,-2.4415,0.92958,1.7076,0.96305,1.832,1.0046,-2.3368,1.0001,2.0203,1.0229,1.9728,1.0877,-1.9459,-2.2566,-1.7871,1.0439,-1.8266,0.88794,-1.6917,1.0793,2.0235,-0.61684,0.007387,1.2449,-2.1661,0
0.34794,0.62452,0.048882,0.64454,0.031273,0.73046,0.13857,0.66453,-1.4074,0.75253,0.92592,0.60845,0.50491,0.5796,0.67358,0.45225,0.82949,0.9506,1.1995,0.32121,0.83484,0.17433,0.95271,0.014289,1.0092,-0.38338,0.91223,0.91139,2.0235,-0.20729,0.77884,-0.31195,0.76319,1
0.34794,0.47493,-0.28519,0.44853,-0.09227,0.60435,-0.15094,0.51254,-0.41973,0.52451,-0.42866,0.67917,-0.40292,0.51344,-0.16703,0.80658,-0.41393,0.75822,0.10911,0.86489,-0.13138,1.0109,-0.42181,0.78556,-0.22874,0.57227,-0.05922,0.83394,-0.0092582,0.75736,-0.20427,0.84451,-0.042512,1
0.34794,-0.41185,-0.38883,-0.037025,-0.56713,-0.74753,-1.5211,-0.32816,-0.44994,-0.32879,-0.42357,-0.17662,0.39909,0.029841,-1.0675,-0.29441,-0.029316,0.0067869,0.15137,-0.34342,0.93139,0.42351,0.41908,-0.11905,0.46181,-0.25312,-0.0013316,-0.057295,-0.052449,-0.39414,-0.70067,-0.11184,-0.65207,0
0.34794,0.44504,0.33692,0.40036,0.64148,0.24751,0.84203,0.066544,1.0712,-0.19367,1.3344,-0.32889,1.5424,-0.58939,1.7272,-0.89699,1.5329,-1.1184,1.3129,-1.3425,1.0665,-1.5979,0.88607,-1.7088,0.64633,-2.2705,0.28675,-1.6511,-0.098928,-1.5769,-0.38054,-1.4895,-0.7132,1
0.34794,0.16636,-0.12507,0.37697,-0.22797,0.50726,-0.22543,0.54885,-0.35239,0.54669,-0.33324,0.69545,-0.12307,0.77673,-0.11864,0.67804,-0.008582,0.68939,-0.010664,0.6935,0.048641,0.63817,0.21343,0.57045,0.11093,0.46255,0.13755,0.62937,-0.043984,0.83475,0.064944,0.84335,-0.014093,1
0.34794,0.45317,0.71387,0.22905,1.1952,-0.36148,1.3656,-0.83892,1.4004,-1.2731,1.4271,-1.4761,1.1768,-1.5797,0.75072,-1.8642,0.20653,-1.682,-0.21672,-1.3636,-0.83056,-1.1393,-0.9847,-0.73399,-1.0391,-0.75172,-0.83947,-0.096122,-0.67518,0.19139,-0.37583,0.11517,0.0079428,1
-2.8659,0.72062,2.1648,0.76738,-2.4216,-1.1166,-0.22921,-1.0094,-0.3748,0.92958,1.7076,0.96305,1.832,-2.059,-2.3368,1.0001,-2.0058,-2.1706,1.9728,-0.55212,-0.01601,1.0559,-1.7871,1.0439,-1.8266,0.88794,1.9445,-2.3936,-1.9137,-0.61684,0.007387,-0.66843,-0.030918,0
0.34794,-2.6071,0.25344,-1.036,-0.25149,-1.1166,-0.10919,0.22315,-0.24562,-0.51231,-0.31333,-0.69441,0.00067962,-0.43145,-0.15518,-0.3652,-0.30726,0.12472,-0.67615,-0.55212,-0.19694,-0.60036,0.10884,-0.6308,-0.78184,-0.98874,0.12643,-1.9052,0.11646,-0.67152,0.007387,-0.66843,0.16926,0
0.34794,0.68958,-0.1625,0.73003,-0.34055,0.91323,-0.37582,0.93746,-0.3447,0.84579,-0.36595,0.93895,-0.33947,0.99515,-0.31115,0.95791,-0.1846,0.97922,-0.18921,1.0761,-0.11737,0.9777,-0.060165,0.99816,-0.024038,0.8231,-0.10833,0.96589,-0.2387,1.0828,-0.29939,1.1832,-0.43234,1
-2.8659,-3.2978,2.1648,0.76738,-2.4216,-1.1166,-0.22921,-1.0094,-0.3748,0.92958,-2.3343,0.96305,1.832,-0.52718,-0.15518,1.0001,-2.0058,-0.57386,0.046284,-0.55212,-0.01601,1.0559,2.0047,-2.4136,2.1066,0.88794,-1.6917,-2.3936,2.0235,-2.3667,-1.9398,-0.66843,-0.030918,0
0.34794,0.72062,-0.22577,0.76738,-2.4216,-0.10168,-0.44257,-0.29728,-0.83407,0.92958,-0.83296,-0.3763,-0.41329,1.0046,-0.91134,1.0001,-0.77484,1.0229,-0.77945,-0.55212,-0.49848,1.0559,-0.84542,1.0439,-0.40628,0.88794,-0.91156,1.0793,-0.4919,1.133,-1.2224,1.2449,-1.4388,0
0.34794,0.61319,0.54993,0.23943,1.2079,-0.15113,1.3542,-0.98445,1.4669,-1.2864,1.3939,-1.4099,0.94444,-1.6895,0.7555,-1.6933,0.15238,-1.6186,-0.32987,-1.4126,-0.86516,-1.1113,-0.93559,-0.75603,-1.1342,-0.73767,-0.89934,-0.018971,-0.76993,0.18912,-0.4314,0.2954,-0.1586,1
0.34794,0.6334,0.083949,0.71904,-0.37447,0.85568,-0.39213,0.88573,-0.5104,0.83583,-0.28748,0.8897,-0.52814,0.92208,-0.58054,0.99406,-0.64229,0.8687,-0.64537,0.94713,-0.54318,0.8926,-0.45627,1.0422,-0.66133,0.64083,-0.50238,0.94141,-0.54783,0.85216,-0.75318,0.90363,-0.91005,1
-2.8659,-3.2978,2.1648,0.76738,-2.4216,-3.1464,1.6911,-1.0094,-0.3748,0.92958,1.7076,-2.2514,-0.56765,1.0046,2.0265,-2.2361,-2.0058,1.0229,-1.8802,-2.1919,-1.9459,1.0559,2.0047,1.0439,-1.8266,0.88794,1.9445,1.0793,2.0235,-0.61684,0.007387,-2.5817,-2.1661,0
0.34794,0.72062,-0.12501,0.76738,-0.31015,0.91323,-0.35376,0.86676,-0.40832,0.9104,-0.37887,0.94568,-0.013991,1.0046,-0.29669,0.92133,0.19226,0.98838,0.035861,1.0877,0.10916,1.0559,0.19081,1.0066,0.32071,0.85997,0.14917,1.0793,-0.0089038,1.133,0.060018,1.2449,-0.18096,1
0.34794,-1.2886,-0.10052,-1.1562,-0.25149,-1.1166,-0.22921,-2.9816,1.692,-0.84505,-0.31333,0.96305,0.56563,-0.711,-0.41698,-0.61802,0.0072808,-2.1706,-1.8802,-0.55212,-0.01601,1.0559,-1.7871,-0.68482,0.14,0.88794,0.53853,-0.65715,0.054938,-0.61684,0.007387,-0.66843,-0.030918,0
-2.8659,0.72062,2.1648,0.76738,-2.4216,-1.1166,-0.22921,-1.0094,-0.3748,-2.6197,-2.3343,-0.64418,-0.18876,-0.52718,-0.15518,-2.2361,2.0203,1.0229,1.9728,-2.1919,1.9139,-2.2566,2.0047,1.0439,-1.8266,0.88794,1.9445,-2.3936,2.0235,1.133,1.9545,-0.66843,-0.030918,0
0.34794,-0.75279,-0.32705,-0.1303,-0.25149,-0.44,-0.48524,-0.28631,-0.13367,0.16058,-0.27964,0.50768,-0.020376,0.54508,-0.30063,0.24494,0.40989,0.091463,0.014169,-0.032838,0.36997,0.55903,0.10884,-0.25263,0.4022,-0.15401,0.22531,0.037429,0.12055,0.19975,0.072285,0.12878,-0.13768,1
0.34794,-0.51462,0.25206,-0.36282,-0.091055,-0.57952,0.23407,-0.54902,-0.10136,-0.49979,0.19781,-0.25018,0.5582,-0.3901,0.34565,-0.68098,0.7514,-0.4931,0.52604,-0.14375,0.17173,-0.47147,0.67686,-0.72793,0.70012,-1.166,0.60379,-0.91391,0.34602,-0.78026,0.61349,-1.0332,0.5839,0
0.34794,0.68409,-0.10052,0.54861,-0.18354,0.63411,-0.14141,0.56827,-0.3748,0.38106,-0.22148,0.63105,-0.018295,0.65411,0.053794,0.39695,0.5197,0.51484,0.29147,0.6068,0.22731,0.53591,0.36465,0.60388,0.58694,0.2018,0.40074,0.51101,0.10862,0.44557,0.32798,0.45734,0.33371,1
0.34794,0.72062,-0.15169,0.76738,-0.34901,0.91323,-0.35752,0.9627,-0.55665,0.92958,0.8219,0.96305,-0.44616,1.0046,-0.472,1.0001,0.65965,1.0229,-0.29353,1.0792,-0.3817,0.98305,-0.27188,1.0439,-1.6748,0.64153,-0.26979,0.78272,-0.38544,0.75641,-0.43588,0.74724,-0.52161,1
0.34794,-1.2886,-0.10052,0.76738,-2.4216,-1.1166,-0.22921,-1.0094,-0.3748,0.92958,1.7076,0.96305,-0.70085,1.0046,0.35287,1.0001,-2.0058,-0.57386,0.046284,-0.55212,-0.01601,1.0559,2.0047,-0.68482,0.14,0.88794,-1.6917,-0.65715,0.054938,1.133,-1.9398,-0.66843,-0.030918,0
0.34794,0.58293,0.56282,0.38107,0.95847,0.10032,1.1457,-0.49267,1.5401,-0.76278,1.6419,-1.0177,1.7335,-1.3839,1.6123,-1.8045,1.2631,-2.0268,0.74368,-2.0649,0.10056,-2.1509,-0.26727,-2.123,-0.78245,-2.3117,-1.1382,-1.373,-1.6326,-0.85464,-1.822,-0.47697,-2.0556,1
0.34794,0.52721,-0.13685,0.76738,-0.077427,0.91323,-0.19841,0.8256,-0.36374,0.81571,-0.34575,0.96305,-0.18876,1.0046,-0.015189,1.0001,0.10417,0.88628,0.1287,1.0351,0.02527,1.0382,0.078425,0.97923,0.24517,0.82932,0.20737,0.86574,0.076002,1.133,0.1844,1.2039,0.1061,1
0.34794,0.3157,0.76631,0.39813,-0.61962,0.91323,-0.37617,0.92624,-0.52769,0.40104,0.10426,0.95896,-0.14623,0.97726,-0.10093,1.0001,-0.2559,0.95365,0.19495,1.0877,-0.012324,0.89535,0.69285,1.0439,-0.14597,0.88794,0.11926,0.65627,0.21061,1.133,-0.3577,1.2449,-0.15348,1
0.34794,-0.10436,-1.4807,0.48712,0.94853,0.53012,-0.089314,0.10725,-0.039465,-0.26331,0.17517,0.16476,0.058816,0.45174,0.27826,0.54463,0.86715,0.29326,0.3142,0.51756,0.52079,0.54038,0.24695,0.21192,0.66415,-0.099788,0.6298,0.14537,0.61745,0.14406,0.57837,0.11259,0.60841,1
0.34794,0.659,-0.080673,0.76738,-0.2332,0.88599,-0.24386,0.92065,-0.43357,0.92639,-0.38426,0.96305,-0.21445,1.0046,-0.21149,1.0001,-0.016372,0.99871,0.046765,1.0877,-0.066419,1.0559,0.018894,0.97511,0.050968,0.87221,0.063284,1.0276,0.006156,1.133,-0.067675,1.2146,-0.11872,1
-2.8659,-3.2978,-2.3659,-1.1562,-0.25149,-3.1464,1.6911,0.9627,-1.1498,-0.84505,-0.31333,-0.64418,-0.18876,-0.52718,-0.15518,1.0001,-2.0058,-2.1706,-1.8802,1.0877,-1.9459,-0.60036,0.10884,1.0439,-1.8266,-2.9865,1.9445,-2.3936,-1.9137,-0.61684,0.007387,-2.5817,2.1043,0
-2.8659,-1.2886,-0.10052,-3.0798,-2.4216,0.91323,1.6911,-2.9816,1.692,-2.6197,1.7076,0.96305,-2.2095,1.0046,2.0265,-2.2361,-2.0058,-2.1706,1.9728,1.0877,-1.9459,-2.2566,2.0047,-2.4136,2.1066,0.88794,-1.6917,-2.3936,2.0235,-2.3667,-1.9398,1.2449,-2.1661,0
0.34794,-1.2112,-0.042343,-1.148,-0.25149,-1.0761,-0.26756,-0.96723,-0.47799,-0.93112,-0.33928,-0.62125,-0.23488,-0.52718,-0.22676,-0.6942,-0.050151,-0.6012,0.11498,-0.51702,-0.0077502,-0.51529,0.065571,-0.59603,0.17646,-0.9719,0.15495,-0.62248,0.068974,-0.66178,-0.028713,-0.69573,0.011722,0
-2.8659,0.72062,2.1648,0.76738,-2.4216,0.91323,-2.1495,0.9627,1.692,-0.84505,-0.31333,0.96305,-2.2095,-0.52718,-0.15518,-0.61802,0.0072808,-0.57386,0.046284,-2.1919,1.9139,1.0559,2.0047,-0.68482,0.14,0.88794,1.9445,-0.65715,0.054938,-2.3667,-1.9398,-0.66843,-0.030918,0
0.34794,-0.4305,-1.2332,-1.1562,-0.25149,-1.1166,-0.22921,-0.093219,0.68012,0.20124,-0.27123,-0.64418,-0.18876,-0.52718,-0.15518,-0.35172,-0.90698,0.3709,-0.3069,-0.55212,-0.01601,-0.60036,0.10884,1.0223,-0.66302,-2.9865,-1.6917,-1.1419,-1.4338,-0.61684,0.007387,-0.66843,-0.030918,0
0.34794,0.24436,-0.27672,0.76738,-0.89449,0.91323,-1.8757,0.56827,-0.2485,-0.036598,-1.1779,0.96305,-0.44299,1.0046,-1.9773,0.17902,0.044562,0.73903,-0.067881,1.0584,-0.40079,1.0559,0.52663,0.51891,-0.38078,0.73583,-0.3199,0.71272,0.095038,0.91412,-0.52038,1.2449,-1.2488,1
-2.8659,-3.2978,2.1648,-3.0798,-2.4216,-1.1166,-0.22921,-2.9816,1.692,0.92958,-2.3343,-2.2514,-2.2095,-2.059,2.0265,-0.61802,0.0072808,-2.1706,-1.8802,-2.1919,1.9139,-0.60036,0.10884,1.0439,-1.8266,0.88794,1.9445,1.0793,-1.9137,1.133,1.9545,-0.66843,-0.030918,0
0.34794,0.72062,0.089318,0.76738,0.12582,0.91323,-0.48476,0.92665,0.95867,0.92958,0.65479,0.96305,1.0057,1.0046,1.3885,1.0001,1.6736,1.0229,1.8784,1.0877,1.9139,1.0235,2.0047,0.89914,2.1066,0.57603,1.9445,0.6421,2.0235,0.50932,1.9545,0.33564,2.1043,1
0.34794,-0.62979,0.14962,-0.84901,0.38452,-0.83201,1.2011,-1.505,1.5265,-1.1379,0.22554,-1.6682,0.31369,-2.023,-0.16254,-0.99385,-0.39349,-1.0612,-0.8955,-0.78867,-1.7527,-0.44558,-0.43938,-0.19546,-0.225,-0.28216,-0.082619,-0.11876,0.16545,-0.24162,0.40733,-0.41251,0.53325,1
0.34794,0.48564,-0.5988,0.76738,0.53784,0.55604,0.13961,0.66858,-0.25284,0.76202,-0.40007,0.72507,0.31642,0.66604,0.39725,0.50178,1.1736,0.56032,0.7987,0.64783,0.51616,1.0559,0.76995,0.29642,1.1634,0.30312,1.0943,0.74766,1.2082,0.13604,1.3884,0.33338,1.126,1
0.34794,-0.3753,0.10543,0.067888,-0.054207,-0.563,0.11994,0.24555,-0.3748,-0.19972,-0.49705,0.086387,-0.37247,0.21746,-0.18449,0.41165,-0.35873,0.15195,0.046284,0.044184,-0.19146,-0.14864,0.45355,-0.056175,-0.038787,-0.38206,0.094282,-0.18357,0.054938,0.019469,0.007387,-0.11387,-0.070035,1
0.34794,0.72062,0.22311,0.76738,1.2986,0.91323,1.1424,0.9627,-0.67005,0.67606,-0.60204,0.96305,-0.13756,1.0046,-0.15518,0.075436,-0.2803,1.0229,0.11596,1.0877,-0.5674,1.0559,0.10884,-0.1909,-0.42188,0.88794,0.21535,1.0793,0.15695,1.133,1.12,1.2449,-0.030918,1
0.34794,0.67853,0.25763,0.57718,0.51319,0.54865,0.70331,0.40577,0.96628,0.19891,1.177,0.0043215,1.4916,-0.14209,1.6949,-0.54197,1.7279,-0.76855,1.5826,-0.98142,1.5425,-1.227,1.4677,-1.5671,1.287,-2.1649,0.96348,-1.732,0.66119,-1.7674,0.36459,-1.8955,0.032455,1
0.34794,0.72062,0.28008,0.75492,0.10297,0.80394,0.41116,0.80018,0.092497,0.77711,0.43658,0.70991,0.75894,0.71374,0.91873,0.65173,0.9798,0.46549,1.144,0.37524,1.1047,0.3203,1.3359,0.15036,1.2263,-0.21013,1.3833,-0.037517,1.554,-0.023279,1.3089,-0.24558,1.6492,1
0.34794,0.41341,0.20605,0.26028,-0.38497,0.66707,-0.070591,0.74435,-0.56368,0.55221,-0.17837,0.65234,-0.19586,0.68695,-0.17818,0.7697,-0.084695,0.81804,-0.021433,0.78797,-0.19916,0.57563,0.19214,0.80998,-0.15724,0.52272,0.038758,0.70088,0.041099,0.70861,-0.12264,0.97247,-0.16226,1
0.34794,0.20725,-0.15466,0.20516,-0.17968,0.34981,0.095554,0.55305,-0.21522,0.60011,0.57455,0.38103,-0.17763,0.5569,0.31803,1.0001,0.12939,0.40063,0.14544,0.55415,0.065585,0.26127,-0.36514,0.57679,-0.1709,0.14651,0.25595,-0.1209,0.22503,0.3616,0.1526,0.48516,0.43223,1
0.34794,0.72062,2.1648,-1.1562,-0.25149,-1.1166,-0.22921,-1.0094,-0.3748,0.0022313,-2.1139,-1.472,0.73044,-1.9899,0.46813,0.42826,2.0203,-0.57386,0.046284,-0.55212,-0.01601,0.42703,0.49372,-2.4136,-1.8266,0.88794,-1.6917,1.0793,2.0235,-0.61684,0.007387,-0.66843,-0.030918,0
0.34794,-1.2886,-0.10052,-3.0798,-2.4216,-3.1464,1.6911,-1.0094,-0.3748,-2.6197,1.7076,0.96305,1.832,1.0046,-2.3368,-0.61802,0.0072808,-0.57386,0.046284,-2.1919,-1.9459,-2.2566,2.0047,1.0439,1.0004,0.88794,-1.6917,-0.65715,0.054938,-2.3667,-1.9398,-2.5817,2.1043,0
-2.8659,0.72062,2.1648,-3.0798,-2.4216,-3.1464,-2.1495,-1.0094,-0.3748,-0.84505,-0.31333,-2.2514,-2.2095,-0.52718,-0.15518,-0.61802,0.0072808,-0.57386,0.046284,-2.1919,1.9139,1.0559,2.0047,-0.68482,0.14,0.88794,-1.6917,-0.65715,0.054938,-2.3667,-1.9398,-2.5817,-2.1661,0
0.34794,0.72062,2.1648,0.76738,-2.4216,-1.1166,-0.22921,-1.0094,-0.3748,0.92958,1.7076,0.96305,-2.2095,1.0046,2.0265,1.0001,-2.0058,-0.57386,0.046284,-0.55212,-0.01601,1.0559,-0.41781,-0.68482,0.14,0.88794,-1.6917,1.0793,2.0235,1.133,-1.9398,-0.66843,-0.030918,0
0.34794,0.19441,1.7873,-2.6218,-0.76819,-0.44,-0.50354,-0.11728,-0.67005,-2.0391,-0.054486,-0.10844,-0.18876,-0.089532,-0.31102,-1.2364,1.0372,-0.19367,0.092153,0.1897,0.075891,-0.32431,-0.3877,-1.6746,-0.061265,-0.56712,-0.80224,1.0793,0.054938,-1.7834,-0.085336,-0.16734,0.019921,0
0.34794,-0.39562,0.90629,-0.12334,1.7182,-1.5677,1.6911,-1.6668,1.4623,-2.6197,0.36031,-2.2514,-0.41329,-2.059,-0.63999,-1.6967,-1.5584,0.31324,-1.8802,-0.91651,-1.517,0.68785,-0.31247,-0.10857,0.14,0.73529,0.94492,0.34051,1.7155,-0.22799,1.9545,-1.7314,2.1043,1
0.34794,-1.2886,-0.10052,-1.1562,-0.25149,0.91323,1.6911,-2.9816,-2.4415,-0.84505,-0.31333,0.96305,-0.41329,-0.52718,-0.15518,-0.61802,0.0072808,-2.1706,1.9728,1.0877,1.9139,1.0559,-1.7871,-0.68482,0.14,0.88794,-1.6917,-0.65715,0.054938,-0.61684,0.007387,1.2449,2.1043,0
0.34794,0.72062,0.10543,0.67995,-0.44877,0.45191,-0.22921,0.9627,-0.3748,0.84893,-0.31333,0.96305,-0.096921,0.86536,-0.25434,1.0001,0.0072808,1.0229,0.046284,0.86409,0.15944,0.67949,0.28119,0.88677,0.22938,0.72407,0.1791,1.0004,0.2339,0.89438,-0.16963,0.98395,0.066127,1
0.34794,0.49665,-0.06357,0.61363,-0.22317,0.75981,-0.20311,0.7493,-0.58608,0.75395,-0.48365,0.85119,-0.20964,0.89883,-0.34974,0.77392,-0.094519,0.85446,-0.031239,0.89777,-0.25003,0.87218,-0.11695,0.7497,-0.13804,0.62551,-0.088255,0.82814,-0.20198,0.84469,-0.23507,0.99203,-0.29216,1
0.34794,0.72062,-0.28589,0.76738,-0.49727,0.89792,-0.8015,0.9627,-1.0584,0.87035,-1.0061,0.73463,-1.1439,0.8806,-1.2061,0.56453,-1.3057,0.51403,-1.1779,0.7999,-1.5274,0.37401,-1.309,0.47402,-1.7537,-0.10475,-1.4311,0.0016754,-1.5966,-0.19483,-1.7226,-0.10935,-1.9445,1
0.34794,-0.34858,0.15565,-0.021675,-0.23706,0.0085759,-0.097207,-0.064899,-0.6635,0.095382,-0.28645,0.38217,-0.51584,0.51213,-0.22775,0.26456,-0.26498,0.27231,-0.043414,0.23325,-0.39257,0.24063,-0.14758,0.031974,-0.2568,-0.0045346,-0.081837,0.38241,-0.0017971,0.3221,-0.22144,0.40911,-0.12562,1
0.34794,0.092319,2.1648,0.61298,-1.9026,0.54325,-0.14571,0.4911,-0.15361,0.69514,1.177,0.48196,0.17955,0.63576,0.14396,0.89452,-0.49767,0.55563,0.4071,0.51184,0.45839,0.39673,1.5767,1.0439,-0.91893,0.67992,0.53034,0.57695,1.115,1.133,-0.11961,0.41299,0.47968,0
0.34794,0.72062,2.1648,-0.45025,-0.11786,-0.85286,1.5512,-1.5535,1.5596,-1.4045,0.44827,-2.0456,0.55781,-1.9496,-0.34863,-1.2477,-0.6819,-1.3172,-1.5433,-0.64098,-1.8223,-0.17609,-0.27874,0.59086,-0.76365,0.60648,0.0022319,1.0793,2.0235,0.05982,0.012177,-0.32867,1.6728,1
0.34794,0.72062,-1.3968,0.75103,-1.8437,0.70046,-2.1006,0.9627,-1.1151,0.92958,-0.78277,0.36661,-1.9347,1.0046,-1.4104,1.0001,-1.5952,0.65199,-1.6674,1.0319,-1.9459,0.56102,-1.3111,0.38608,-1.3724,-0.0074986,-1.2914,0.74972,-1.9137,1.133,-1.9398,-0.085932,-1.6561,1
0.34794,-0.61886,-0.66685,-0.30129,0.23075,-0.32722,0.090849,-0.1877,-0.087745,0.042267,-0.53788,0.23837,-0.35937,0.36636,0.57202,0.28092,0.063203,-0.17467,-0.32831,0.22223,-0.12323,0.27379,0.056167,-0.012524,0.30387,-0.2445,-0.13276,-0.31952,-0.21848,0.029268,-0.28097,-0.509,-1.0985,1
0.34794,0.42344,0.78867,-0.40818,1.4071,-0.93679,1.67,-1.85,1.4593,-2.1978,0.69674,-2.1404,0.028828,-1.843,-0.83245,-1.6864,-1.1052,-0.8814,-1.6117,-0.085689,-1.5695,0.4704,-0.55909,0.66039,-0.31869,0.33967,0.51446,-0.00025211,1.2028,-0.2727,1.2986,-0.883,1.3555,1
0.34794,0.39129,0.19885,0.23207,-0.12,0.21962,-0.069535,-0.53833,-0.10692,-0.067104,0.09753,0.15008,0.067586,0.15825,0.13949,-0.14308,0.066102,0.19511,0.34982,-0.013685,0.26606,-0.11184,0.38636,-0.22781,0.42574,-0.5913,0.38667,-0.19823,0.37261,-0.28845,0.27282,-0.34977,0.25089,1
0.34794,-0.027912,-0.27819,0.23934,-0.25149,0.11721,-0.37982,0.22798,-0.61795,0.37283,-0.55109,0.42731,-0.46611,0.46398,-0.36907,0.27033,-0.22955,0.30279,-0.36924,0.41248,-0.39442,0.50383,-0.33725,0.094814,-0.36129,-0.034,-0.32206,0.33025,-0.56267,0.13798,-0.41259,0.23194,-0.61706,0
0.34794,0.10669,0.78045,-1.1562,-0.25149,-1.7852,1.1119,-1.0094,-0.3748,-0.84505,-0.31333,-0.64418,-0.18876,-0.2111,-0.68327,-0.27771,0.3987,0.1675,1.5523,-0.55212,-0.01601,-0.60036,0.10884,0.58431,0.67847,0.42669,1.2808,-0.65715,0.054938,-0.61684,0.007387,-0.66843,-0.030918,0
0.34794,0.4027,0.884,-0.19441,1.4013,-0.91532,1.5655,-1.7542,1.4478,-2.1292,0.92311,-2.1531,0.20344,-1.8554,-0.71209,-1.6353,-1.3135,-0.97473,-1.6038,-0.28573,-1.6853,0.25224,-1.1591,0.60993,-0.42841,0.46053,0.27066,0.45652,0.89803,-0.06678,1.2233,-0.6765,1.4511,1
0.34794,0.72062,-0.52706,0.6334,-1.0361,-1.3372,-2.0266,0.9627,-0.46881,0.057777,-1.6824,-0.090779,-1.5974,-1.3189,-2.2826,-0.52904,-1.2456,-0.045188,-1.8802,-0.76777,-0.89025,-0.89941,-0.56864,-1.0363,-0.38251,-1.4458,-0.20812,-0.98777,-0.17328,-0.90777,-0.11505,-0.93128,-0.083167,0
0.34794,0.72062,-0.020574,0.76738,0.14522,0.91323,0.28866,0.9627,0.1433,0.92958,0.26826,0.96305,0.5921,1.0046,0.53583,1.0001,1.3299,1.0229,1.0836,1.0877,1.1664,1.0559,1.2361,0.86402,1.4837,0.68457,1.4241,0.82944,1.3768,0.68484,1.6744,0.69943,1.5884,1
0.34794,0.38868,0.55627,0.17599,0.78369,-0.11723,1.0839,-0.57574,1.4183,-0.98872,1.4047,-1.2157,1.3809,-1.335,1.1194,-1.7563,0.63718,-1.7845,0.12217,-1.7201,-0.31161,-1.5662,-0.63375,-1.3279,-0.90139,-1.3776,-0.98012,-0.51086,-1.1555,-0.17651,-0.93635,0.10819,-0.78548,1
0.34794,-0.083064,-0.025014,0.062059,-0.10681,0.30428,-0.10118,0.37106,-0.3748,0.27888,-0.31333,0.64161,-0.18876,0.59613,-0.15518,0.51463,0.20858,0.49065,0.23893,0.6504,-0.080333,0.66945,0.10884,0.41005,0.4022,0.22797,0.31129,0.38472,0.31741,0.43306,0.33192,0.54331,0.32496,1
0.34794,0.60167,0.16981,0.49304,-0.22896,0.61127,-0.19952,0.50844,-0.38054,0.65379,-0.092722,0.69447,-0.1276,0.73931,-0.078697,0.59291,0.046394,0.70385,0.092616,0.77387,0.078574,0.72895,0.2103,0.65213,0.18365,0.48225,0.23978,0.83514,0.23705,0.74563,0.14544,0.80994,0.12939,1
0.34794,0.71461,0.39054,0.61284,0.7691,0.44438,0.96935,0.041951,1.2397,-0.19245,1.471,-0.48174,1.4947,-0.63176,1.7925,-1.0754,1.4581,-1.2718,1.2347,-1.4666,0.91265,-1.6769,0.78252,-1.8026,0.45284,-2.3405,0.16782,-1.7836,-0.21008,-1.5725,-0.43946,-1.5715,-0.77893,1
0.34794,0.72062,-0.12723,0.76738,-0.25893,0.91323,-0.25926,0.9627,-0.40714,0.92958,-0.3701,0.96305,-0.23296,1.002,-0.22253,0.99241,-0.057901,1.0119,-0.020219,1.0877,-0.090909,1.0559,0.013301,1.0439,0.043023,0.88488,0.02594,1.0689,-0.069163,1.1165,-0.11912,1.2252,-0.17329,1
0.34794,0.39491,0.8714,0.23095,1.0155,-0.19049,1.2708,-0.68462,1.3351,-1.076,1.4438,-1.3864,1.3974,-1.4376,0.98079,-1.8877,0.54132,-1.9154,0.12196,-1.5695,-0.62105,-1.3856,-0.81835,-1.3296,-1.1933,-1.1472,-1.0134,-0.40207,-0.84887,0.032225,-0.75525,0.25605,-0.55005,1
0.34794,0.67469,0.33101,0.43427,0.75237,0.34023,0.89863,-0.06344,1.367,-0.28765,1.5589,-0.47881,1.7096,-0.73021,1.6837,-1.1361,1.8517,-1.4065,1.5783,-1.6717,0.93944,-1.8824,0.74466,-2.1608,0.49101,-2.6633,0.10174,-2.0874,-0.32542,-1.7943,-0.64806,-1.8153,-1.0921,1
-2.8659,0.72062,-2.3659,-1.1562,-0.25149,-1.1166,-0.22921,0.9627,1.692,0.92958,-2.3343,-1.7994,1.832,-0.52718,-0.15518,-2.2361,2.0203,1.0229,1.9728,-2.1919,1.9139,1.0559,1.1753,-2.4136,2.1066,0.88794,1.9445,1.0793,-1.9137,1.133,1.9545,1.2449,2.1043,0
0.34794,0.54463,-0.0020431,0.65564,-0.20201,0.80575,-0.12657,0.83613,-0.34749,0.78603,-0.18504,0.84679,0.055078,0.88281,-0.019683,0.82043,0.26338,0.76333,0.32445,0.77585,0.21266,0.67565,0.37847,0.6248,0.3622,0.37555,0.36791,0.49563,0.35613,0.62423,0.21678,0.58014,0.2135,1
0.34794,0.48185,0.52189,0.23118,0.67907,0.13294,0.9933,-0.24375,1.4957,-0.67059,1.6294,-0.96719,1.6137,-1.0746,1.5356,-1.6716,1.2596,-1.8316,0.92351,-1.8944,0.3525,-1.9907,-0.044334,-2.039,-0.37832,-2.358,-0.70101,-1.6076,-1.1431,-1.1507,-1.2913,-1.0379,-1.6451,1
0.34794,-0.70445,0.12658,-0.70786,0.12378,-1.0403,0.43015,-0.77218,0.16909,-0.73385,0.11719,-0.72012,0.069223,-0.62419,0.017317,-0.72041,0.089755,-0.66058,0.073409,-0.62043,-0.021414,-0.64799,0.086539,-0.71516,0.1104,-1.0664,0.099609,-0.66202,0.03033,-0.61516,-0.011072,-0.66288,-0.044733,1
0.34794,-0.77994,0.71385,-1.1562,-0.25149,-1.7178,-2.1495,-1.0094,-0.3748,-0.71027,-0.46171,-0.64418,-0.18876,-0.52718,-0.15518,-0.61802,0.0072808,-0.57386,0.046284,-0.53967,1.2983,-0.93161,0.7472,-0.86426,0.84199,-0.94137,-1.6917,-0.65715,0.054938,-0.50609,-1.9398,-0.66843,-0.030918,0
0.34794,0.72062,-2.1949,0.76738,1.3863,-0.12083,-0.3379,0.2185,-0.3748,0.92958,-0.31442,0.083623,-0.036259,0.42658,-0.27867,0.98189,0.0055697,0.26971,0.046284,0.31419,0.12964,0.97624,0.10671,1.0439,1.6984,0.73668,0.1241,0.98102,-1.9137,1.133,0.85237,0.16186,-0.27265,1
-2.8659,0.72062,-2.3659,0.76738,1.9186,-3.1464,-2.1495,0.9627,-2.4415,-0.84505,-0.31333,-0.64418,-0.18876,-2.059,2.0265,1.0001,-2.0058,1.0229,-1.8802,-1.782,1.9139,1.0559,-1.7871,1.0439,-1.8266,0.88794,-1.6917,-2.3936,-1.9137,-0.61684,0.007387,1.2449,-2.1661,0
0.34794,0.72062,-0.95768,0.091528,0.39368,0.20005,-0.6963,0.69619,0.016213,0.92958,-0.85953,0.18115,-0.18876,0.42501,-0.2731,-0.093248,-0.42798,0.57314,-0.29405,0.46722,0.0883,0.65304,0.36505,-0.077422,-0.44467,0.13303,-0.27652,0.35829,-0.39837,0.66007,-1.1504,0.31406,-0.55029,1
0.34794,0.72062,0.12083,0.76738,0.013196,0.91323,0.20428,0.93513,-0.18389,0.83961,0.074916,0.85042,0.30203,0.83981,0.46316,0.7659,0.54518,0.76193,0.68451,0.81537,0.59572,0.63901,0.85955,0.63237,0.82158,0.27679,0.90359,0.43272,0.96111,0.37691,0.92318,0.36956,1.056,1
0.34794,0.72062,1.3391,0.76738,1.9186,0.44887,1.6911,-1.6668,1.692,-2.6197,1.7076,-0.64418,1.832,-2.059,2.0265,-2.2361,0.0072808,-2.1706,-1.2381,-2.1919,-1.8018,-2.2566,-0.52312,-1.2611,-1.8266,-0.67665,-1.6917,1.0793,-1.9137,-0.61684,-1.9398,1.2449,-1.4544,1
0.34794,0.642,0.094755,0.70506,0.16688,0.83256,0.29794,0.92412,0.34964,0.803,0.62199,0.7423,0.87246,0.74145,1.1275,0.56709,1.3976,0.52795,1.4553,0.34114,1.3121,0.20027,1.5534,0.017314,1.6088,-0.40223,1.6499,-0.22401,1.7491,-0.37613,1.6982,-0.49532,1.8115,1
0.34794,0.71136,-0.23392,0.48352,-0.20145,0.57624,-0.95332,0.9627,-0.29709,0.6677,-0.67215,0.31622,-1.097,0.40011,-0.98907,0.74692,-0.76858,0.35565,-0.5739,0.3821,-0.58868,0.011568,-0.789,0.2973,-0.86633,-0.25351,-0.71295,-0.28788,-0.61616,0.12276,-1.0535,-0.31178,-0.99817,1
0.34794,-0.94325,-2.3659,-3.0798,1.9186,-1.1166,-0.22921,-1.0094,-0.3748,-2.6197,1.7076,-0.64418,-0.18876,-1.467,-1.6323,0.68487,0.73491,0.25612,0.32322,-0.55212,-0.01601,-2.2566,-0.40463,-2.1507,2.0328,0.88794,1.9445,-2.3936,1.3878,-0.61684,0.007387,-0.66843,-0.030918,0
0.34794,-1.326,-0.29214,-1.1562,-0.25149,-1.1166,-0.22921,-0.78323,-0.92889,-1.6554,-1.0848,-0.64418,-0.18876,-1.0427,0.68697,-1.2189,0.3096,0.44372,0.47233,-0.55212,-0.01601,-0.60036,0.10884,-0.94073,0.11392,-0.64934,0.084719,-0.65715,0.054938,-0.32645,0.47637,-0.82547,0.78185,0
0.34794,0.21237,-0.40047,-0.12218,0.11734,0.35963,-0.047048,0.36248,-0.60352,0.34037,-0.78861,0.7693,-0.57613,0.60198,-0.064647,0.40206,-0.00067073,0.44226,-0.18216,0.74741,-0.50419,0.49945,-0.43445,0.4768,-0.065985,0.14883,-0.092491,0.38609,-0.35746,0.040205,0.14207,0.49995,-0.060448,1
0.34794,0.30184,0.28121,-1.1562,-0.25149,0.031087,-0.097207,-0.23107,1.692,-0.16432,1.6987,-0.68338,0.88656,-0.16376,0.12537,-0.66108,1.9221,-1.3882,1.6823,-0.71937,0.73284,-1.3055,0.55863,-2.2679,1.7272,-1.7108,1.7309,-2.3936,1.4212,-2.3667,0.25779,-0.66843,-0.030918,0
-2.8659,0.72062,2.1648,-1.1562,-0.25149,-1.1166,-0.22921,-2.9816,-2.4415,-0.84505,-0.31333,-0.64418,-0.18876,-2.059,-2.3368,-2.2361,-2.0058,-2.1706,1.9728,-2.1919,1.9139,-0.60036,0.10884,-0.68482,0.14,0.88794,-1.6917,-2.3936,2.0235,-2.3667,1.9545,-2.5817,2.1043,0
0.34794,0.72062,-0.74451,0.76738,-0.80152,0.80408,-0.90312,0.9627,-1.0065,0.80068,-1.3047,0.81548,-1.0803,0.63274,-1.4402,0.51055,-1.1607,0.37818,-1.063,0.57048,-1.3858,0.30173,-1.5468,0.16597,-1.3022,-0.36149,-1.2563,-0.19956,-1.4853,-0.3263,-1.4168,-0.40069,-1.5256,1
0.34794,0.72062,2.1648,-1.1562,-0.25149,0.91323,-2.1495,-2.9816,-2.4415,0.92958,1.7076,0.96305,-2.2095,-0.52718,-0.15518,1.0001,-2.0058,1.0229,1.9728,-0.55212,-0.01601,1.0559,-1.7871,-2.4136,-1.8266,0.88794,1.9445,-2.3936,2.0235,-2.3667,1.9545,-0.66843,-0.030918,0
0.34794,-0.11403,-0.9053,0.76738,0.51538,0.4134,-0.24004,0.61795,0.025348,0.045603,-0.87176,0.41622,-0.059619,0.54105,0.16469,0.55295,-0.85166,0.64172,0.13319,0.54519,0.3794,0.80373,-0.66804,0.43628,0.047585,0.051761,-0.065765,0.26004,-0.20779,-0.34383,-0.23051,0.18809,-0.25104,1
0.34794,0.14842,-0.11517,0.12619,-0.34279,0.16437,-0.32864,0.52871,-0.20758,0.34953,-0.11711,0.3961,0.13168,0.39487,-0.19755,0.26171,-0.08393,0.17544,-0.14698,0.50925,0.27129,0.048221,0.51992,0.22151,0.031794,-0.17549,0.12715,-0.11205,-0.078848,0.24392,-0.20057,-0.086391,-0.14148,1
0.34794,0.57308,-0.0059621,0.5609,0.090647,0.63104,0.15084,0.64075,0.38011,0.58564,0.49905,0.58087,0.63068,0.49278,0.89986,0.35446,1.0491,0.27868,1.0515,0.24213,1.0302,0.10432,1.1645,-0.10845,1.227,-0.52665,1.1121,-0.2698,1.1071,-0.3664,0.9639,-0.44701,0.96347,1
0.34794,-1.085,0.14439,-1.1562,-0.25149,-1.1166,-0.22921,0.069916,1.3289,-0.29348,1.7076,-0.64418,-0.18876,-0.52718,-0.15518,-0.016713,-2.0058,-0.045204,-1.8802,-0.55212,-0.01601,-0.60036,0.10884,-1.4207,-1.8266,0.88794,-1.6917,0.30493,-0.41062,-0.61684,0.007387,-0.66843,-0.030918,0
0.34794,-0.33749,0.34184,-1.0367,-0.64955,0.14831,-0.20989,-0.11089,-0.46652,0.15778,-0.27746,0.073851,0.36724,0.56955,-0.23909,0.28197,0.25742,0.087519,0.26856,0.31316,0.038837,0.24737,-0.093096,0.14375,0.093446,-0.1482,0.18568,0.27272,0.55,-0.057716,-0.27489,-0.0061486,-0.037238,1
0.34794,-0.5014,-0.24421,0.7186,-0.15757,0.91323,1.6911,-0.303,-0.058604,0.12173,-0.049393,0.34535,-1.8476,0.35875,1.3264,0.4627,-0.20304,0.1709,-0.17655,0.52317,0.26946,0.77781,0.97188,0.12795,0.46287,-0.094053,0.39241,-0.093448,0.0035181,0.067659,0.27066,-0.010052,0.24143,0
0.34794,-0.012541,-0.19992,0.31592,-0.18708,0.13037,0.46264,0.27951,-0.38434,0.29432,-0.14531,0.6327,-1.0661,0.58363,1.0439,0.34609,0.28623,0.44024,0.46896,0.48554,-0.50628,0.57478,0.40003,0.43308,0.59418,0.28304,0.4483,0.4136,0.20497,0.54358,0.39372,0.65275,0.75315,1
0.34794,-1.1789,-0.067964,-1.206,-0.15171,-1.0874,-0.14091,-1.1624,-0.35698,-0.81446,-0.44689,-0.70423,-0.10167,-0.65483,-0.2555,-0.77146,0.16925,-0.6381,0.14592,-0.51914,0.028358,-0.66223,0.087051,-0.63017,0.12304,-1.0326,0.15777,-0.61225,0.077557,-0.57159,0.02976,-0.7564,-0.043196,0
0.34794,-1.1707,-0.1195,-1.0272,-0.2333,-1.1166,-0.25066,-0.99841,-0.45563,-0.81531,-0.46575,-0.65317,-0.081523,-0.42876,-0.22831,-0.61802,0.19846,-0.67645,0.19158,-0.62999,0.032507,-0.5541,0.098237,-0.67033,0.15099,-0.84906,0.11119,-0.60379,0.049446,-0.53864,0.007387,-0.57757,-0.10249,0
0.34794,0.72062,-1.1236,0.76738,1.9186,0.32896,-2.1495,-1.0094,-0.3748,-0.84505,-0.31333,-0.64418,-0.18876,-2.059,0.1615,0.25726,-0.78445,-2.1706,-1.003,-1.6996,1.9139,-0.60036,0.10884,1.0439,1.9236,-0.04942,1.9445,1.0793,-0.34073,-0.16745,1.9545,-1.288,2.1043,0
0.34794,-0.26526,-2.2298,0.76738,0.3281,-1.1881,-2.1495,0.9627,-2.4415,-0.069801,-2.3343,-0.64418,-0.18876,-2.059,-0.90272,-1.2277,0.080213,1.0229,-1.8802,-0.55212,-0.01601,-0.60036,0.10884,-0.96579,1.9539,-0.27919,0.60824,-0.65715,0.054938,1.133,0.45889,-0.66843,-0.030918,0
-2.8659,-1.2886,-0.10052,-1.1562,-0.25149,-1.1166,-0.22921,-1.0094,-0.3748,-0.84505,-0.31333,-0.64418,-0.18876,-0.52718,-0.15518,-0.61802,0.0072808,-0.57386,0.046284,-0.55212,-0.01601,-0.60036,0.10884,-0.68482,0.14,0.88794,0.12643,-0.65715,0.054938,-0.61684,0.007387,-0.66843,-0.030918,0
-2.8659,0.72062,-2.3659,0.76738,1.9186,0.91323,-2.1495,0.9627,1.692,0.92958,-2.3343,0.96305,1.832,1.0046,-2.3368,1.0001,-2.0058,1.0229,1.9728,1.0877,1.9139,1.0559,-1.7871,1.0439,-1.8266,0.88794,-1.6917,1.0793,2.0235,1.133,-1.9398,1.2449,2.1043,0
0.34794,-0.13249,-0.17244,0.29029,-0.36774,0.13191,-0.25206,0.054888,-0.30508,0.25001,-0.11283,0.30613,-0.23688,0.43322,-0.12922,0.52811,0.059197,0.38926,0.076857,0.23199,-0.069622,0.37894,0.18031,0.17956,0.21803,0.13806,0.10394,0.41434,-0.21067,0.5879,-0.019659,0.52737,-0.098711,1
0.34794,0.42468,0.0224,0.76738,-0.076385,0.91323,1.6911,0.79454,-0.39081,0.64069,-0.235,0.96305,0.35992,1.0046,2.0265,0.69901,0.10091,0.87437,0.2703,1.0877,0.96186,1.0559,-1.7871,0.7089,0.21622,0.88794,1.4284,0.81008,0.19229,1.133,1.7076,1.2449,2.1043,0
0.34794,0.72062,-0.64535,0.76738,-0.691,0.65629,-0.42368,0.73803,-0.34863,0.92958,-0.083102,0.84098,-0.060872,0.77194,-0.23802,0.40607,-0.73169,0.82078,0.021894,0.98391,0.10613,1.0559,0.5888,0.38744,-0.60682,0.59033,0.025704,1.0793,-0.069655,0.31346,0.056689,0.93,-0.084982,1
0.34794,0.058886,-0.04325,0.1254,-0.14231,0.044402,0.13106,-0.83636,0.32957,0.28399,-0.068168,0.3539,0.099897,0.67738,0.084272,0.3265,0.37267,-0.34401,0.84046,0.33154,0.39556,0.2513,0.53778,0.15947,0.60655,-0.15492,0.57401,0.097042,0.55311,0.094694,0.50959,1.2449,0.67447,1
0.34794,0.3715,0.084244,0.36493,-0.42848,0.71889,-0.26326,0.82284,-0.35281,0.57718,-0.13417,0.87757,-0.20309,0.9177,-0.15518,0.89102,0.41418,0.94362,0.032625,0.94813,-0.0023272,0.73287,0.24329,0.89068,0.4538,0.68506,0.27487,0.69138,0.18758,1.0027,0.35953,1.1024,-0.030918,1
0.34794,0.71349,0.046005,0.76738,-0.27831,0.86879,-0.18124,0.88602,-0.32701,0.9167,-0.15553,0.79145,0.020301,0.91595,-0.040234,0.81897,0.23113,0.80102,0.21256,0.78651,0.2123,0.78541,0.38264,0.72116,0.40375,0.49035,0.37438,0.71656,0.35769,0.73267,0.31757,0.68887,0.22563,1
0.34794,0.72062,0.016125,0.75513,-0.031811,0.83492,0.054152,0.87421,-0.9224,0.32667,0.79215,0.64845,0.32214,0.60299,0.44215,0.46245,0.5853,0.37805,0.61082,0.30868,0.54752,0.1546,0.64871,-0.010208,0.67542,-0.41135,0.59101,-0.18169,0.5189,-0.2244,0.42365,-0.32239,0.37655,1
0.34794,0.14303,-0.1593,-0.36201,-0.75206,0.87302,-0.41112,0.95696,-0.58635,0.92958,-0.53464,0.30352,1.832,0.75533,-2.3368,0.71317,-0.35231,0.71569,-0.49809,-0.97705,1.7736,0.25979,0.21227,0.44739,-0.26103,0.75474,-0.62458,0.4509,-0.37621,0.8904,-1.6935,-1.112,-2.1661,0
0.34794,0.72062,0.92919,0.76738,-1.2379,0.91323,-0.054634,0.9627,-0.56268,0.92958,-0.31333,0.96305,-0.73987,1.0046,-0.55185,1.0001,0.19029,1.0229,0.046284,1.0877,-0.71779,1.0559,0.28119,1.0439,-0.038787,0.88794,0.037085,1.0793,0.94977,1.133,-0.52366,1.2449,-0.41914,1
0.34794,0.72062,-0.044767,0.76107,-0.146,0.8634,-0.092041,0.20826,-2.4415,0.77051,-0.088054,0.77761,0.89515,0.73007,0.15323,0.62674,0.31304,1.0229,0.83621,0.5277,0.29993,0.39569,0.42196,0.25642,0.46232,-0.10262,0.41767,0.097875,0.35881,0.054256,0.29317,1.2449,2.1043,0
0.34794,0.72062,0.53482,0.76738,-0.19774,0.91323,-0.080116,0.9627,-0.28557,0.90761,0.35896,0.96305,-0.077846,1.0046,-0.059542,0.93128,-0.48789,0.77334,-0.12071,1.0877,0.06408,1.0548,0.62785,1.0439,-0.62808,0.81847,0.086901,0.84917,0.5148,1.0381,-0.42139,0.86898,-0.18741,1
0.34794,0.72062,0.44697,0.76738,0.80296,0.91323,1.1721,0.9627,1.692,0.92958,1.7076,0.96305,1.832,1.0046,1.5275,1.0001,2.0203,1.0229,1.9728,0.66902,1.9139,0.88444,2.0047,0.43244,2.1066,-0.30819,1.9445,-0.46929,2.0235,-0.92079,1.9545,-2.2255,2.1043,1
-2.8659,0.72062,2.1648,0.76738,-2.4216,0.91323,1.6911,-2.9816,1.692,-0.84505,-0.31333,0.96305,1.832,-0.52718,-0.15518,-0.61802,0.0072808,-2.1706,1.9728,-2.1919,1.9139,1.0559,2.0047,1.0439,-1.8266,0.88794,1.9445,1.0793,2.0235,1.133,-1.9398,-2.5817,2.1043,0
0.34794,0.72062,-0.075485,0.76738,-0.22751,0.91323,-0.18466,0.95181,-0.40447,0.91979,-0.31779,0.93642,-0.14188,1.0046,-0.1359,0.96071,0.022842,0.98939,0.078206,1.0551,-0.003215,1.0248,0.14863,0.99427,0.12696,0.84984,0.15552,1.0429,0.085392,1.1079,0.048257,1.2195,0.028057,1
0.34794,-1.7005,0.55077,-0.71378,-0.034481,-0.54317,0.38049,-0.37342,0.34857,-0.20112,-1.0129,-0.49551,0.36694,-0.6727,0.30296,-0.7596,0.48034,-1.1198,0.65136,-1.3392,-0.1704,-0.105,0.73782,-1.6875,-0.33199,-0.42568,-0.39128,-1.4733,0.41913,-1.0911,-0.60067,0.1054,0.034206,0
0.34794,0.54333,-0.30041,0.71081,0.13147,0.55502,-0.059761,0.78868,-0.43558,0.87739,-0.66997,0.91578,0.1084,0.91451,-0.091023,1.0001,0.0072808,1.0229,0.046284,0.70186,0.21104,0.86105,0.16459,0.7897,0.19783,0.74581,0.1737,0.97716,-0.17667,1.0815,0.12192,1.076,0.094675,1
0.34794,0.72062,-0.47013,0.76738,-0.47217,0.91321,-0.52104,0.9627,-0.7732,0.82408,-1.0237,0.8945,-0.79063,0.9084,-0.90593,0.91083,-0.5585,0.86542,-0.78949,0.85882,-0.929,0.77413,-0.86224,0.76872,-0.787,0.42735,-0.9348,0.4841,-1.2993,0.58554,-1.2492,0.56998,-1.4663,1
0.34794,-0.49708,-0.64968,0.049017,-0.22393,-0.19394,-0.054634,0.24555,-0.18691,-0.46862,-0.74201,0.2812,0.11742,0.076254,-0.15518,0.29062,0.099095,0.24871,0.10466,0.73986,0.33488,-0.098458,-0.17843,0.15408,0.25659,-0.15114,0.23809,-0.07834,-0.0047107,0.11557,0.1322,0.085287,0.4867,1
0.34794,0.41034,-0.29488,-1.7669,-1.9996,-1.2985,-1.3129,0.58105,-0.28022,0.7435,-0.32875,-0.94142,1.1038,-0.83383,-1.6401,0.76868,-0.22108,0.67128,-0.25674,-0.66623,0.96456,-1.1656,1.6433,0.67972,0.066878,0.32386,-0.33333,0.69527,-0.22281,-0.9905,-1.5147,-1.0223,-1.3092,0
0.34794,0.72062,-1.0397,0.76738,1.4006,0.65057,0.12783,0.9627,-0.57992,0.82034,0.65652,0.40779,-0.5137,1.0046,-0.13601,0.96143,-1.0018,0.70395,-0.42565,0.89198,-0.38452,1.0559,-0.12459,0.93317,0.34999,0.75021,-0.0053677,1.0793,-0.4842,0.15256,0.39387,0.31465,-0.14626,1
0.34794,0.38763,0.78571,-0.1167,1.4538,-0.8664,1.4876,-1.6646,1.3525,-2.0888,0.89043,-2.0364,0.25396,-1.8207,-0.68236,-1.5842,-1.2387,-0.8829,-1.6449,-0.34814,-1.7348,0.24615,-1.2648,0.68337,-0.40542,0.55877,0.28493,0.49919,1.0211,0.040082,1.3706,-0.74464,1.6654,1
0.34794,0.46165,-0.0025188,0.38162,0.14557,0.89311,0.33329,0.75474,-0.5471,0.72724,-0.35431,0.8095,-0.72878,0.8424,0.28036,0.8163,-0.086164,0.77464,0.027192,1.053,-0.67263,0.70733,-0.36705,0.81334,-0.040793,0.61609,0.073556,0.71072,-0.025794,0.71189,0.4321,1.0198,0.16537,1
0.34794,0.53191,-0.13805,0.73126,-0.29465,0.82576,-0.29922,0.68159,-0.37252,0.74722,-0.38032,0.78724,-0.21778,0.86075,-0.25401,0.86059,-0.010514,0.71589,-0.20277,0.90287,0.007438,0.92598,0.06485,0.88921,0.098717,0.6777,-0.014658,0.78381,-0.28441,1.0634,-0.065767,1.0038,-0.37774,1
0.34794,0.72062,1.0321,0.76738,0.29103,-0.60914,1.6911,-0.67711,1.5097,-1.0817,1.3126,-1.1924,1.0397,-1.1984,0.6707,-1.3245,0.34364,-1.1595,0.059345,-0.98629,-0.19018,-0.86831,-0.13695,-0.81935,-0.11063,-1.0897,-0.059783,-0.63922,-0.083573,-0.57792,-0.073263,-0.6254,-0.073985,1
0.34794,0.48436,0.59345,0.25248,1.0032,-0.42424,0.89469,-0.89668,1.692,-1.009,1.5483,-1.6471,1.2661,-1.5959,0.55511,-1.9355,0.83655,-2.1706,0.031353,-1.8471,-0.8089,-1.874,-0.75338,-1.6744,-1.1895,-1.6616,-1.3622,-0.70888,-1.6546,-0.17252,-1.5917,-0.66472,-1.7751,1
0.34794,0.46039,0.76092,0.076794,1.2505,-0.48031,1.4343,-1.087,1.5006,-1.5935,1.2902,-1.7783,0.85312,-1.7687,0.34081,-1.9309,-0.24513,-1.6513,-0.68775,-1.1807,-1.2291,-0.81589,-1.2327,-0.41596,-1.1662,-0.3026,-0.81113,0.25575,-0.53362,0.36725,-0.10823,0.31614,0.32449,1
0.34794,0.72062,-2.3659,0.76738,1.9186,-3.1464,1.6911,0.9627,-2.4415,0.92958,-2.3343,-2.2514,-2.2095,-2.059,2.0265,1.0001,2.0203,1.0229,1.9728,-2.1919,1.9139,1.0559,-1.7871,1.0439,-1.8266,0.88794,1.9445,1.0793,2.0235,-2.3667,1.9545,-2.5817,2.1043,0
0.34794,-0.006393,2.1648,-0.75547,-2.4216,0.91323,1.6911,0.7205,0.26427,-2.032,1.7076,-0.73935,0.99886,-0.50031,-0.045143,-1.4519,-2.0058,-0.34626,-0.017079,-0.016309,-0.86246,-2.2566,2.0047,0.71411,-1.8266,0.88794,0.014795,1.0793,2.0235,-0.25613,-1.9398,1.2449,2.1043,0
0.34794,0.51144,0.78944,0.11584,1.3067,-0.51737,1.5149,-1.1038,1.5765,-1.6565,1.3965,-1.8924,0.99358,-1.949,0.39313,-2.1112,-0.30102,-1.7884,-0.88622,-1.3873,-1.4865,-0.84706,-1.5708,-0.31174,-1.5454,-0.018114,-1.1207,0.64251,-0.74542,0.83801,-0.12948,0.80215,0.56536,1
0.34794,0.72062,-0.43475,0.76738,-0.14477,0.048056,-0.26068,0.28377,-0.34092,0.66775,-0.3796,0.51513,-0.18876,0.52749,-0.51282,-0.29971,-0.28972,0.47295,-0.28461,0.55005,0.047271,1.0559,-0.4506,-0.14635,-0.53702,-0.034465,-0.2431,-0.087822,-0.0096125,-0.12918,-0.85445,0.27252,-0.17092,0
-2.8659,-1.2886,-0.10052,-1.1562,-0.25149,-1.1166,-0.22921,-1.0094,-0.3748,-0.84505,-0.31333,-0.64418,-0.18876,-0.52718,-0.15518,-0.61802,0.0072808,-0.57386,0.046284,-0.55212,-0.01601,-0.60036,0.10884,-0.68482,0.14,0.88794,1.9445,-0.65715,0.054938,-0.61684,0.007387,-0.66843,-0.030918,0
0.34794,-0.70186,0.20716,-0.28423,0.11326,-0.065492,-0.23898,0.02854,0.056804,0.085959,-0.64957,0.11713,-0.28483,0.32324,-0.069992,0.70336,-0.44386,0.10389,-0.035477,0.021407,0.11177,-0.13357,-0.28708,0.20948,0.077536,-0.073519,0.065502,-0.055732,0.24879,0.62201,-0.028986,0.088444,-0.0998,1
0.34794,0.53069,0.83083,0.10093,1.3709,-0.50925,1.6125,-1.2726,1.6469,-1.772,1.3694,-1.9245,0.92437,-2.0074,0.17625,-2.1228,-0.50713,-1.7213,-1.0977,-1.2334,-1.6604,-0.63762,-1.6693,-0.056971,-1.5388,0.25908,-1.0001,0.8358,-0.49869,0.93446,0.19821,0.776,0.95771,1
0.34794,0.52265,0.84608,0.077409,1.3918,-0.49872,1.5979,-1.4127,1.6203,-1.8297,1.3275,-1.9598,0.84078,-2.0128,0.070505,-2.0978,-0.62505,-1.6942,-1.2148,-1.0827,-1.7336,-0.50322,-1.6766,0.084182,-1.4756,0.3863,-0.87773,0.8955,-0.31368,0.92114,0.40381,0.68148,1.1403,1
0.34794,-1.2886,-0.10052,0.76738,0.87097,-1.1166,-0.22921,-0.79268,-2.4415,-0.84505,-0.31333,-0.64418,-0.18876,-2.059,-0.64418,-1.5195,-1.6695,0.65469,1.2628,-0.55212,-0.01601,0.28488,0.78506,-2.2459,1.0216,0.88794,-1.6917,-2.3936,1.6608,-0.61684,0.007387,-0.66843,-0.030918,0
0.34794,0.72062,-0.11438,0.76738,-0.4649,0.91323,-0.37609,0.9627,-0.59398,0.92958,-0.53711,0.96305,-0.98673,1.0046,-0.49587,0.87261,-0.63456,0.80691,-0.61901,0.95147,-0.86655,0.99065,-0.77969,0.73058,-0.65396,0.55243,-0.64138,0.6588,-0.69768,0.79087,-0.78266,0.75417,-0.9926,1
0.34794,0.080646,0.1344,0.32567,-0.17647,0.20655,-0.072742,0.19333,-0.38501,0.55712,-0.073806,0.31619,-0.08898,0.42972,0.054907,0.64848,-0.34563,0.60498,-0.16301,0.24552,0.0030571,0.40977,0.26331,0.46769,-0.11252,0.18615,0.081865,0.67198,0.09868,0.45467,-0.13203,0.31419,-0.13108,1
0.34794,-0.052163,0.32815,0.34721,-0.21286,0.45623,-0.17838,0.27397,-0.58784,0.53097,-0.15165,0.54455,-0.086514,0.58064,-0.029174,0.49222,-0.17234,0.41121,0.36046,0.53398,0.13014,0.45763,0.26128,0.3551,-0.0022087,0.089866,0.28582,0.29923,0.56071,0.31738,0.18666,0.29986,0.16813,1
0.34794,0.03566,-1.5249,-1.1562,-0.25149,-1.1166,-0.22921,0.51449,1.692,0.92958,-0.8798,-0.64418,-0.18876,-0.52718,-0.15518,0.38714,-0.45022,0.76887,-1.8802,1.0877,-1.9459,-0.60036,0.10884,-0.68482,0.14,0.88794,-1.5815,-0.88079,-1.7794,-0.61684,0.007387,-0.66843,-0.030918,0
0.34794,0.72062,-0.25012,0.76738,1.1143,0.91323,-0.045685,0.9627,0.044341,0.92958,-2.3343,0.96305,-1.0084,1.0046,-0.501,1.0001,0.10582,1.0229,-1.1393,1.0877,-0.52884,1.0559,-1.7871,1.0439,-1.0014,0.88794,-1.353,1.0793,-1.9137,1.133,-1.5222,1.2449,-1.0612,1
0.34794,-1.2886,-0.10052,-1.1562,-0.25149,-1.1166,-0.22921,-2.6857,-2.4415,-0.84505,-0.31333,0.96305,-2.2095,-0.52718,-0.15518,-2.2361,-2.0058,-2.1706,-1.8802,1.0877,-1.9459,-1.5941,-1.7871,1.0439,2.1066,-2.9865,-0.23719,1.0793,-1.9137,-0.61684,1.9545,-0.66843,-0.030918,0
0.34794,-0.25973,2.1648,0.76738,0.91624,0.32819,1.323,-0.10971,0.58474,-0.25798,1.7076,-0.30266,1.832,-0.79396,2.0265,-1.1533,1.9946,-1.554,1.9728,-1.4159,1.3677,-2.0661,1.0169,-2.4136,0.83174,-2.9865,0.3004,-2.3936,-0.27408,-2.3667,-0.81481,-2.4268,-1.4307,1
0.34794,0.084042,0.021245,0.47505,-0.24711,0.59538,-0.22343,0.65307,-0.17017,0.50035,-0.23043,0.67202,-0.17694,0.70956,-0.1405,0.6865,-0.24328,0.67058,-0.021837,0.70012,0.0015325,0.6358,0.12738,0.69182,0.056553,0.32274,0.14635,0.42353,0.28326,0.54897,0.030558,0.56385,-0.0047191,1
0.34794,-0.085335,0.23224,0.18777,-0.55391,0.61123,-0.49682,0.58758,-0.3242,0.050626,-0.25624,0.43942,-0.2801,0.71037,-0.45512,0.21386,-0.48555,0.7282,-0.22946,0.59977,-0.023286,-0.048273,0.22667,0.28537,-0.51183,0.14103,-0.17969,0.2585,0.014148,0.32564,-0.60133,0.6215,-0.50139,1
0.34794,0.55319,0.56021,0.44678,-0.61318,0.32119,0.25087,0.71618,-0.54702,0.7817,-0.22912,0.69518,0.063827,0.55784,-0.15518,0.79779,0.091164,1.0229,0.20682,0.54109,-0.17683,0.64184,0.42482,0.7558,-0.10583,0.57403,0.22648,1.0793,0.46506,0.62262,0.007387,0.6868,0.058056,1
0.34794,0.72062,0.92919,0.76738,0.93219,0.54417,0.9928,0.9627,-0.56268,0.92958,-0.31333,0.67083,-1.1073,0.44759,0.43981,1.0001,-1.2737,1.0229,-0.47913,0.93862,-0.89324,1.0559,0.25577,1.0439,-0.038787,0.88794,0.28764,1.0793,0.7708,1.133,1.2465,0.72304,0.55142,1
0.34794,0.38643,0.61207,0.10453,1,-0.40693,1.128,-0.66839,1.2568,-1.1818,1.3011,-1.3149,1.1559,-1.5753,0.88642,-1.8271,0.39966,-1.7264,-0.047864,-1.5693,-0.56014,-1.4147,-0.90477,-1.1443,-1.1582,-1.0789,-1.1409,-0.26284,-1.2134,0.13734,-0.98966,0.56873,-0.67308,1
0.34794,0.72062,-0.24056,0.76738,-0.18765,0.91323,-0.32774,0.9627,-0.41008,0.92958,-0.55031,0.71382,-0.29388,0.90339,-0.29913,0.5012,-0.14126,0.47571,-0.34609,1.0042,-0.62504,0.73877,-0.49129,0.78345,-0.54512,0.35577,-0.40399,0.61209,-0.70447,0.3343,-0.5044,0.56003,-0.87405,1
0.34794,0.51379,0.76563,0.59764,0.56229,0.39085,1.0698,-0.11038,1.2361,-0.50577,1.4847,-0.67964,1.5496,-0.84255,1.6415,-1.2248,1.369,-1.3722,0.96703,-1.7578,0.72188,-2.0252,0.27613,-1.9687,-0.10583,-2.3651,-0.3123,-1.6148,-0.78461,-1.3888,-0.98049,-1.2171,-1.2398,1
0.34794,0.33137,0.19554,0.24919,0.27634,0.19498,0.13638,-0.28126,0.56717,-0.050138,0.62518,-0.24237,0.96927,-0.14129,0.65453,-0.37183,1.0516,-0.73047,1.154,-0.60889,0.81162,-0.74704,0.95107,-0.94315,0.92675,-1.4356,0.76232,-1.071,0.63648,-1.0829,0.47268,-1.1247,0.63429,1
0.34794,0.72062,-0.090708,0.76738,-0.27773,0.91323,-0.28605,0.9627,-0.51976,0.89123,-0.43976,0.96305,-0.321,0.96266,-0.32791,0.87968,-0.2678,0.93004,-0.22973,1.081,-0.29098,0.97003,-0.14834,0.86188,-0.27006,0.67614,-0.19918,0.83002,-0.31028,0.84912,-0.38401,0.93618,-0.47432,1
0.34794,0.5995,0.53563,0.39201,0.89477,0.064091,1.1755,-0.31995,1.2892,-0.65344,1.5137,-0.96587,1.6164,-1.1358,1.6373,-1.57,1.2728,-1.7923,0.82397,-1.8846,0.34851,-1.9472,0.027615,-1.9861,-0.38868,-2.2743,-0.71786,-1.4632,-1.1547,-1.0786,-1.3719,-0.83942,-1.5528,1
0.34794,0.72062,-2.3659,-1.1562,-0.25149,0.46547,-2.1354,0.58567,0.76496,-1.5888,-2.2303,-0.64418,-0.18876,-0.52718,-0.15518,0.54795,-1.5469,0.60022,-1.1153,-0.55212,-0.01601,-0.2959,-1.7871,-2.4136,-1.8266,-2.9865,-1.6917,1.0793,-1.9137,1.133,-1.9398,-0.66843,-0.030918,0
0.34794,-1.1139,-0.084977,-0.88769,-0.34088,-0.90294,-0.3874,-0.76122,-0.50248,-0.43083,-0.33645,-0.44558,-0.031551,-0.30285,-0.44973,-0.14778,-0.089446,-0.27059,0.18736,-0.36075,-0.01601,-0.41464,0.10449,-0.42373,-0.062504,-0.88525,0.15139,-0.46244,-0.075699,-0.44866,-0.1352,-0.44515,-0.1775,0
0.34794,-1.1212,-0.5691,-3.0798,1.9186,-3.1464,1.6911,0.40804,0.60015,-2.3028,-1.5809,-2.2514,-2.2095,-2.059,2.0265,-0.66257,1.198,-1.2463,-0.76502,-1.7759,-1.9459,-2.2566,-0.77846,-2.4136,0.60824,0.88794,-1.6917,-2.3936,-0.71113,-2.3667,-1.9398,-2.5817,1.2813,0
0.34794,0.6343,-0.37451,0.06177,-0.52687,0.83944,-0.57951,0.90405,-0.19995,0.78767,-0.33604,0.69855,-0.68827,1.0046,-0.84011,0.98829,-0.4198,1.0018,-0.35863,1.0877,-0.54026,0.94206,-0.63925,1.0439,-0.23824,0.67084,-0.44746,0.75681,-0.41217,0.94217,-0.61291,0.66189,-0.91859,1
0.34794,-0.49925,1.0861,-2.6725,-0.005358,-1.4541,-1.6959,0.30533,-0.3502,0.61269,0.50467,-1.7247,0.43218,-1.0602,-1.5442,0.13323,0.31882,0.30056,0.16095,-1.402,0.85169,-1.3896,-0.7935,-0.12915,1.5213,-0.042485,0.83272,0.33511,0.82832,-1.5773,-0.5751,-0.18167,-1.2232,0
0.34794,0.49567,0.76344,0.11194,1.2552,-0.52494,1.4586,-1.1421,1.4881,-1.5477,1.3123,-1.682,0.95298,-1.798,0.43181,-1.8953,-0.15789,-1.5763,-0.54981,-1.3169,-1.0891,-0.87279,-1.1109,-0.51952,-1.0607,-0.46025,-0.75339,0.093464,-0.53245,0.20609,-0.17683,0.13806,0.23718,1
0.34794,0.25101,0.37761,0.073639,0.57557,-0.13398,0.77895,-0.71361,0.085532,-0.60098,0.89045,-0.76837,0.71137,-0.52718,0.90588,-1.0628,0.85304,-1.4702,0.75558,-1.1521,0.34804,-1.2717,0.2527,-1.3501,0.076494,-1.7068,-0.10058,-1.1354,-0.33315,-0.96614,-0.47254,-0.89599,-0.61208,1
0.34794,0.67216,-0.34069,0.66353,-0.70287,0.7672,-0.77362,0.68652,-0.93989,0.57051,-1.2819,0.61308,-1.2146,0.61597,-1.4955,0.31957,-1.3633,0.030547,-1.3724,0.043528,-1.4936,-0.07204,-1.4032,-0.2908,-1.4654,-0.78467,-1.3737,-0.57717,-1.5671,-0.69142,-1.576,-0.93307,-1.7599,1
0.34794,0.72062,0.44491,0.76382,-0.24348,0.51222,-0.80785,0.76389,-0.86019,0.4086,-0.79991,0.54284,-0.80587,0.56793,-0.94228,0.14561,-1.2245,0.072398,-1.0144,0.44884,-0.77499,0.28038,-0.51076,-0.27051,-0.88542,-0.48345,-0.75335,-0.43529,-0.71563,-0.34287,-0.99206,-0.31729,-1.026,1
0.34794,0.72062,0.26635,0.76738,-0.3721,0.91323,-0.20284,0.9627,-0.63008,0.92958,-0.34386,0.96305,-0.22374,1.0046,-0.29424,1.0001,-0.13679,1.0229,0.15995,1.0877,-0.21108,1.0559,0.05793,1.0439,-0.31189,0.88794,0.0023774,1.0793,0.21831,1.133,-0.26899,1.2449,-0.18976,1
0.34794,0.59342,-0.10482,0.012584,0.68608,0.75721,-0.99981,0.82708,-0.027003,0.86209,-0.13021,0.95785,-0.02363,0.87573,-0.043987,0.75132,-0.5025,0.82138,-0.23271,0.8396,0.48833,0.64319,0.039806,0.77679,0.08908,0.64178,0.084574,1.054,0.23969,0.75358,-0.1911,0.97395,-0.34533,1
0.34794,0.41347,-0.17747,0.506,-0.4358,0.5469,-0.22921,0.4435,-0.53276,0.43224,-0.58793,0.56039,-0.42472,0.65988,-0.5628,0.64621,-0.42011,0.41607,-0.15005,0.7465,-0.31921,0.88008,0.044432,0.78334,-0.37358,0.38649,-0.29741,0.49311,-0.38392,0.65373,-0.72847,0.59083,-0.56133,1
0.34794,0.52112,-0.060353,0.76738,-0.28996,0.71169,-0.21559,0.66199,-0.25753,0.92958,-0.24167,0.92885,-0.16726,0.9666,-0.077824,1.0001,-0.056955,0.85869,-0.015191,0.86091,0.13454,1.0559,0.28364,0.87229,0.23065,0.77762,0.18546,0.98694,0.1038,1.133,0.028105,1.1227,0.014519,1
0.34794,0.72062,-0.10052,0.76738,-0.25149,0.23663,-0.015843,0.9627,-0.60443,0.7324,-0.53788,0.96305,-0.63781,0.66422,-0.15518,0.64048,0.0072808,1.0229,-0.16777,0.72329,-0.23044,0.50383,-0.10182,0.46769,0.14,0.70094,0.029122,1.0793,0.27367,0.93857,-0.20896,1.2449,-0.030918,1
-2.8659,-1.2886,-0.10052,-1.1562,-0.25149,-1.1166,-0.22921,-1.0094,-0.3748,-0.84505,-0.31333,0.96305,1.832,1.0046,2.0265,1.0001,-2.0058,-0.57386,0.046284,1.0877,1.9139,1.0559,-1.7871,1.0439,2.1066,0.88794,0.12643,1.0793,2.0235,1.133,-1.9398,-0.66843,-0.030918,0
-2.8659,-3.2978,-2.3659,-1.1562,-0.25149,-1.1166,-0.22921,-1.0094,-0.3748,-0.84505,-0.31333,-0.64418,-0.18876,1.0046,-2.3368,-0.61802,0.0072808,-2.1706,-1.8802,-0.55212,-0.01601,1.0559,2.0047,1.0439,-1.8266,0.88794,-1.6917,-0.65715,0.054938,-0.61684,0.007387,-0.66843,-0.030918,0
0.34794,0.40184,-0.51648,-0.31668,-0.18815,0.77968,-0.23434,0.725,-0.089688,0.59455,-0.34948,0.77917,0.92245,0.87769,-1.4093,0.59553,-0.58697,0.81015,-0.34102,1.0877,1.9139,0.17163,-0.20001,0.8722,0.085363,0.75927,0.10537,0.41219,-0.58088,0.86112,-0.49314,1.1171,-0.061345,1
0.34794,0.016331,-0.27939,-0.035448,-0.56355,-1.3831,-0.63985,-0.42181,-0.2838,-0.16898,-0.84563,-0.17919,-0.83533,-0.4742,-0.56854,-0.29005,-0.58538,-0.33122,-0.5134,-0.39612,-0.62441,-0.49177,-0.39917,-0.63289,-0.35409,-1.0502,-0.29555,-0.70251,-0.36101,-0.69938,-0.3616,-0.64287,-0.61172,1
0.34794,0.72062,-0.46068,0.23482,0.34932,0.57715,-1.3504,0.9627,-0.95776,0.92958,-1.321,0.641,-0.4419,0.6498,0.16416,1.0001,0.79915,1.0229,0.55854,1.0279,-0.052504,0.93333,-1.6228,1.0439,0.43111,0.88794,-0.084146,1.0793,-0.16415,1.133,1.0466,1.2449,-1.2642,1
0.34794,0.040723,-2.3659,0.76738,1.9186,0.91323,-1.522,0.58588,-1.2107,0.92958,-2.3343,0.96305,-1.9948,1.0046,1.446,-0.33342,1.4362,1.0229,1.5496,1.0877,1.6296,1.0559,-1.7871,1.0439,1.8186,0.88794,-0.029403,1.0095,-0.65868,1.133,1.2782,1.2449,0.71068,0
0.34794,-0.23291,-0.17731,0.66957,-0.067574,-0.050086,-0.55468,-0.40777,-0.40983,0.057298,-0.58735,0.39099,0.39349,0.74499,-0.9317,0.25957,0.041402,0.31924,0.11159,0.42065,0.57276,0.83134,0.20524,0.018403,0.43998,0.25422,0.12159,0.49068,-0.011798,0.83641,-0.28963,0.79085,-0.24805,1
0.34794,0.63139,-0.10403,0.50618,-0.5389,0.81137,-0.23806,0.62367,-1.4324,0.79544,-0.1038,0.96305,-0.47665,0.99334,-0.21064,0.93295,-0.3051,0.76763,1.2357,1.0877,-0.33099,0.84874,-0.052221,0.79743,0.10727,0.58054,0.094264,0.77416,0.018184,0.79412,-0.030718,0.83849,-0.074455,1
-2.8659,0.72062,-2.3659,0.76738,1.9186,0.91323,1.6911,0.9627,1.692,0.92958,1.7076,0.96305,-2.2095,1.0046,2.0265,1.0001,2.0203,1.0229,-1.8802,1.0877,-1.9459,1.0559,-1.7871,1.0439,-1.8266,0.88794,1.9445,1.0793,-1.9137,1.133,1.9545,1.2449,2.1043,0
0.34794,-0.66505,-0.33487,-0.69189,-0.47599,-0.69663,-0.36165,-0.8634,-0.48704,-0.78029,-0.38788,-0.61675,-0.23692,-0.51583,-0.18752,-0.61347,-0.010696,-0.57261,0.036208,-0.55216,-0.021781,-0.60082,0.10569,-0.68536,0.13822,-1.0498,0.12555,-0.65747,0.054466,-0.61705,0.0071533,-0.66858,-0.031046,1
0.34794,-0.89748,0.029173,-1.0755,0.29518,-1.3309,0.70917,-1.3707,-0.75345,-1.5901,-0.18991,-1.3742,-0.0036649,-0.77858,-0.82133,-0.78476,-0.79179,-0.27523,-0.29195,0.0056156,-0.24669,-0.12623,-0.19509,-0.31063,0.62559,-0.97347,0.69171,-0.72343,0.57339,-0.91071,0.33439,-1.2453,-0.74809,1
0.34794,-1.2416,-0.11393,-1.3471,-0.51079,-1.1321,-0.45627,-0.71941,-0.23763,-0.77786,-0.44069,-0.64418,-0.18876,-0.59722,-0.49421,-0.62357,-0.19797,-0.75869,-0.058017,-0.52198,0.054797,-0.5752,0.12567,-0.62409,0.10981,-1.112,0.29411,-0.79362,0.069348,-0.61684,0.007387,-0.66918,0.22554,0
0.34794,-0.28174,-0.18198,0.019567,-0.22224,0.078483,-0.199,0.15168,-0.32371,0.33938,-0.3224,0.50796,-0.28412,0.49172,-0.13557,0.30918,0.057043,0.45955,-0.096586,0.38018,0.2572,0.35246,0.040659,0.11935,0.23722,0.046957,0.14141,0.17009,-0.015853,0.33869,0.21304,0.49243,-0.20366,1
0.34794,0.72062,-0.31627,-3.0798,-2.4216,-3.1464,-2.1495,0.9627,0.28131,0.5986,1.2264,-2.2514,-2.2095,-2.059,2.0265,0.14836,2.0203,1.0229,1.9728,0.57671,-1.9459,-2.2566,-1.7871,0.74896,0.85796,0.88794,1.9445,1.0793,1.0549,-2.3667,-0.62621,-2.5817,1.5242,0
0.34794,0.56545,0.07627,0.62656,0.10117,0.7042,0.24353,0.64935,0.35264,0.55338,0.53943,0.49239,0.76063,0.55727,1.0769,0.36025,1.2996,0.24443,1.297,0.10222,1.2765,-0.033383,1.4045,-0.27523,1.6375,-0.68576,1.4697,-0.48882,1.4534,-0.56898,1.5081,-0.7454,1.4532,1
0.34794,-3.2978,-2.3659,-1.1562,-0.25149,-0.085161,-1.7367,0.1854,0.30514,-2.6197,-1.1494,-0.64418,-0.18876,-0.52718,-0.15518,1.0001,-0.5304,0.0086711,-1.1774,1.0396,-1.9459,-2.2566,-1.7871,1.0439,-1.0323,-2.9865,-1.6917,-2.3936,-1.9137,1.133,-1.9398,-0.66843,-0.030918,0
0.34794,0.72062,2.1648,0.76738,-2.4216,0.91323,-2.1495,0.9627,1.692,0.92958,1.7076,0.96305,1.832,1.0046,-2.3368,1.0001,2.0203,1.0229,1.9728,1.0877,1.9139,1.0559,2.0047,1.0439,2.1066,0.88794,1.0355,-0.65715,0.054938,1.133,-1.9398,1.2449,-2.1661,0
0.34794,0.60991,-1.2176,0.76738,-0.33161,0.89086,-1.9009,0.76712,1.0087,0.92958,-0.51753,0.96305,-0.44121,1.0046,-0.4828,1.0001,-0.34864,1.0229,-0.34847,1.0877,-0.46861,1.0559,-0.39492,1.0439,-0.44707,0.88794,-0.47907,1.0793,-0.67209,1.133,-0.78588,1.2449,-0.98619,1
0.34794,-0.44472,-1.4824,-1.1562,-0.25149,0.91323,-2.1495,0.76549,1.692,-0.081957,0.98008,-0.64418,-0.18876,-0.52718,-0.15518,0.46609,-0.5765,0.76742,-1.8802,-0.55212,-0.01601,-0.60036,0.10884,-0.32178,1.4773,0.88794,0.52641,-0.65715,0.054938,-0.61684,0.007387,-0.66843,-0.030918,0
-2.8659,-1.2886,-0.10052,-1.1562,-0.25149,0.91323,-2.1495,-1.0094,-0.3748,-2.6197,-2.3343,-0.64418,-0.18876,-0.52718,-0.15518,1.0001,2.0203,-2.1706,-1.8802,-0.55212,-0.01601,-0.60036,0.10884,1.0439,2.1066,0.88794,1.9445,-0.65715,0.054938,1.133,1.9545,-0.66843,-0.030918,0
-2.8659,0.72062,-2.3659,-3.0798,1.9186,-3.1464,1.6911,0.9627,1.692,0.92958,1.7076,-2.2514,-2.2095,-2.059,-2.3368,1.0001,2.0203,1.0229,-1.8802,-2.1919,-1.9459,-2.2566,-1.7871,1.0439,0.14,0.88794,-1.6917,1.0793,-1.9137,-2.3667,1.9545,-2.5817,2.1043,0
0.34794,0.60676,0.77331,-0.22783,1.149,-0.67872,1.2593,-2.1127,0.96651,-2.1525,0.53644,-1.8665,-0.18876,-1.4877,-0.83322,-1.2392,-1.244,-0.7782,-1.2885,0.2663,-1.2438,0.58356,-0.60516,0.59199,0.032148,0.11495,0.67884,0.1333,1.2462,-0.56886,1.0682,-1.0812,1.0465,1
0.34794,0.72062,0.12153,0.76738,0.29323,0.88055,0.40534,0.57547,0.721,0.48552,0.90524,0.27093,1.265,0.32007,1.4609,-0.14147,1.6619,-0.23635,1.5832,-0.39291,1.5696,-0.62908,1.6231,-0.94662,1.6267,-1.4917,1.3843,-1.2078,1.2548,-1.3219,1.069,-1.4876,0.91998,1
0.34794,0.13534,-0.66194,0.081584,-0.15713,-0.19877,0.50552,0.27673,0.0026136,0.042267,0.23146,0.28522,-0.6544,0.24538,0.67004,0.0081081,-0.85045,0.0023638,-0.45628,-0.11007,0.21054,0.28154,0.035938,-0.14365,-0.099417,-0.082023,0.048903,0.18239,-0.032626,0.50914,-0.48362,0.29653,0.28473,1
0.34794,-1.2886,-0.10052,-1.1562,-0.25149,-1.1166,-0.22921,-1.0094,-0.3748,-0.84505,-0.31333,-2.2514,1.832,1.0046,1.0485,-0.61802,0.0072808,-0.57386,0.046284,-0.55212,-0.01601,-0.60036,0.10884,-0.68482,0.14,0.88794,1.9445,-0.65715,0.054938,-0.61684,0.007387,-0.66843,-0.030918,0
0.34794,-1.2886,-0.10052,-1.8039,1.6015,-1.1166,-0.22921,0.34876,-2.4415,0.87773,0.32095,-1.0628,-1.3853,-0.99041,1.2752,0.90547,0.33724,-0.57386,0.046284,-0.55212,-0.01601,-0.8992,-1.7871,-0.68482,0.14,0.88794,-1.6917,-0.65715,0.054938,-0.53902,1.2123,-0.66843,-0.030918,0
0.34794,-0.00024483,-0.068735,-0.49938,-0.30442,-0.045844,-0.16265,-0.62463,-0.12276,-0.076403,-0.21723,-0.29138,-0.090192,-0.078856,-0.15518,-0.026049,0.0072808,-0.067574,0.18725,-0.11217,0.21934,-0.20785,0.21904,-0.30534,0.33186,-0.67531,0.22898,-0.35484,0.16329,-0.27541,0.007387,-0.34178,0.12532,1
0.34794,0.61311,-0.080311,0.7152,-0.25713,0.89135,-0.22207,0.87989,-0.34177,0.82407,-0.24199,0.91826,-0.093405,0.98355,-0.11465,0.90745,0.15091,0.99977,0.032683,1.0511,0.080098,0.99559,0.24341,0.92766,0.29931,0.79579,0.20562,1.0354,0.071041,1.0953,0.14487,1.2449,-0.03647,1
0.34794,0.72062,2.1648,0.76738,1.9186,0.73075,1.6911,-1.5413,1.692,-2.3207,1.7076,-2.2514,1.832,-2.059,1.4271,-2.2361,-1.1558,-2.1706,-0.76385,-2.1919,-1.9459,-1.4755,-1.7871,0.8713,-1.8266,0.88794,-1.6917,1.0793,-1.9137,1.133,-0.668,1.2449,0.7131,1
-2.8659,-1.2886,-0.10052,0.76738,1.9186,-1.1166,-0.22921,0.9627,1.692,-0.84505,-0.31333,0.96305,-2.2095,-0.52718,-0.15518,-0.61802,0.0072808,-0.57386,0.046284,-0.55212,-0.01601,-0.60036,0.10884,-0.68482,0.14,0.88794,-1.6917,-0.65715,0.054938,-2.3667,1.9545,-0.66843,-0.030918,0
0.34794,0.61074,-0.18017,-3.0798,-0.97203,-3.1464,-0.25922,0.90878,-0.35057,0.81173,-0.3528,-2.2514,0.14276,-2.059,-0.16371,0.92421,-0.063498,0.89816,-0.0063869,-2.1791,0.21015,-2.1466,0.76796,0.96965,0.13231,0.54004,0.37656,0.90972,-0.075797,-2.3667,-0.3577,-2.5817,-0.7649,0
0.34794,0.72062,2.1648,-3.0798,1.9186,-3.1464,-1.8126,-0.32611,0.060317,-0.027778,-0.1715,-0.27762,-0.073541,0.010295,0.60073,0.56005,-0.072174,-0.20969,1.0687,-0.55212,-0.01601,-1.0943,-0.19883,1.0439,-1.1711,0.88794,-1.6917,1.0793,-0.42857,-0.0028588,0.40022,0.91758,0.13766,0
0.34794,0.72062,0.081004,0.70535,-0.26195,0.8459,-0.24307,0.72565,-0.45587,0.92958,-0.28465,0.90175,-0.21778,0.94253,-0.19164,0.97573,0.027451,0.88162,-0.12417,1.006,-0.061633,0.96707,0.059713,1.0122,0.17939,0.76729,0.071265,1.0793,-0.060088,1.0066,-0.060062,1.0961,-0.10934,1
0.34794,0.38926,0.08746,0.26223,-0.57062,0.59554,-0.33611,0.77418,-0.47032,0.74131,-0.047978,0.66085,-0.05291,0.68764,-0.34998,1.0001,-0.035013,0.96924,0.17378,0.88444,0.00628,0.6836,0.23431,0.96403,0.057359,0.56789,0.12866,1.0793,0.30722,0.89956,-0.20123,1.064,-0.12288,1
0.34794,0.72062,0.031144,0.66207,-0.090512,0.91225,0.024867,0.9627,-0.41429,0.83812,-0.1712,0.89415,0.10715,0.92591,0.089682,0.85274,0.41228,0.97086,0.35963,1.0827,0.25915,0.90327,0.41995,0.89988,0.58112,0.66367,0.55497,0.88079,0.49809,0.7537,0.58327,0.93057,0.63454,1
0.34794,-0.2866,-0.059333,-0.32681,-0.46004,-0.088511,-0.30902,-0.020802,-0.17618,-0.052232,-0.1926,0.25336,-0.4302,0.26457,-0.23451,0.23514,-0.11298,0.30955,0.026267,0.24435,-0.081182,0.21272,0.089137,0.33897,0.14,-0.018386,0.066793,0.091554,0.12142,0.33761,-0.098829,0.45966,-0.21393,1
0.34794,0.31536,0.11281,0.34667,0.19676,0.33733,0.30978,0.35765,0.47778,0.32474,0.69961,0.28637,1.0401,0.22662,1.1199,-0.078329,1.3734,-0.10143,1.2705,-0.39471,1.2983,-0.56614,1.4784,-0.83605,1.3825,-1.2803,1.2299,-0.97364,1.1577,-1.0633,1.0141,-1.1915,0.87584,1
0.34794,0.23933,-0.07578,0.50452,-0.24589,0.62542,-0.22184,0.56804,-0.32718,0.60135,-0.069441,0.69137,-0.17373,0.72606,-0.13655,0.72137,-0.13311,0.64816,0.12105,0.71019,0.0061449,0.64302,0.13219,0.64871,0.13404,0.32394,0.15143,0.4917,0.071652,0.54326,0.036283,0.55391,0.0016439,1
0.34794,0.21663,-0.042774,0.74803,-0.038994,0.42313,0.018069,0.45612,-0.56469,0.85579,-0.26317,0.92964,-0.19824,0.94503,0.067233,0.86222,0.08289,0.56026,0.097972,0.77975,-0.17133,1.0559,0.10884,0.5558,0.11626,0.54449,0.17282,0.60065,0.033815,0.96517,0.22286,0.72514,0.0278,1
0.34794,-0.57842,-0.41241,0.17851,-0.30407,0.26764,-0.29784,0.089381,-0.50126,0.25231,-0.52486,0.3539,-0.32066,0.38211,-0.31421,0.065954,-0.52434,0.35566,0.14245,0.26346,-0.18528,0.16552,-0.061587,0.093258,0.1289,-0.29093,-0.037893,-0.039184,-0.14795,-0.052834,-0.16079,-0.11467,-0.20814,1
0.34794,0.48158,-0.11993,0.57152,-0.30498,0.79357,-0.2642,0.74922,-0.63841,0.61384,-0.53426,0.7839,-0.16494,0.86341,-0.45448,0.79193,-0.1157,0.87571,0.00085672,0.89085,-0.29733,0.77188,-0.12688,0.87346,-0.24363,0.66022,-0.14452,0.80758,-0.19826,0.93043,-0.35365,1.087,-0.39021,1
0.34794,0.50784,0.20361,0.51733,0.43302,0.48485,0.60397,0.24066,0.86474,0.11331,1.1219,-0.0061255,1.3502,-0.15548,1.5797,-0.47023,1.6096,-0.72011,1.5154,-0.88337,1.2756,-1.1016,1.2958,-1.3859,1.1329,-1.9446,0.86736,-1.5308,0.59142,-1.5412,0.38069,-1.6023,0.096597,1
0.34794,0.46007,0.96356,-0.11853,1.5315,-0.9059,1.6004,-1.7595,1.4422,-2.1572,0.86339,-2.1244,0.14932,-1.7896,-0.69933,-1.5789,-1.2678,-0.95727,-1.5504,-0.24346,-1.5348,0.25356,-0.97998,0.51276,-0.34857,0.28928,0.31704,0.25966,0.83769,-0.16234,1.1089,-0.79736,1.1979,1
0.34794,0.72062,-0.13092,0.76738,-0.21751,0.91323,-0.23351,0.9627,-0.24533,0.88989,-0.22291,0.89833,-0.13,1.0046,-0.01364,0.98194,0.074838,1.0229,0.11523,1.084,0.16532,0.9855,0.24881,1.0439,0.33797,0.88773,0.28575,1.0638,0.22229,1.133,0.20341,1.2449,0.18403,1
0.34794,0.72062,0.0545,0.76738,0.056902,0.91323,0.19533,0.9627,-0.63314,0.92958,0.48485,0.96305,0.80101,1.0046,1.1317,-1.2248,2.0203,1.0229,0.046284,1.0877,1.7595,1.0559,2.0047,1.0439,2.1066,0.88794,1.9445,1.0793,0.54709,1.133,1.9545,1.2449,2.1043,1
0.34794,0.68048,-0.098818,0.76738,-0.25149,0.89256,-0.23065,0.85859,-0.32532,0.88877,-0.27028,0.92911,-0.12667,0.9919,-0.10418,0.90182,0.12229,0.91994,0.14798,1.0506,0.090597,1.0559,0.22716,0.94289,0.29943,0.82419,0.25833,1.0047,0.21416,1.1013,0.16561,1.1922,0.15305,1
0.34794,-0.040449,-1.5421,-1.1562,-0.25149,-1.1166,-0.22921,-0.32964,0.22018,-0.085453,0.4828,-0.76595,0.85987,0.029841,0.5307,-1.4884,0.67068,-0.38032,-0.23832,-0.52106,-1.0467,-1.554,0.44636,-0.18059,-0.39635,-0.55029,-0.92036,0.092683,0.53217,-0.29868,-0.036872,-0.34231,-0.9206,0
0.34794,0.72062,-0.10052,0.76738,-0.25149,-0.10168,0.73094,0.46967,-0.3748,0.77343,-0.068915,0.78734,0.098381,0.80429,0.19885,0.59553,0.51054,0.62371,1.0095,0.67774,-0.01601,1.0559,-0.36514,0.17956,1.1233,0.38318,0.60619,0.64519,0.54709,0.60166,0.5735,0.6229,0.6159,1
0.34794,0.51638,0.69591,0.139,1.099,-0.22554,1.5827,-1.0813,1.2892,-1.2503,1.2091,-1.0482,0.79767,-1.4061,0.46473,-1.6981,0.22048,-1.3301,-0.073025,-1.8813,-0.13201,-1.1502,-0.79346,-0.90778,-0.91449,-0.91061,-0.81762,-0.23483,-0.80097,0.023354,-0.57786,0.15055,0.253,1
0.34794,0.41488,0.13956,0.76738,0.59767,0.91323,-2.1495,0.31067,-0.20069,0.92958,0.23309,0.96305,1.0357,1.0046,0.61945,1.0001,0.061069,0.35903,-0.78259,1.0877,1.2094,0.87587,0.61286,0.88892,-0.51553,0.88794,0.41627,-0.0028394,0.016609,1.133,0.44479,1.2449,0.76784,0
-2.8659,-3.2978,2.1648,-1.1562,-0.25149,-1.1166,-0.22921,-2.9816,1.692,0.92958,1.7076,-0.64418,-0.18876,-0.52718,-0.15518,1.0001,-2.0058,-2.1706,1.9728,1.0877,1.9139,-0.60036,0.10884,-2.4136,-1.8266,0.88794,-1.6917,1.0793,2.0235,-2.3667,1.9545,-0.66843,-0.030918,0
0.34794,-1.2489,-0.084547,-1.0775,-0.26985,-1.0736,-0.20755,-0.98719,-0.28444,-0.84005,-0.31048,-0.61244,-0.25147,-0.55744,-0.022869,-0.6842,0.06123,-0.61215,0.038135,-0.48042,-0.06501,-0.56998,0.10884,-0.68482,0.11504,-1.0137,0.10592,-0.64736,0.024405,-0.64646,-0.039305,-0.65494,-0.030918,0
0.34794,-1.2886,-0.10052,-1.1562,-0.25149,-1.1166,-0.22921,-1.0094,-0.3748,0.92958,-0.98697,-0.3763,0.33747,-0.52718,-0.15518,-0.61802,0.0072808,-0.57386,0.046284,-0.87667,-0.43817,-0.87641,1.827,-2.4136,1.1233,-0.96855,1.49,-1.0551,-1.9137,-0.83557,-0.51996,-1.0471,-2.0327,0
0.34794,0.59076,0.20859,0.6465,0.29882,0.62306,0.51547,0.54932,0.5992,0.43893,0.89807,0.4047,1.3268,0.25143,1.4502,0.055566,1.6729,-0.16606,1.7022,-0.32726,1.6363,-0.59217,1.7937,-0.81207,1.7089,-1.456,1.5446,-1.2331,1.4616,-1.2911,1.2606,-1.5757,1.1613,1
0.34794,0.05089,-0.13146,0.71744,-0.10325,-0.11001,0.73358,0.48314,-0.38044,0.31137,-0.5977,0.0013482,-1.177,0.073405,1.1264,0.62427,0.64805,0.68043,0.26473,0.22747,-0.8834,1.0559,0.12178,0.36377,0.27701,0.28074,0.4371,0.86343,0.20823,0.35131,0.48619,-0.40183,0.99584,1
0.34794,-3.2978,-2.3659,0.76738,1.9186,0.91323,-0.50525,-1.0094,-0.3748,-2.6197,1.7076,0.96305,1.832,-0.25273,-2.3368,-2.2361,-2.0058,-0.43414,-1.8802,1.0877,-1.9459,-2.2566,2.0047,-2.4136,-1.8266,0.88794,-1.6917,-2.3936,-1.9137,1.133,1.9545,-0.66843,-0.030918,0
-2.8659,0.72062,2.1648,0.76738,-2.4216,0.91323,1.6911,0.9627,1.692,0.92958,1.7076,0.96305,1.832,1.0046,2.0265,1.0001,-2.0058,-2.1706,1.9728,-2.1919,1.9139,-2.2566,2.0047,1.0439,-1.8266,0.88794,1.9445,-2.3936,2.0235,-2.3667,-1.9398,-2.5817,2.1043,0
0.34794,0.72062,0.15739,0.19067,-0.51503,0.53962,-0.043381,0.39388,-0.35126,0.15171,-0.47056,0.46594,0.064312,0.37097,-0.068247,0.24168,-0.061485,0.53509,0.37163,0.63963,0.12315,-0.069224,0.22035,0.23697,0.87513,-0.098296,0.45279,-0.39356,0.69371,0.15555,0.37534,0.4062,0.29321,1
0.34794,-0.27462,-0.48336,0.21804,-0.21866,0.32586,-0.18585,0.3329,-0.3483,-0.23076,-0.20028,0.46561,-0.099993,0.51599,-0.044838,0.46646,0.12186,0.43854,-0.04353,0.50561,0.1163,0.44437,0.24877,0.7679,0.49526,0.1118,0.2774,0.006659,0.18802,0.37122,0.18352,0.37683,0.16864,1
