-1.1725,-0.060007,0.54256,0.17037,-0.34771,-0.58969,-1.0467,-0.86357,-0.49353,-0.91853,-3.1089,-0.60418,-0.19527,-0.89465,1
-0.45542,1.5551,-1.7827,-0.91562,1.66,-0.29087,-1.0467,-0.86357,-0.49353,1.0871,0.23766,-1.0689,-0.19201,-0.89465,1
-0.23776,-0.6546,-1.7827,0.17037,-0.34771,-0.21617,0.95396,-0.86357,-0.49353,1.0871,0.23766,-1.0689,-0.15209,-0.89465,1
-1.0038,-0.91374,0.54256,0.98487,1.66,-0.57774,0.95396,1.1563,1.7685,-0.91853,0.23766,-0.60418,-0.17627,1.1161,0
0.092953,0.85198,-1.7827,0.44187,1.66,0.9044,0.95396,-0.86357,-0.49353,1.0871,0.23766,-0.17434,-0.19527,1.1161,1
-0.56088,-0.70482,0.54256,-1.7301,-1.8535,-0.66439,0.95396,-0.86357,-0.49353,-0.91853,0.23766,-0.60418,-0.19527,-0.89465,0
0.26843,-0.45373,0.54256,1.5279,0.15422,-0.51499,-1.0467,-0.86357,-0.49353,-0.91853,0.23766,0.95252,-0.19527,-0.89465,1
0.73244,3.3629,0.54256,0.71337,2.1619,5.312,0.95396,1.1563,1.7685,-0.91853,0.23766,-1.0689,0.03505,1.1161,1
0.85899,-0.76308,0.54256,1.7994,-0.34771,0.082652,0.95396,-0.86357,-0.49353,-0.91853,0.23766,1.8935,-0.080111,1.1161,1
0.92226,0.031392,-1.7827,0.44187,-0.34771,0.28137,0.95396,-0.86357,-0.49353,1.0871,0.23766,-0.76682,0.081498,1.1161,1
-0.82156,-0.9057,0.54256,-1.4586,1.66,-0.46568,0.95396,-0.86357,-0.49353,1.0871,0.23766,-1.0689,-0.19527,1.1161,1
0.64133,-0.45373,-1.7827,-1.1871,1.66,2.3238,-1.0467,-0.86357,-0.49353,1.0871,-3.1089,0.092853,-0.19527,-0.89465,1
1.4006,-0.25285,0.54256,-0.37262,-0.34771,0.38147,0.95396,-0.86357,-0.49353,-0.91853,-3.1089,0.26711,-0.19527,1.1161,1
0.59914,-0.91374,0.54256,-0.91562,-0.34771,-0.63899,0.95396,-0.86357,-0.49353,1.0871,0.23766,0.55754,-0.19527,1.1161,1
0.20516,-0.051972,0.54256,-0.37262,-0.34771,-0.36558,0.95396,-0.86357,-0.49353,1.0871,0.23766,0.3252,-0.19527,-0.89465,1
0.84464,-0.60438,0.54256,-0.91562,-0.34771,-0.60164,0.95396,-0.86357,-0.49353,-0.91853,0.23766,-0.13949,-0.19527,-0.89465,1
-0.44867,-0.64657,0.54256,0.44187,-0.34771,-0.62704,-1.0467,-0.86357,-0.49353,-0.91853,0.23766,-0.488,-0.19527,-0.89465,1
0.30386,-0.051972,0.54256,1.7994,1.66,1.0538,-1.0467,-0.86357,-0.49353,1.0871,-3.1089,3.061,-0.19527,1.1161,1
-0.52629,-0.83941,0.54256,0.17037,-0.34771,-0.57774,0.95396,1.1563,0.94593,1.0871,0.23766,-0.51124,0.7882,1.1161,1
1.4284,-0.10219,0.54256,-0.10112,-0.34771,-0.62704,0.95396,-0.86357,-0.49353,1.0871,0.23766,0.23807,-0.19527,1.1161,1
-1.2856,-0.91374,0.54256,-0.37262,-0.34771,-0.62704,-1.0467,-0.86357,-0.49353,-0.91853,0.23766,0.092853,-0.19508,-0.89465,0
2.0612,1.5551,0.54256,-0.91562,1.66,1.7262,0.95396,-0.86357,-0.49353,1.0871,0.23766,-0.92946,0.19397,1.1161,1
-1.1514,-0.91474,0.54256,-0.37262,-0.34771,-0.65244,-1.0467,-0.86357,-0.49353,-0.91853,0.23766,0.55754,-0.051321,-0.89465,1
1.717,0.34978,0.54256,-1.1871,0.15422,0.25746,-1.0467,-0.86357,-0.49353,1.0871,0.23766,-0.64484,-0.19527,-0.89465,0
-0.041187,-0.6546,-1.7827,0.44187,-0.34771,-0.65244,-1.0467,-0.86357,-0.49353,-0.91853,-3.1089,-0.13949,-0.19527,-0.89465,1
-0.91268,0.065541,-1.7827,-0.64412,-0.34771,-0.57774,-1.0467,-0.86357,-0.49353,-0.91853,0.23766,-0.25566,-0.15996,-0.89465,1
-0.55413,1.4546,0.54256,-0.91562,-0.34771,0.0079468,0.95396,1.1563,-0.082255,1.0871,0.23766,-0.37183,-0.19431,-0.89465,1
-0.88484,1.0699,-1.7827,0.71337,1.66,-0.29087,-1.0467,-0.86357,-0.49353,-0.91853,0.23766,0.44137,-0.19527,-0.89465,1
0.43041,-0.55417,0.54256,-1.1871,-0.34771,-0.58969,-1.0467,-0.86357,-0.49353,1.0871,0.23766,0.21483,-0.19527,-0.89465,1
2.7428,-0.92278,0.54256,-1.7301,-1.8535,-0.66439,0.95396,1.1563,-0.28789,-0.91853,0.23766,0.27873,-0.17608,1.1161,0
0.16298,-0.60438,0.54256,1.7994,1.66,0.68029,0.95396,1.1563,0.32902,1.0871,0.23766,0.40071,-0.030784,1.1161,1
-0.41324,-0.60438,-1.7827,0.17037,-0.34771,-0.36558,0.95396,1.1563,0.53466,1.0871,0.23766,-0.13949,0.91354,1.1161,1
-1.046,-0.15241,-1.7827,-1.1871,-0.34771,-0.36558,-1.0467,-0.86357,-0.49353,1.0871,0.23766,1.0222,-0.0033369,-0.89465,1
0.42282,-0.89767,0.54256,-1.7301,-1.8535,-0.66439,-1.0467,1.1563,1.5628,-0.91853,0.23766,0.092853,-0.19182,-0.89465,0
-0.31537,-0.64657,0.54256,0.44187,-0.34771,0.45617,0.95396,1.1563,0.53466,1.0871,0.23766,-0.488,-0.1947,1.1161,1
-0.24451,0.91927,0.54256,0.98487,1.66,1.0284,0.95396,1.1563,0.74029,-0.91853,0.23766,1.1442,-0.16303,1.1161,1
-0.91268,1.1031,0.54256,0.98487,-0.34771,-0.45223,0.95396,1.1563,-0.082255,1.0871,0.23766,-0.78424,-0.19527,1.1161,0
0.81005,-0.68775,0.54256,-1.4586,-0.34771,-0.61509,-1.0467,-0.86357,-0.49353,-0.91853,0.23766,-0.093021,-0.19527,-0.89465,1
0.73919,0.5587,-1.7827,0.98487,1.66,1.7262,0.95396,1.1563,2.3854,-0.91853,0.23766,-1.0689,0.24618,1.1161,0
1.3652,0.6511,0.54256,0.17037,-0.34771,1.6888,0.95396,1.1563,0.74029,1.0871,0.23766,-1.0689,0.046566,1.1161,0
-0.42083,-0.44569,-1.7827,-1.7301,-1.8535,-0.66439,-1.0467,-0.86357,-0.49353,1.0871,0.23766,-0.023318,-0.18376,-0.89465,0
-0.76504,-0.87256,0.54256,-1.1871,-0.34771,-0.56429,-1.0467,-0.86357,-0.49353,1.0871,-3.1089,-0.23243,-0.19527,-0.89465,0
-0.93377,-0.4708,0.54256,0.17037,-0.34771,-0.066758,0.95396,1.1563,1.7685,1.0871,0.23766,0.092853,0.38053,1.1161,1
-0.59631,1.6053,0.54256,0.17037,0.15422,0.75499,0.95396,1.1563,-0.082255,-0.91853,0.23766,-0.64484,-0.11005,1.1161,0
-0.58956,1.5551,0.54256,0.44187,-0.34771,-0.40293,0.95396,-0.86357,-0.49353,1.0871,0.23766,0.44137,-0.19527,-0.89465,1
-0.75829,1.2035,0.54256,0.98487,-0.34771,-0.54039,0.95396,1.1563,0.53466,1.0871,0.23766,-1.0689,-0.087788,1.1161,0
-0.80047,-0.48687,0.54256,-0.91562,-0.34771,-0.44028,-1.0467,-0.86357,-0.49353,-0.91853,0.23766,-0.023318,-0.19527,-0.89465,1
2.7428,3.0616,0.54256,1.7994,1.66,4.5649,0.95396,1.1563,1.3572,1.0871,0.23766,-1.0689,-0.0033369,1.1161,1
0.00015161,1.3039,0.54256,-1.7301,-1.8535,-0.66439,-1.0467,-0.86357,-0.49353,-0.91853,0.23766,-8.4182e-05,0.80279,-0.89465,0
0.67591,1.8393,0.54256,0.44187,-0.34771,1.9129,0.95396,1.1563,0.74029,1.0871,0.23766,-0.66226,-0.19527,1.1161,1
-0.16773,-0.0017526,0.54256,-0.10112,-0.34771,-0.066758,-1.0467,1.1563,-0.28789,1.0871,0.23766,1.6031,-0.18222,-0.89465,1
-0.64524,-0.83841,-1.7827,1.5279,1.66,-0.62704,-1.0467,-0.86357,-0.49353,-0.91853,0.23766,0.3252,-0.19508,-0.89465,1
0.63373,0.24934,0.54256,-0.10112,-0.34771,-0.27892,0.95396,1.1563,0.53466,1.0871,0.23766,-0.44154,0.015281,1.1161,1
-1.0671,0.90219,-1.7827,0.17037,-0.34771,-0.36558,0.95396,1.1563,0.32902,1.0871,0.23766,-0.60418,-0.099304,1.1161,0
-0.71611,-0.95592,0.54256,-0.91562,-0.34771,-0.36558,-1.0467,1.1563,1.7685,-0.91853,-3.1089,-1.0689,-0.19527,-0.89465,1
0.50043,-0.72993,-1.7827,-1.4586,-0.34771,-0.21617,-1.0467,-0.86357,-0.49353,1.0871,0.23766,1.4346,-0.19527,1.1161,1
-0.16773,-0.051972,0.54256,0.44187,-0.34771,1.5767,0.95396,1.1563,-0.082255,1.0871,0.23766,0.84797,-0.19527,1.1161,1
0.88008,1.0107,0.54256,1.7994,1.66,1.7142,0.95396,1.1563,1.1516,-0.91853,0.23766,-1.0689,-0.19527,1.1161,1
0.39498,0.048467,0.54256,0.17037,0.15422,0.082652,0.95396,1.1563,0.74029,-0.91853,0.23766,-1.0689,-0.12483,1.1161,1
-0.23776,-0.7219,0.54256,-0.91562,-0.34771,-0.51499,0.95396,-0.86357,-0.49353,-0.91853,-3.1089,0.55754,-0.19527,-0.89465,1
2.2864,-0.060007,0.54256,0.98487,1.66,0.24401,0.95396,1.1563,0.74029,-0.91853,0.23766,-0.81909,-0.087788,1.1161,0
0.7046,0.29153,0.54256,0.98487,-0.34771,-0.65244,0.95396,1.1563,-0.28789,-0.91853,0.23766,0.092853,-0.13769,1.1161,1
-1.1379,0.4,-1.7827,-0.10112,-0.34771,-0.65244,-1.0467,-0.86357,-0.49353,-0.91853,0.23766,-0.25566,-0.19527,-0.89465,1
-0.80722,0.61795,-1.7827,-1.1871,0.15422,-0.61509,-1.0467,-0.86357,-0.49353,1.0871,0.23766,-8.4182e-05,-0.19527,-0.89465,1
0.16972,-0.88863,-1.7827,1.5279,-0.34771,-0.63899,-1.0467,-0.86357,-0.49353,-0.91853,0.23766,-0.023318,-0.19527,-0.89465,1
-1.3067,-0.80526,0.54256,0.17037,-0.34771,-0.14146,0.95396,1.1563,0.53466,1.0871,0.23766,0.97576,-0.062837,1.1161,1
0.029679,-0.32818,0.54256,-1.7301,-1.8535,0.24401,-1.0467,1.1563,-0.082255,1.0871,0.23766,0.092853,-0.1945,-0.89465,0
-0.7507,-0.80526,0.54256,0.17037,-0.34771,-0.066758,-1.0467,1.1563,-0.082255,1.0871,0.23766,0.092853,-0.11965,-0.89465,0
-1.0114,-0.83841,0.54256,-1.7301,-1.8535,-0.66439,-1.0467,1.1563,0.12338,-0.91853,0.23766,0.96414,-0.047674,-0.89465,1
0.12754,-0.62949,0.54256,-1.4586,-0.34771,-0.50303,-1.0467,-0.86357,-0.49353,1.0871,0.23766,-1.0689,-0.19527,-0.89465,0
2.2156,0.45826,0.54256,-0.10112,-0.34771,3.5191,0.95396,1.1563,0.74029,1.0871,0.23766,1.0222,0.060386,1.1161,1
-0.14664,-0.54613,-1.7827,1.7994,1.66,-0.65244,-1.0467,-0.86357,-0.49353,-0.91853,0.23766,-0.32536,-0.19508,-0.89465,1
0.022086,-0.45373,0.54256,-0.37262,-0.34771,1.5767,0.95396,-0.86357,-0.49353,1.0871,0.23766,1.969,-0.19527,-0.89465,1
-0.17448,-0.83941,0.54256,0.44187,-0.34771,-0.57774,-1.0467,1.1563,-0.28789,-0.91853,0.23766,0.90605,0.34272,-0.89465,1
-0.76504,0.75154,0.54256,0.98487,-0.34771,-0.14146,0.95396,1.1563,1.5628,-0.91853,0.23766,-0.60418,-0.0052562,-0.89465,0
2.6096,1.6053,-1.7827,0.17037,1.66,0.8297,0.95396,-0.86357,-0.49353,-0.91853,0.23766,-0.4183,-0.19527,-0.89465,1
-0.3643,-0.63753,0.54256,1.5279,1.66,-0.11606,0.95396,1.1563,1.9741,1.0871,0.23766,2.3175,-0.058422,1.1161,1
0.49369,-0.54613,0.54256,0.44187,-0.34771,-0.65244,0.95396,-0.86357,-0.49353,1.0871,0.23766,1.2546,0.91795,1.1161,1
-0.3643,-0.89767,0.54256,-0.10112,1.66,-0.62704,-1.0467,1.1563,-0.28789,1.0871,0.23766,0.51107,-0.17454,-0.89465,0
-0.70176,-0.75504,0.54256,0.17037,-0.34771,-0.41488,0.95396,-0.86357,-0.49353,-0.91853,-3.1089,0.67371,-0.19527,1.1161,1
-0.53978,-0.35329,0.54256,0.17037,-0.34771,-0.29087,-1.0467,1.1563,-0.28789,-0.91853,0.23766,-1.0689,-0.19105,-0.89465,1
-0.30103,-0.35329,0.54256,0.44187,-0.34771,-0.44028,-1.0467,-0.86357,-0.49353,1.0871,0.23766,0.67371,-0.18241,-0.89465,1
-0.79288,1.4797,0.54256,0.17037,-0.34771,0.33216,-1.0467,1.1563,-0.082255,1.0871,0.23766,-0.023318,-0.16207,-0.89465,1
0.48609,-0.45373,0.54256,-1.1871,1.66,-0.60164,-1.0467,-0.86357,-0.49353,-0.91853,0.23766,0.44137,-0.14806,-0.89465,0
0.65482,0.22423,0.54256,1.5279,1.66,2.3238,0.95396,1.1563,2.3854,1.0871,0.23766,1.2488,-0.19527,1.1161,1
0.79571,-0.54613,-1.7827,0.98487,1.66,-0.62704,0.95396,1.1563,4.2361,1.0871,0.23766,1.574,0.04196,1.1161,0
0.16972,-0.9057,0.54256,-1.1871,0.15422,0.53088,-1.0467,-0.86357,-0.49353,1.0871,-3.1089,1.3707,-0.19527,-0.89465,1
-0.81397,-0.84745,-1.7827,1.7994,-0.34771,-0.65244,0.95396,1.1563,-0.28789,1.0871,0.23766,3.8103,-0.18395,1.1161,1
0.05752,1.8564,-1.7827,-1.7301,-1.8535,-0.66439,-1.0467,1.1563,-0.082255,-0.91853,0.23766,-0.13949,-0.19508,-0.89465,1
0.90117,-0.60438,-1.7827,0.17037,-0.34771,-0.66439,-1.0467,-0.86357,-0.49353,1.0871,0.23766,-0.19758,-0.19508,-0.89465,0
-0.14664,-0.25285,0.54256,0.17037,-0.34771,-0.61509,-1.0467,-0.86357,-0.49353,-0.91853,0.23766,0.18579,-0.19527,-0.89465,1
0.78896,-0.85548,-1.7827,-0.10112,-0.34771,-0.51499,-1.0467,-0.86357,-0.49353,1.0871,0.23766,-0.31375,-0.19527,-0.89465,1
-0.40649,-0.051972,-1.7827,0.17037,0.15422,0.082652,-1.0467,-0.86357,-0.49353,-0.91853,0.23766,0.092853,0.036969,-0.89465,1
0.22625,-0.35329,0.54256,1.5279,1.66,1.5513,0.95396,-0.86357,-0.49353,1.0871,0.23766,-1.0689,-0.19527,1.1161,1
0.38823,2.685,0.54256,0.44187,-0.34771,-0.63899,-1.0467,-0.86357,-0.49353,-0.91853,0.23766,0.78988,0.48648,-0.89465,1
1.9279,-0.85548,-1.7827,-0.91562,1.66,0.51893,0.95396,-0.86357,-0.49353,-0.91853,0.23766,-0.023318,-0.135,1.1161,1
1.4352,-0.91474,-1.7827,-0.91562,-0.34771,-0.58969,0.95396,1.1563,1.7685,-0.91853,0.23766,1.1384,0.32909,1.1161,1
-0.075777,1.4546,0.54256,0.17037,-0.34771,-0.066758,0.95396,1.1563,-0.28789,-0.91853,0.23766,0.20902,-0.19162,1.1161,0
-0.91943,-0.35329,0.54256,0.98487,-0.34771,-0.61509,0.95396,1.1563,0.12338,-0.91853,0.23766,-0.488,-0.19412,1.1161,0
-0.7296,-0.92177,0.54256,-0.10112,-0.34771,-0.63899,-1.0467,-0.86357,-0.49353,-0.91853,-3.1089,-1.0689,-0.19527,-0.89465,1
0.94335,-0.35329,0.54256,-1.1871,0.15422,-0.36558,0.95396,-0.86357,-0.49353,-0.91853,0.23766,-1.0689,-0.15688,-0.89465,1
0.25409,-0.95592,0.54256,0.17037,-0.34771,-0.66439,-1.0467,-0.86357,-0.49353,-0.91853,3.5842,-8.4182e-05,-0.19527,-0.89465,1
1.0632,0.38293,0.54256,0.98487,-0.34771,1.5394,0.95396,1.1563,0.12338,1.0871,0.23766,-1.0689,-0.19527,1.1161,0
-0.89158,0.0062825,-1.7827,0.44187,-0.34771,0.0079468,0.95396,1.1563,-0.28789,1.0871,0.23766,-0.60418,-0.13769,1.1161,1
-0.82156,-0.64657,0.54256,-0.91562,-0.34771,-0.63899,-1.0467,-0.86357,-0.49353,1.0871,0.23766,0.99899,-0.19527,-0.89465,1
0.38064,-0.44569,0.54256,-1.7301,-1.8535,-0.66439,-1.0467,-0.86357,-0.49353,-0.91853,0.23766,-1.0689,-0.0033369,-0.89465,1
-1.2223,-0.29503,0.54256,-1.1871,-0.34771,-0.56429,-1.0467,-0.86357,-0.49353,1.0871,0.23766,-0.25566,-0.19489,-0.89465,1
2.3708,-0.64657,0.54256,0.98487,-0.34771,-0.62704,0.95396,-0.86357,-0.49353,1.0871,0.23766,0.44137,-0.19527,1.1161,1
0.00015161,-0.15241,0.54256,1.7994,-0.34771,0.8297,0.95396,1.1563,0.12338,1.0871,0.23766,0.61562,0.24215,1.1161,1
0.50043,-0.60438,-1.7827,0.17037,0.15422,-0.58969,0.95396,-0.86357,-0.49353,1.0871,0.23766,-0.11626,-0.1185,-0.89465,1
1.4006,-0.68775,0.54256,-1.1871,1.1581,-0.56429,-1.0467,-0.86357,-0.49353,-0.91853,0.23766,-1.0689,-0.17224,-0.89465,0
-1.2923,-0.95592,-1.7827,-0.37262,-0.34771,-0.58969,-1.0467,-0.86357,-0.49353,-0.91853,0.23766,-0.72035,-0.19527,-0.89465,1
0.24059,-0.68775,0.54256,-1.1871,0.15422,-0.62704,-1.0467,-0.86357,-0.49353,1.0871,0.23766,1.4869,0.66844,-0.89465,1
-0.94052,-0.58731,0.54256,0.17037,-0.34771,0.0079468,0.95396,1.1563,-0.28789,-0.91853,0.23766,-0.488,-0.16648,1.1161,1
-0.37105,-0.70482,0.54256,-1.7301,-1.8535,-0.66439,-1.0467,1.1563,-0.28789,-0.91853,0.23766,-0.53447,-0.13769,-0.89465,0
0.38823,-0.87155,-1.7827,0.44187,-0.34771,-0.57774,-1.0467,-0.86357,-0.49353,1.0871,0.23766,0.72599,-0.19489,-0.89465,1
-0.76504,0.7435,-1.7827,1.7994,-0.34771,0.070699,-1.0467,-0.86357,-0.49353,-0.91853,0.23766,-0.11626,-0.19527,1.1161,0
-0.24451,1.9568,0.54256,-1.4586,-0.34771,-0.62704,-1.0467,-0.86357,-0.49353,-0.91853,0.23766,-1.0689,-0.14038,-0.89465,1
-0.56847,-0.40351,0.54256,0.17037,-0.34771,0.0079468,0.95396,1.1563,0.74029,-0.91853,0.23766,-8.4182e-05,-0.080111,1.1161,1
0.40173,-0.19459,0.54256,0.44187,-0.34771,-0.31627,0.95396,-0.86357,-0.49353,1.0871,0.23766,0.092853,-0.19527,-0.89465,1
0.064269,-0.25285,0.54256,-0.91562,-0.34771,-0.51499,-1.0467,-0.86357,-0.49353,1.0871,0.23766,0.27873,-0.19527,-0.89465,1
0.00015161,0.048467,-1.7827,-0.37262,-0.34771,1.8756,0.95396,-0.86357,-0.49353,-0.91853,0.23766,-1.0689,-0.19527,-0.89465,1
-0.80722,-0.79723,0.54256,0.44187,-0.34771,-0.57774,-1.0467,1.1563,-0.28789,-0.91853,0.23766,1.3707,-0.14095,-0.89465,1
-0.82831,-0.60438,-1.7827,-0.64412,-0.84964,-0.66439,-1.0467,-0.86357,-0.49353,-0.91853,0.23766,-0.13949,-0.19527,-0.89465,0
-0.97595,-0.95592,0.54256,-1.4586,-0.34771,-0.51499,-1.0467,-0.86357,-0.49353,-0.91853,0.23766,-0.23243,-0.19527,-0.89465,1
2.1945,-0.55417,0.54256,-1.7301,-1.8535,1.2779,-1.0467,1.1563,-0.28789,-0.91853,0.23766,-1.0689,-0.19335,-0.89465,0
0.76028,-0.29503,0.54256,-0.10112,-0.34771,0.38147,-1.0467,-0.86357,-0.49353,1.0871,-3.1089,1.2546,-0.19527,-0.89465,1
-0.28669,-0.83841,0.54256,-0.37262,-0.34771,-0.65244,-1.0467,-0.86357,-0.49353,-0.91853,0.23766,0.44137,-0.0025691,-0.89465,0
-1.1936,0.34978,0.54256,-1.1871,-0.34771,-0.62704,-1.0467,-0.86357,-0.49353,-0.91853,0.23766,-0.72035,-0.17608,-0.89465,1
1.1188,0.45022,-1.7827,0.17037,-0.34771,-0.17882,-1.0467,-0.86357,-0.49353,-0.91853,0.23766,-0.13949,-0.19489,-0.89465,1
-0.65958,-0.8133,0.54256,0.44187,-0.34771,-0.58969,-1.0467,1.1563,-0.28789,1.0871,0.23766,0.3252,-0.1945,-0.89465,0
0.37389,-0.75504,0.54256,0.17037,-0.34771,-0.066758,0.95396,1.1563,1.7685,-0.91853,0.23766,-1.0689,-0.10775,1.1161,0
0.64133,-0.61242,0.54256,1.7994,-0.34771,-0.62704,0.95396,1.1563,0.53466,1.0871,0.23766,1.7192,-0.19527,1.1161,1
-0.94052,1.1533,-1.7827,1.7994,1.66,-0.66439,-1.0467,-0.86357,-0.49353,1.0871,0.23766,-0.17434,-0.18913,-0.89465,0
0.22625,-0.60438,0.54256,0.44187,0.15422,-0.58969,0.95396,-0.86357,-0.49353,1.0871,0.23766,-0.12206,-0.19527,-0.89465,1
-0.53303,1.5551,0.54256,-1.4586,-0.34771,-0.36558,-1.0467,-0.86357,-0.49353,1.0871,0.23766,-0.023318,0.0085631,-0.89465,0
-1.1869,3.4634,2.8678,-1.7301,1.1581,-0.66439,-1.0467,-0.86357,-0.49353,1.0871,3.5842,1.545,18.998,1.1161,1
0.0085881,-0.78919,0.54256,1.7994,-0.34771,-0.26547,0.95396,1.1563,1.1516,1.0871,0.23766,0.69114,0.43619,1.1161,1
-0.32212,-0.69679,0.54256,-0.91562,1.66,-0.58969,-1.0467,-0.86357,-0.49353,1.0871,-3.1089,-0.25566,-0.19527,-0.89465,1
-0.16014,-0.67168,0.54256,0.44187,1.66,-0.44028,0.95396,1.1563,-0.28789,-0.91853,0.23766,0.3252,-0.17608,1.1161,1
-0.74395,0.28249,0.54256,-0.37262,-0.34771,-0.61509,-1.0467,-0.86357,-0.49353,-0.91853,0.23766,0.20902,-0.0033369,-0.89465,0
-1.0038,-0.88059,0.54256,0.98487,-0.34771,-0.066758,0.95396,1.1563,-0.082255,1.0871,0.23766,-0.60418,-0.19527,1.1161,1
-1.2991,-0.94788,0.54256,0.17037,-0.34771,-0.65244,-1.0467,-0.86357,-0.49353,-0.91853,0.23766,-1.0689,-0.19527,1.1161,1
-0.94052,0.45022,0.54256,0.17037,-0.34771,-0.17882,0.95396,1.1563,0.12338,-0.91853,0.23766,0.092853,0.07171,1.1161,1
0.43716,-0.0097877,0.54256,-1.7301,-1.8535,-0.66439,-1.0467,-0.86357,-0.49353,-0.91853,0.23766,-0.13949,-0.19527,-0.89465,0
-0.94052,-0.78819,0.54256,0.98487,-0.34771,-0.19077,0.95396,1.1563,-0.28789,-0.91853,0.23766,-1.0689,-0.19527,1.1161,0
1.1332,0.75154,0.54256,1.5279,1.66,3.5191,0.95396,1.1563,-0.28789,1.0871,0.23766,-0.55771,0.1886,1.1161,1
3.2001,0.24934,0.54256,-1.7301,-1.8535,-0.66439,-1.0467,-0.86357,-0.49353,-0.91853,-3.1089,-1.0689,-0.19527,-0.89465,0
-1.3067,-0.88863,0.54256,-1.7301,-1.8535,-0.66439,-1.0467,1.1563,-0.28789,-0.91853,0.23766,-0.13949,-0.17109,-0.89465,0
-0.31537,-0.75504,-1.7827,-1.4586,1.66,0.23206,-1.0467,-0.86357,-0.49353,-0.91853,0.23766,-0.046553,-0.092203,-0.89465,1
-0.27319,0.048467,0.54256,0.44187,-0.34771,2.6226,0.95396,-0.86357,-0.49353,1.0871,0.23766,-0.66226,-0.19527,1.1161,1
0.022086,-0.94788,-1.7827,-0.10112,-0.34771,-0.65244,-1.0467,-0.86357,-0.49353,-0.91853,0.23766,-1.0689,-0.19527,-0.89465,1
1.5761,-0.78819,0.54256,-0.37262,-0.34771,-0.51499,-1.0467,-0.86357,-0.49353,1.0871,0.23766,0.3252,-0.17281,-0.89465,0
0.97119,-0.88059,-1.7827,0.17037,-0.34771,-0.55234,0.95396,1.1563,1.1516,1.0871,0.23766,0.67371,-0.16418,1.1161,1
2.3565,-0.40351,0.54256,0.44187,-0.34771,-0.14146,0.95396,1.1563,0.53466,1.0871,0.23766,-0.72035,-0.18414,1.1161,1
1.6748,-0.94788,0.54256,1.7994,1.66,-0.65244,0.95396,-0.86357,-0.49353,-0.91853,0.23766,-1.0689,0.38053,1.1161,1
2.6307,0.45022,0.54256,0.71337,2.1619,-0.66439,-1.0467,-0.86357,-0.49353,-0.91853,0.23766,-1.0689,-0.19297,-0.89465,1
0.099702,-0.6546,0.54256,1.5279,1.66,0.97911,0.95396,1.1563,0.12338,1.0871,0.23766,-1.0689,-0.19527,1.1161,1
-0.44192,1.6555,0.54256,0.71337,-1.3516,-0.66439,-1.0467,-0.86357,-0.49353,1.0871,0.23766,-0.25566,0.017776,-0.89465,1
-0.19557,2.0151,0.54256,-0.37262,-0.34771,0.84165,0.95396,1.1563,0.53466,1.0871,0.23766,-0.093021,-0.19527,1.1161,1
-0.46301,0.78468,0.54256,-0.37262,-0.34771,-0.24157,0.95396,-0.86357,-0.49353,-0.91853,0.23766,-0.13949,-0.16648,1.1161,0
0.88683,-0.74701,0.54256,0.44187,-0.34771,0.8297,0.95396,1.1563,0.74029,1.0871,0.23766,1.8354,1.7241,1.1161,1
-0.72286,-0.83037,-1.7827,-0.37262,-0.34771,-0.62704,0.95396,-0.86357,-0.49353,-0.91853,0.23766,-0.023318,-0.19508,-0.89465,1
0.62698,0.048467,0.54256,1.5279,-0.34771,0.38147,0.95396,1.1563,1.5628,1.0871,0.23766,-1.0689,-0.19527,1.1161,1
0.71135,0.34978,0.54256,-0.37262,0.15422,0.38147,0.95396,1.1563,-0.28789,-0.91853,0.23766,-1.0689,-0.099304,1.1161,1
1.485,-0.49591,0.54256,-1.7301,-1.8535,-0.57774,-1.0467,-0.86357,-0.49353,-0.91853,0.23766,0.092853,-0.1947,-0.89465,1
-0.9692,-0.70482,0.54256,0.17037,-0.34771,-0.66439,-1.0467,-0.86357,-0.49353,-0.91853,0.23766,-1.0689,-0.19527,-0.89465,0
0.55696,1.078,0.54256,1.7994,-0.34771,0.082652,0.95396,1.1563,0.74029,-0.91853,0.23766,1.9516,-0.15765,1.1161,1
-0.53978,-0.25285,0.54256,1.5279,-0.34771,-0.47763,0.95396,1.1563,0.94593,-0.91853,0.23766,-1.0689,1.1596,1.1161,1
0.98553,-0.35329,0.54256,0.98487,1.66,1.1285,0.95396,1.1563,1.7685,-0.91853,0.23766,-0.60418,-0.19527,1.1161,1
-0.35756,-0.62146,0.54256,-1.7301,-1.8535,-0.66439,-1.0467,-0.86357,-0.49353,-0.91853,0.23766,0.90605,-0.19508,-0.89465,0
-0.22342,-0.88059,0.54256,0.17037,-0.34771,-0.57774,-1.0467,-0.86357,-0.49353,-0.91853,0.23766,0.20902,-0.1684,-0.89465,1
1.3373,-0.35329,0.54256,1.7994,-0.34771,3.4817,0.95396,1.1563,-0.082255,1.0871,0.23766,1.9458,0.13179,1.1161,0
1.7094,-0.35329,-1.7827,-1.7301,-1.8535,-0.21617,-1.0467,-0.86357,-0.49353,-0.91853,0.23766,-0.023318,-0.1945,-0.89465,1
2.1034,2.2581,0.54256,-0.64412,-1.8535,-0.66439,0.95396,1.1563,2.591,-0.91853,0.23766,-1.0689,-0.14786,1.1161,0
-0.72286,-0.80526,0.54256,-0.10112,-0.34771,-0.51499,-1.0467,-0.86357,-0.49353,1.0871,-3.1089,0.78988,-0.19527,-0.89465,1
-0.55413,1.5551,0.54256,-0.37262,-0.34771,0.23206,0.95396,-0.86357,-0.49353,1.0871,-3.1089,-0.95269,-0.19527,1.1161,1
-1.0747,0.95242,0.54256,0.44187,-0.34771,-0.17882,0.95396,1.1563,0.74029,1.0871,0.23766,-0.83652,-0.080111,1.1161,0
-0.3643,-0.62146,0.54256,1.5279,1.66,0.8551,0.95396,1.1563,1.3572,-0.91853,0.23766,1.2488,-0.036542,1.1161,1
0.2195,-0.64657,0.54256,1.5279,-0.34771,-0.20421,0.95396,1.1563,-0.28789,1.0871,0.23766,1.9516,9.4015,1.1161,1
-0.54738,-0.61242,0.54256,1.7994,-0.34771,-0.16686,0.95396,1.1563,-0.28789,1.0871,0.23766,1.2255,-0.19143,1.1161,1
0.071862,-0.35329,0.54256,-1.4586,-0.34771,-0.61509,-1.0467,-0.86357,-0.49353,1.0871,0.23766,-0.37183,-0.19527,-0.89465,1
0.2195,-0.40351,0.54256,-1.1871,0.15422,0.082652,-1.0467,-0.86357,-0.49353,1.0871,0.23766,0.27873,-0.15688,-0.89465,1
3.5308,2.6096,0.54256,-1.7301,-1.8535,-0.66439,0.95396,-0.86357,-0.49353,1.0871,0.23766,-1.0689,-0.19527,1.1161,1
-1.2923,-0.78819,0.54256,-0.10112,-0.34771,-0.63899,0.95396,-0.86357,-0.49353,-0.91853,-3.1089,0.092853,-0.19527,-0.89465,1
0.2195,0.88613,0.54256,0.17037,-0.34771,0.68029,0.95396,1.1563,1.9741,1.0871,0.23766,-1.0689,-0.15285,1.1161,1
-0.55413,-0.78015,0.54256,1.7994,1.66,-0.35362,0.95396,-0.86357,-0.49353,1.0871,0.23766,-0.13949,0.92947,1.1161,0
-1.046,0.76861,0.54256,1.5279,1.66,-0.44028,0.95396,1.1563,0.94593,-0.91853,0.23766,-0.51124,-0.19527,1.1161,0
-0.08337,-0.41154,-1.7827,-0.10112,-0.34771,-0.62704,-1.0467,-0.86357,-0.49353,1.0871,-3.1089,-0.60418,-0.19527,-0.89465,1
-1.3277,-0.83841,0.54256,0.17037,1.66,-0.21617,0.95396,1.1563,-0.082255,-0.91853,0.23766,-0.488,-0.19527,1.1161,0
0.98553,4.1082,0.54256,0.98487,1.66,-0.60164,0.95396,1.1563,-0.28789,-0.91853,0.23766,3.3457,-0.178,-0.89465,1
0.43041,-0.069046,-1.7827,-0.91562,-0.34771,-0.58969,0.95396,1.1563,1.5628,1.0871,0.23766,0.78988,-0.19527,1.1161,1
-1.1801,1.0529,0.54256,0.44187,1.66,-0.61509,-1.0467,1.1563,-0.28789,-0.91853,0.23766,-0.37183,-0.19508,-0.89465,1
-0.17448,-0.86352,0.54256,-0.91562,-0.34771,-0.50303,0.95396,1.1563,0.32902,-0.91853,0.23766,1.1384,-0.099304,1.1161,0
1.0767,-0.95592,0.54256,0.17037,-0.34771,0.082652,0.95396,-0.86357,-0.49353,-0.91853,0.23766,-1.0689,-0.19527,1.1161,0
1.1475,-0.6546,0.54256,0.17037,-0.34771,0.082652,0.95396,-0.86357,-0.49353,1.0871,0.23766,-0.25566,-0.19527,-0.89465,1
-0.87049,-0.48687,0.54256,-1.1871,0.15422,-0.51499,0.95396,1.1563,0.32902,-0.91853,-3.1089,-0.60418,-0.19527,1.1161,0
-0.32887,-0.55417,0.54256,1.7994,1.66,-0.36558,0.95396,1.1563,0.32902,-0.91853,0.23766,-0.25566,1.2527,1.1161,1
-0.93377,1.0529,-1.7827,0.17037,-0.34771,0.082652,0.95396,-0.86357,-0.49353,-0.91853,-3.1089,-0.83652,-0.19527,1.1161,1
2.1523,2.9612,0.54256,0.17037,-0.34771,0.97911,0.95396,1.1563,0.94593,-0.91853,0.23766,-1.0689,0.38053,1.1161,0
-0.74395,1.2537,0.54256,0.98487,-0.34771,0.082652,0.95396,1.1563,0.94593,1.0871,0.23766,-0.488,-0.039996,1.1161,1
0.18407,-0.40351,0.54256,-1.1871,0.15422,-0.66439,-1.0467,-0.86357,-0.49353,-0.91853,0.23766,-0.023318,-0.19527,-0.89465,1
-0.68067,0.85198,0.54256,0.98487,-0.34771,1.8756,0.95396,1.1563,0.53466,1.0871,0.23766,-0.37183,-0.19527,1.1161,0
0.26843,2.0572,0.54256,1.2564,1.1581,0.94176,0.95396,1.1563,1.3572,1.0871,0.23766,-1.0689,-0.16955,1.1161,1
-0.60306,1.5219,0.54256,0.98487,1.66,-0.19077,0.95396,-0.86357,-0.49353,1.0871,0.23766,-0.37183,-0.19527,1.1161,1
-1.2856,-0.13534,0.54256,-1.1871,1.66,-0.54039,-1.0467,-0.86357,-0.49353,1.0871,0.23766,-0.37183,-0.19527,-0.89465,1
-0.59631,-0.4708,-1.7827,0.17037,-0.34771,-0.66439,-1.0467,-0.86357,-0.49353,-0.91853,0.23766,-0.37183,-0.19527,-0.89465,0
-0.58956,-0.70482,0.54256,0.17037,-0.34771,-0.58969,-1.0467,-0.86357,-0.49353,-0.91853,0.23766,-0.42992,-0.19527,-0.89465,1
-0.25885,-0.34525,-1.7827,1.7994,1.66,0.094604,0.95396,1.1563,-0.28789,-0.91853,0.23766,-0.66226,-0.19527,1.1161,0
1.7937,2.0572,0.54256,0.17037,-0.34771,0.97911,0.95396,1.1563,2.3854,-0.91853,0.23766,-1.0689,0.22698,1.1161,0
-0.68742,-0.83841,0.54256,0.17037,1.66,-0.63899,0.95396,-0.86357,-0.49353,-0.91853,0.23766,-0.023318,-0.19527,-0.89465,1
-0.53303,1.7559,-1.7827,-1.7301,-1.8535,-0.066758,-1.0467,1.1563,-0.28789,1.0871,0.23766,0.092853,-0.19508,-0.89465,0
-0.090119,0.34978,0.54256,0.17037,0.15422,0.53088,0.95396,1.1563,0.94593,1.0871,0.23766,-1.0689,0.39301,1.1161,0
1.3373,0.6511,0.54256,0.71337,0.15422,1.2779,0.95396,1.1563,0.74029,-0.91853,0.23766,1.1094,9.6126,1.1161,0
-0.70176,0.22423,0.54256,0.98487,-0.34771,0.28286,0.95396,1.1563,1.5628,-0.91853,0.23766,-0.37183,-0.14825,1.1161,0
-0.97595,-0.70482,-1.7827,-0.91562,-0.34771,-0.62704,-1.0467,-0.86357,-0.49353,-0.91853,0.23766,-0.25566,-0.1945,-0.89465,1
0.66917,-0.10219,0.54256,0.17037,0.15422,1.2779,0.95396,1.1563,2.7967,-0.91853,0.23766,-0.38926,0.036969,1.1161,1
-0.76504,1.2537,-1.7827,0.98487,-0.34771,0.23206,0.95396,-0.86357,-0.49353,1.0871,0.23766,0.48784,-0.19527,-0.89465,0
-0.86374,0.55066,0.54256,-0.37262,-0.34771,-0.24157,0.95396,1.1563,-0.28789,-0.91853,0.23766,-0.60418,1.6857,1.1161,1
0.21191,-0.93985,-1.7827,-0.10112,0.15422,-0.65244,0.95396,1.1563,-0.28789,1.0871,0.23766,0.55754,0.1886,1.1161,1
2.181,0.75154,0.54256,0.71337,1.66,1.4273,0.95396,1.1563,0.12338,-0.91853,0.23766,-1.0689,-0.19527,1.1161,1
-1.2358,-0.88863,-1.7827,-0.91562,-0.34771,-0.57774,-1.0467,-0.86357,-0.49353,-0.91853,-3.1089,0.092853,-0.19527,-0.89465,1
0.81005,-0.70482,-1.7827,0.44187,-0.34771,-0.58969,-1.0467,-0.86357,-0.49353,-0.91853,0.23766,-1.0689,-0.15784,-0.89465,1
-1.0747,-0.95592,0.54256,0.98487,-0.34771,-0.46568,-1.0467,-0.86357,-0.49353,-0.91853,0.23766,-0.13949,-0.19508,-0.89465,1
-0.93377,1.4215,0.54256,0.17037,1.66,1.1285,0.95396,-0.86357,-0.49353,-0.91853,0.23766,0.90605,-0.19527,1.1161,0
-0.62415,-0.78015,0.54256,0.98487,-0.34771,0.71764,0.95396,1.1563,-0.082255,1.0871,0.23766,1.9516,0.1886,1.1161,1
-0.46976,-0.75504,0.54256,0.98487,-0.34771,-0.14146,0.95396,-0.86357,-0.49353,1.0871,0.23766,0.55754,-0.19527,1.1161,1
0.59155,0.048467,0.54256,1.5279,-0.34771,3.3697,0.95396,-0.86357,-0.49353,1.0871,0.23766,4.6235,-0.19527,-0.89465,0
-1.1303,-0.46176,0.54256,0.17037,1.1581,-0.37753,-1.0467,1.1563,-0.082255,1.0871,0.23766,-0.13949,-0.082606,-0.89465,1
-0.59631,-0.74701,-1.7827,-1.7301,-1.8535,-0.51499,0.95396,1.1563,0.12338,-0.91853,0.23766,-0.023318,-0.16706,-0.89465,0
-0.31537,-0.6546,0.54256,0.44187,-0.34771,-0.066758,0.95396,1.1563,1.7685,1.0871,0.23766,1.4521,-0.18855,1.1161,1
1.323,-0.80526,0.54256,0.98487,1.66,0.15736,0.95396,1.1563,-0.28789,-0.91853,0.23766,0.86539,-0.024066,1.1161,0
0.57805,-0.8143,0.54256,0.17037,-0.34771,-0.55234,-1.0467,1.1563,-0.082255,-0.91853,0.23766,0.23807,-0.099304,-0.89465,1
-0.97595,1.2628,0.54256,0.17037,-0.34771,-0.066758,-1.0467,-0.86357,-0.49353,1.0871,0.23766,-0.2789,-0.19527,-0.89465,1
0.20516,0.065541,-1.7827,-1.1871,0.15422,-0.34018,-1.0467,-0.86357,-0.49353,1.0871,0.23766,1.7192,-0.19527,-0.89465,1
-0.65958,-0.87256,-1.7827,0.17037,-0.34771,-0.65244,-1.0467,1.1563,-0.082255,-0.91853,0.23766,-0.32536,-0.19412,-0.89465,1
1.0699,-0.85548,0.54256,-0.10112,-0.34771,2.5479,0.95396,-0.86357,-0.49353,-0.91853,-3.1089,1.2546,-0.19527,-0.89465,1
-1.0181,0.96949,0.54256,-0.37262,-0.34771,-0.42833,-1.0467,-0.86357,-0.49353,-0.91853,0.23766,-0.60418,-0.12809,-0.89465,1
-0.71611,-0.45373,0.54256,0.17037,-0.34771,-0.34018,0.95396,1.1563,1.7685,1.0871,0.23766,-0.72035,0.22391,1.1161,1
-0.67392,-0.78919,0.54256,0.98487,-0.34771,-0.54039,-1.0467,1.1563,-0.28789,1.0871,0.23766,0.092853,-0.19316,-0.89465,0
0.064269,-0.84745,0.54256,1.5279,-0.34771,-0.65244,0.95396,-0.86357,-0.49353,-0.91853,0.23766,1.4869,1.95,1.1161,0
-0.4976,-0.30307,0.54256,0.17037,1.66,0.0199,-1.0467,1.1563,-0.28789,1.0871,0.23766,1.3475,-0.19124,-0.89465,1
-0.70851,1.2788,0.54256,1.7994,1.66,-0.52694,0.95396,1.1563,-0.28789,-0.91853,0.23766,-0.488,-0.19527,1.1161,1
-0.34996,1.9568,0.54256,1.7994,1.66,0.25746,0.95396,1.1563,-0.28789,-0.91853,0.23766,-0.37183,-0.19316,1.1161,0
-1.2712,-0.93081,0.54256,0.17037,-0.34771,-0.61509,-1.0467,-0.86357,-0.49353,-0.91853,0.23766,-0.30213,-0.19527,-0.89465,1
0.76028,0.048467,0.54256,0.17037,-0.34771,0.8297,0.95396,1.1563,0.94593,-0.91853,0.23766,-1.0689,0.39301,1.1161,1
-0.67392,1.3542,-1.7827,-0.91562,1.66,0.23206,-1.0467,-0.86357,-0.49353,1.0871,0.23766,-0.95269,-0.1922,-0.89465,0
0.14189,-0.45373,-1.7827,0.17037,-0.34771,0.082652,-1.0467,-0.86357,-0.49353,1.0871,0.23766,-1.0689,-0.19489,-0.89465,0
1.2741,-0.86352,0.54256,1.5279,1.66,-0.54039,0.95396,1.1563,1.7685,1.0871,0.23766,1.4869,-0.19412,1.1161,0
1.4074,4.0831,0.54256,0.44187,-0.34771,-0.14146,0.95396,1.1563,0.12338,-0.91853,0.23766,-0.37183,-0.19259,1.1161,1
0.94335,-0.13534,0.54256,-0.37262,-0.34771,-0.65244,-1.0467,-0.86357,-0.49353,-0.91853,0.23766,-0.44154,-0.17608,-0.89465,1
-0.45542,-0.55417,0.54256,-0.64412,-0.84964,-0.66439,-1.0467,-0.86357,-0.49353,1.0871,0.23766,0.53431,-0.19508,-0.89465,0
0.13514,-0.50395,-1.7827,1.5279,-0.34771,0.38147,-1.0467,-0.86357,-0.49353,1.0871,0.23766,0.092853,-0.16821,-0.89465,0
0.67591,0.048467,0.54256,-1.7301,-1.8535,-0.66439,-1.0467,1.1563,-0.082255,-0.91853,0.23766,-0.97012,-0.19508,-0.89465,1
0.48609,0.34978,0.54256,-0.10112,1.66,0.60558,0.95396,1.1563,1.9741,1.0871,0.23766,-0.52866,-0.19527,1.1161,1
-0.64524,-0.82234,0.54256,0.17037,-0.34771,-0.61509,-1.0467,-0.86357,-0.49353,-0.91853,0.23766,-0.488,-0.19527,1.1161,1
2.2654,3.2625,0.54256,-1.1871,0.15422,2.3238,0.95396,1.1563,2.1797,-0.91853,0.23766,-1.0689,1.0907,1.1161,0
0.12754,-0.026862,0.54256,0.98487,1.66,-0.17882,0.95396,1.1563,-0.082255,-0.91853,0.23766,-1.0689,-0.19527,1.1161,0
0.88008,-0.91474,0.54256,-1.1871,1.66,0.86705,0.95396,-0.86357,-0.49353,-0.91853,0.23766,1.2546,-0.19527,1.1161,1
0.19841,-0.63753,-1.7827,-1.7301,-1.8535,-0.66439,0.95396,-0.86357,-0.49353,-0.91853,0.23766,0.78988,-0.19527,-0.89465,0
0.043178,-0.15241,-1.7827,1.5279,-0.34771,-0.21617,-1.0467,-0.86357,-0.49353,1.0871,0.23766,-0.37183,-0.19527,-0.89465,1
0.00015161,-0.94788,-1.7827,-1.4586,-0.34771,0.60558,-1.0467,-0.86357,-0.49353,1.0871,0.23766,1.6031,-0.19527,-0.89465,1
-1.1801,0.85198,0.54256,-0.37262,-0.34771,-0.25352,0.95396,-0.86357,-0.49353,1.0871,0.23766,-1.0689,-0.19527,1.1161,0
0.00099526,-0.80526,-1.7827,-0.37262,-0.34771,0.38147,-1.0467,-0.86357,-0.49353,1.0871,0.23766,0.78988,-0.19527,-0.89465,1
2.2578,1.0529,0.54256,0.98487,-0.34771,0.53088,0.95396,1.1563,2.3854,-0.91853,0.23766,-1.0689,0.11221,1.1161,0
-0.72286,-0.58731,0.54256,-0.64412,-0.84964,-0.66439,-1.0467,1.1563,-0.28789,-0.91853,0.23766,0.092853,-0.1851,-0.89465,0
-1.0038,1.0529,-1.7827,-0.91562,1.66,-0.41488,0.95396,-0.86357,-0.49353,1.0871,0.23766,-0.25566,-0.19527,-0.89465,1
-0.4976,-0.51198,-1.7827,-0.37262,-0.34771,0.53088,0.95396,-0.86357,-0.49353,-0.91853,0.23766,0.02315,-0.19527,-0.89465,1
-0.49085,-0.80526,0.54256,0.17037,0.15422,-0.58969,0.95396,-0.86357,-0.49353,-0.91853,0.23766,0.95833,-0.19086,1.1161,1
0.24734,-0.14438,-1.7827,-1.1871,0.15422,1.8756,0.95396,1.1563,0.94593,1.0871,0.23766,0.06381,-0.19527,1.1161,1
-0.69502,1.3793,-1.7827,0.44187,-0.34771,-0.41488,0.95396,-0.86357,-0.49353,1.0871,0.23766,-0.13949,-0.13769,1.1161,1
-0.39974,-0.84745,0.54256,-0.91562,-1.8535,-0.66439,-1.0467,-0.86357,-0.49353,-0.91853,0.23766,-0.488,-0.19527,-0.89465,1
-0.22342,2.0572,0.54256,0.17037,1.66,0.9298,0.95396,1.1563,1.7685,-0.91853,0.23766,-1.0689,0.24291,1.1161,1
-0.71611,1.3542,0.54256,0.44187,1.66,-0.029406,0.95396,1.1563,1.7685,1.0871,0.23766,0.61562,-0.14076,1.1161,1
-1.2223,-0.93885,-1.7827,0.17037,-0.34771,-0.65244,-1.0467,-0.86357,-0.49353,-0.91853,0.23766,-0.25566,-0.056695,-0.89465,1
-0.13905,-0.58731,0.54256,0.17037,1.66,0.63098,0.95396,-0.86357,-0.49353,-0.91853,0.23766,0.44137,-0.15688,1.1161,1
0.43716,0.073576,0.54256,0.71337,-0.34771,0.8297,0.95396,-0.86357,-0.49353,1.0871,0.23766,-1.0689,0.57247,1.1161,0
1.7592,-0.6546,0.54256,-1.4586,-0.34771,0.45617,-1.0467,-0.86357,-0.49353,1.0871,0.23766,-1.0689,-0.12809,-0.89465,1
-0.33646,-0.54613,-1.7827,-0.37262,-0.34771,-0.066758,0.95396,1.1563,0.12338,1.0871,0.23766,1.0803,-0.087788,1.1161,1
-0.67392,-0.86352,-1.7827,0.44187,-0.34771,0.12,0.95396,1.1563,0.74029,1.0871,0.23766,0.13932,-0.12867,-0.89465,1
-0.75829,-0.6546,-1.7827,-0.37262,-0.34771,-0.50303,-1.0467,-0.86357,-0.49353,1.0871,0.23766,-0.37183,-0.18241,-0.89465,1
0.81005,0.34978,0.54256,0.98487,-0.34771,-0.51499,0.95396,1.1563,0.12338,1.0871,0.23766,-0.22662,-0.19527,1.1161,0
-0.2521,-0.24481,0.54256,-1.1871,0.15422,-0.51499,0.95396,-0.86357,-0.49353,1.0871,0.23766,-0.075596,-0.19527,-0.89465,0
0.00015161,-0.88059,0.54256,-1.4586,-0.34771,-0.40293,0.95396,-0.86357,-0.49353,1.0871,-3.1089,4.3215,-0.19527,-0.89465,1
0.036429,0.24934,0.54256,-1.4586,-0.34771,-0.29087,-1.0467,-0.86357,-0.49353,-0.91853,0.23766,0.51107,-0.19527,-0.89465,0
1.3019,1.6555,0.54256,-1.1871,0.15422,0.879,0.95396,1.1563,1.3572,1.0871,0.23766,-1.0689,-0.19527,1.1161,0
-0.57522,-0.35329,0.54256,0.98487,1.66,-0.11606,0.95396,1.1563,3.4136,-0.91853,0.23766,-1.0689,-0.099304,1.1161,0
0.96444,-0.89767,-1.7827,1.5279,1.66,-0.14146,0.95396,1.1563,1.1516,-0.91853,0.23766,-0.488,-0.1233,1.1161,1
-0.68067,-0.40351,0.54256,-1.7301,-1.8535,0.68029,-1.0467,-0.86357,-0.49353,-0.91853,0.23766,-0.13949,-0.19047,-0.89465,1
-0.55413,1.2537,-1.7827,-0.37262,-0.34771,0.68029,0.95396,-0.86357,-0.49353,-0.91853,0.23766,-0.37183,-0.19527,-0.89465,0
0.73919,0.67621,-1.7827,-0.91562,-0.34771,-0.61509,-1.0467,1.1563,-0.082255,-0.91853,0.23766,-8.4182e-05,-0.19182,-0.89465,0
-0.80047,-0.78919,0.54256,0.17037,1.66,-0.017453,-1.0467,-0.86357,-0.49353,1.0871,0.23766,-0.32536,-0.19527,1.1161,1
-0.041187,-0.33621,0.54256,0.17037,-0.34771,0.082652,-1.0467,1.1563,-0.082255,1.0871,0.23766,-0.13949,-0.1874,-0.89465,1
-1.0114,-0.82234,-1.7827,0.17037,-0.34771,-0.36558,-1.0467,1.1563,-0.28789,-0.91853,0.23766,10.548,-0.19489,-0.89465,0
-0.67392,-0.83841,-1.7827,-1.7301,-1.8535,-0.62704,-1.0467,-0.86357,-0.49353,-0.91853,0.23766,-0.37183,-0.17857,-0.89465,0
0.14189,-0.35329,-1.7827,-0.37262,-0.34771,-0.066758,-1.0467,-0.86357,-0.49353,-0.91853,0.23766,-0.023318,-0.19527,-0.89465,0
-0.7372,-0.49591,0.54256,0.98487,1.66,0.0199,0.95396,1.1563,0.94593,1.0871,0.23766,-0.25566,0.2623,1.1161,0
0.62023,-0.60438,0.54256,-0.91562,-0.34771,-0.51499,-1.0467,-0.86357,-0.49353,1.0871,0.23766,0.67371,-0.19489,-0.89465,1
-0.79288,-0.50395,0.54256,-1.1871,-0.34771,-0.62704,-1.0467,-0.86357,-0.49353,-0.91853,0.23766,-0.13949,-0.19335,-0.89465,1
-0.075777,-0.45373,0.54256,1.5279,1.66,0.0079468,-1.0467,-0.86357,-0.49353,1.0871,-3.1089,0.90605,-0.19527,-0.89465,1
-0.53303,-0.75504,0.54256,-0.37262,-0.34771,-0.51499,-1.0467,-0.86357,-0.49353,-0.91853,0.23766,0.092853,-0.19527,-0.89465,1
-0.7507,0.45022,0.54256,0.17037,-0.34771,-0.61509,-1.0467,-0.86357,-0.49353,-0.91853,0.23766,-0.13949,-0.19527,-0.89465,0
-0.7507,-0.44569,-1.7827,0.17037,1.66,0.10805,0.95396,-0.86357,-0.49353,-0.91853,0.23766,-1.0689,-0.19527,1.1161,1
0.52153,0.14891,0.54256,0.98487,-0.34771,-0.62704,0.95396,-0.86357,-0.49353,1.0871,0.23766,0.25549,-0.19527,1.1161,0
0.064269,0.55066,0.54256,0.71337,0.15422,-0.19077,0.95396,-0.86357,-0.49353,1.0871,-3.1089,1.3707,-0.19527,-0.89465,1
-0.77938,1.2537,0.54256,0.44187,-0.34771,-0.066758,0.95396,1.1563,-0.28789,-0.91853,0.23766,-0.60418,-0.14191,1.1161,1
4.107,0.14891,0.54256,0.17037,-0.34771,-0.50303,0.95396,-0.86357,-0.49353,-0.91853,0.23766,-1.0689,-0.13001,-0.89465,1
-0.14664,-0.70482,-1.7827,-0.91562,-0.34771,-0.58969,-1.0467,-0.86357,-0.49353,-0.91853,0.23766,0.23226,-0.19527,-0.89465,1
-0.63174,-0.85548,0.54256,0.98487,1.66,-0.29087,0.95396,1.1563,-0.28789,-0.91853,0.23766,-1.0689,-0.06514,1.1161,0
-0.08337,1.1864,0.54256,0.98487,1.66,-0.63899,-1.0467,1.1563,1.9741,1.0871,0.23766,-0.31956,-0.1947,-0.89465,0
-0.2521,-0.22774,0.54256,-0.37262,-0.34771,-0.58969,-1.0467,-0.86357,-0.49353,1.0871,0.23766,-0.488,-0.19527,-0.89465,1
-0.41324,-0.10219,0.54256,1.5279,-0.34771,0.61754,0.95396,1.1563,-0.28789,1.0871,0.23766,-0.37183,-0.19527,1.1161,1
0.47259,-0.15241,0.54256,0.17037,0.15422,0.8297,0.95396,-0.86357,-0.49353,1.0871,-3.1089,0.55754,-0.19527,-0.89465,1
1.3162,0.2162,0.54256,0.44187,-0.34771,0.97911,-1.0467,-0.86357,-0.49353,-0.91853,0.23766,1.6321,-0.16648,-0.89465,1
-0.27994,-0.78015,0.54256,-0.10112,-0.34771,-0.37753,0.95396,1.1563,0.12338,1.0871,0.23766,1.2313,-0.19527,1.1161,1
-1.1725,-0.95592,-1.7827,-0.64412,-1.8535,-0.66439,-1.0467,-0.86357,-0.49353,-0.91853,0.23766,-0.56932,-0.19527,-0.89465,0
3.1723,0.85198,0.54256,-1.7301,-1.8535,0.53088,-1.0467,1.1563,-0.28789,-0.91853,0.23766,-0.66226,-0.19412,-0.89465,1
-1.0747,-0.069046,-1.7827,0.17037,1.66,0.23206,0.95396,-0.86357,-0.49353,-0.91853,0.23766,0.3252,-0.19527,1.1161,0
-0.026845,-0.72993,0.54256,-1.7301,-1.8535,-0.66439,-1.0467,1.1563,-0.28789,-0.91853,0.23766,-0.51124,-0.19162,-0.89465,1
1.3297,0.34978,0.54256,0.17037,-0.34771,-0.36558,-1.0467,-0.86357,-0.49353,1.0871,0.23766,-1.0689,-0.15151,-0.89465,1
0.66242,-0.61242,-1.7827,-0.10112,-0.34771,-0.61509,-1.0467,-0.86357,-0.49353,-0.91853,-3.1089,1.2546,-0.19527,-0.89465,1
-0.90593,-0.85548,-1.7827,0.71337,-1.3516,-0.36558,-1.0467,-0.86357,-0.49353,-0.91853,0.23766,0.44137,-0.19527,-0.89465,0
-1.0249,0.50044,0.54256,-0.10112,-0.34771,-0.65244,-1.0467,1.1563,-0.28789,-0.91853,0.23766,-0.488,-0.19508,-0.89465,1
-1.3134,-0.32818,0.54256,0.44187,-0.34771,-0.63899,-1.0467,1.1563,-0.28789,-0.91853,0.23766,-1.0689,-0.19412,-0.89465,1
-0.82156,1.2537,0.54256,1.7994,-0.34771,-0.57774,0.95396,1.1563,0.74029,-0.91853,0.23766,-0.36602,-0.19527,1.1161,1
-0.40649,-0.72993,0.54256,1.7994,1.66,-0.29087,0.95396,-0.86357,-0.49353,-0.91853,0.23766,-1.0689,0.8216,1.1161,1
0.00015161,-0.85548,0.54256,0.17037,0.15422,-0.41488,0.95396,-0.86357,-0.49353,1.0871,-3.1089,0.78988,-0.19527,-0.89465,1
2.4476,2.3586,0.54256,0.98487,-0.34771,2.6226,0.95396,-0.86357,-0.49353,1.0871,0.23766,-0.94688,1.8317,1.1161,0
1.7381,-0.95592,-1.7827,-1.7301,-1.8535,-0.66439,-1.0467,-0.86357,-0.49353,-0.91853,0.23766,-1.0689,-0.19527,-0.89465,0
0.18407,-0.80526,0.54256,-0.91562,0.15422,-0.36558,0.95396,1.1563,0.12338,1.0871,0.23766,0.16256,-0.19527,-0.89465,0
-0.68742,-0.75504,0.54256,0.17037,-0.34771,-0.51499,-1.0467,-0.86357,-0.49353,1.0871,-3.1089,0.55754,-0.19527,-0.89465,1
0.13514,-0.32014,-1.7827,1.7994,-0.34771,0.28137,0.95396,1.1563,0.12338,1.0871,0.23766,1.1384,-0.19527,1.1161,1
0.33846,-0.80526,0.54256,-0.91562,-0.34771,-0.21617,-1.0467,-0.86357,-0.49353,1.0871,0.23766,0.27292,-0.19527,-0.89465,1
-0.17448,-0.55417,-1.7827,0.71337,1.66,-0.066758,-1.0467,-0.86357,-0.49353,-0.91853,0.23766,0.41813,-0.19201,-0.89465,0
-0.51869,-0.72993,0.54256,0.98487,-0.34771,-0.27892,0.95396,1.1563,-0.082255,-0.91853,0.23766,0.092853,-0.19527,-0.89465,0
-0.83506,-0.7219,-1.7827,-0.91562,-0.34771,0.082652,0.95396,1.1563,-0.28789,-0.91853,0.23766,-0.023318,-0.19143,-0.89465,1
-1.1236,-0.92278,0.54256,-1.4586,-0.34771,-0.58969,-1.0467,-0.86357,-0.49353,1.0871,-3.1089,0.55754,-0.19527,-0.89465,1
-1.1303,1.1031,0.54256,0.17037,1.66,-0.34018,-1.0467,-0.86357,-0.49353,-0.91853,0.23766,0.78988,-0.19278,-0.89465,1
0.40932,-0.80526,-1.7827,-1.4586,-0.34771,-0.48959,-1.0467,-0.86357,-0.49353,-0.91853,0.23766,0.3252,-0.1947,-0.89465,1
-0.70851,-0.95592,0.54256,0.17037,-0.34771,-0.66439,-1.0467,-0.86357,-0.49353,-0.91853,3.5842,-8.4182e-05,-0.19527,1.1161,1
-0.32887,-0.54613,0.54256,0.44187,-0.34771,-0.58969,-1.0467,-0.86357,-0.49353,1.0871,0.23766,-0.023318,-0.18568,-0.89465,0
-0.15339,-0.82234,0.54256,0.44187,-0.34771,-0.58969,-1.0467,-0.86357,-0.49353,1.0871,0.23766,0.67371,-0.19527,-0.89465,0
-1.3345,-0.88059,0.54256,0.17037,-0.34771,-0.36558,-1.0467,-0.86357,-0.49353,-0.91853,0.23766,-0.37183,-0.19182,-0.89465,0
-0.77179,0.18205,0.54256,0.98487,-0.34771,0.10805,0.95396,1.1563,0.94593,-0.91853,0.23766,-0.31956,0.42986,1.1161,0
0.071862,-0.52102,-1.7827,-0.91562,-1.8535,-0.66439,-1.0467,-0.86357,-0.49353,-0.91853,0.23766,-0.37183,-0.19527,-0.89465,1
-0.86374,1.1533,0.54256,0.17037,-0.34771,0.23206,0.95396,-0.86357,-0.49353,1.0871,0.23766,-1.0689,-0.19527,1.1161,1
1.6183,-0.83841,0.54256,-1.7301,-1.8535,-0.66439,-1.0467,-0.86357,-0.49353,-0.91853,0.23766,-0.22662,-0.19527,-0.89465,1
0.24059,-0.10219,0.54256,-1.1871,0.15422,0.30677,0.95396,1.1563,-0.082255,-0.91853,0.23766,0.52269,-0.078191,1.1161,1
-0.11121,0.14891,0.54256,-0.91562,-0.34771,0.97911,-1.0467,-0.86357,-0.49353,1.0871,-3.1089,-0.488,-0.19527,-0.89465,0
-0.49085,-0.85548,0.54256,0.17037,-0.34771,-0.22812,0.95396,1.1563,0.53466,1.0871,0.23766,0.74341,-0.19527,1.1161,1
-0.70176,-0.6546,0.54256,0.98487,-0.34771,0.045299,0.95396,1.1563,0.12338,1.0871,0.23766,-1.0689,-0.083566,1.1161,1
-0.16014,-0.80526,-1.7827,0.17037,-0.34771,-0.65244,-1.0467,-0.86357,-0.49353,-0.91853,0.23766,0.3252,-0.19527,-0.89465,1
-0.57522,1.5551,0.54256,-0.37262,-0.34771,-0.21617,0.95396,1.1563,1.9741,1.0871,0.23766,-0.37183,-0.086445,1.1161,0
-1.2012,0.95242,0.54256,-0.37262,-0.34771,-0.14146,-1.0467,1.1563,1.5628,1.0871,0.23766,-1.0689,-0.19335,-0.89465,0
-0.32887,-0.80526,0.54256,0.98487,1.66,-0.61509,-1.0467,-0.86357,-0.49353,1.0871,0.23766,0.20902,-0.1471,-0.89465,1
1.0488,-0.55417,0.54256,-0.10112,-0.34771,-0.14146,0.95396,1.1563,-0.082255,1.0871,0.23766,-1.0689,-0.19239,1.1161,1
-0.7507,-0.92278,0.54256,0.17037,-0.84964,0.0079468,-1.0467,-0.86357,-0.49353,1.0871,-3.1089,-1.0689,-0.19527,1.1161,1
-0.96161,0.90219,0.54256,0.17037,-0.34771,-0.16686,0.95396,1.1563,0.12338,1.0871,0.23766,-0.83652,-0.1899,1.1161,1
-0.31537,-0.6546,0.54256,0.44187,-0.34771,0.0079468,-1.0467,1.1563,-0.28789,1.0871,0.23766,-0.488,-0.1947,-0.89465,1
-0.50519,-0.88863,0.54256,-0.91562,1.66,0.38147,-1.0467,-0.86357,-0.49353,1.0871,0.23766,0.90605,-0.19527,-0.89465,1
-0.91943,-0.78819,-1.7827,0.17037,-0.34771,-0.066758,-1.0467,-0.86357,-0.49353,1.0871,-3.1089,0.3252,-0.19527,-0.89465,1
-0.99704,-0.80526,0.54256,0.17037,-0.34771,-0.42683,0.95396,1.1563,0.53466,1.0871,0.23766,-0.25566,-0.19431,-0.89465,0
-0.78613,-0.70482,-1.7827,-1.7301,-1.8535,0.30677,-1.0467,-0.86357,-0.49353,-0.91853,0.23766,0.55754,-0.19527,-0.89465,0
-0.72286,1.4044,0.54256,1.7994,1.66,-0.51499,0.95396,1.1563,-0.082255,1.0871,0.23766,0.67371,-0.089516,1.1161,0
-0.50519,-0.95592,0.54256,0.17037,-0.34771,-0.66439,-1.0467,-0.86357,-0.49353,-0.91853,3.5842,-8.4182e-05,-0.19527,1.1161,0
1.2032,1.1533,0.54256,0.98487,-0.34771,0.8297,0.95396,1.1563,0.94593,1.0871,0.23766,-1.0689,-0.19527,1.1161,0
-1.1447,-0.92278,0.54256,0.98487,1.1581,-0.60164,-1.0467,-0.86357,-0.49353,-0.91853,0.23766,0.092853,-0.18759,1.1161,1
0.43716,-0.93081,-1.7827,0.17037,-0.34771,-0.21617,-1.0467,-0.86357,-0.49353,1.0871,0.23766,0.27873,-0.17358,1.1161,1
0.32496,1.4546,0.54256,0.98487,1.66,3.5191,0.95396,1.1563,1.1516,-0.91853,0.23766,-1.0689,1.0696,1.1161,0
0.3528,-0.77212,0.54256,-0.37262,-0.34771,-0.44028,0.95396,1.1563,0.32902,-0.91853,0.23766,-1.0689,0.10856,1.1161,0
-0.4841,1.6223,0.54256,1.5279,-0.34771,-0.51499,-1.0467,-0.86357,-0.49353,-0.91853,0.23766,-1.0689,-0.19489,-0.89465,1
-0.39215,-0.50395,0.54256,-1.1871,0.15422,-0.51499,-1.0467,-0.86357,-0.49353,1.0871,0.23766,2.6486,0.57247,-0.89465,1
-1.5032,-0.15241,-1.7827,0.44187,-0.34771,-0.14146,0.95396,1.1563,-0.082255,1.0871,0.23766,-0.37183,-0.0033369,1.1161,1
-0.52629,-0.53709,0.54256,0.17037,1.66,0.15736,0.95396,-0.86357,-0.49353,1.0871,0.23766,1.0222,-0.19508,-0.89465,0
-0.096868,-0.67971,0.54256,0.44187,1.66,-0.65244,-1.0467,1.1563,0.12338,-0.91853,0.23766,-1.0689,-0.18894,-0.89465,0
1.1332,-0.034897,0.54256,-0.91562,1.66,-0.36558,-1.0467,-0.86357,-0.49353,1.0871,-3.1089,0.3252,-0.19527,-0.89465,0
0.13514,-0.34525,-1.7827,0.17037,1.66,-0.054805,0.95396,1.1563,-0.28789,1.0871,0.23766,-0.023318,3.2647,1.1161,1
-0.54738,-0.44569,-1.7827,-0.37262,-0.34771,-0.58969,0.95396,-0.86357,-0.49353,1.0871,0.23766,1.0803,-0.19527,1.1161,0
-0.33646,-0.35329,0.54256,-0.10112,-0.34771,0.16931,-1.0467,1.1563,-0.28789,1.0871,0.23766,0.55754,-0.19335,-0.89465,0
-0.79288,-0.83841,-1.7827,-1.7301,-1.8535,-0.66439,-1.0467,-0.86357,-0.49353,-0.91853,0.23766,-0.488,-0.19527,-0.89465,1
0.59155,-0.28599,0.54256,0.44187,-0.34771,0.53088,0.95396,1.1563,2.3854,-0.91853,0.23766,1.1558,0.062689,1.1161,1
0.10645,-0.45373,0.54256,1.5279,1.66,0.15736,0.95396,1.1563,0.74029,-0.91853,0.23766,-0.13949,0.20242,1.1161,1
0.043178,-0.15241,0.54256,-0.10112,-0.34771,0.082652,0.95396,-0.86357,-0.49353,1.0871,0.23766,1.0222,-0.19527,1.1161,1
-0.026845,-0.38643,0.54256,-1.7301,-1.8535,-0.66439,-1.0467,1.1563,0.53466,-0.91853,0.23766,-0.046553,-0.16725,-0.89465,1
-0.59631,-0.60438,-1.7827,0.17037,-0.34771,-0.61509,-1.0467,-0.86357,-0.49353,-0.91853,0.23766,-0.30213,-0.19527,-0.89465,0
-1.0325,1.2367,0.54256,0.17037,0.15422,-0.48959,-1.0467,1.1563,-0.082255,1.0871,0.23766,0.092853,-0.19393,-0.89465,1
-0.70176,-0.15241,0.54256,0.17037,0.15422,-0.58969,0.95396,-0.86357,-0.49353,1.0871,0.23766,-0.13949,-0.19527,1.1161,1
-0.60306,-0.55417,0.54256,0.71337,-1.3516,-0.61509,-1.0467,1.1563,-0.082255,-0.91853,0.23766,0.78988,0.054244,-0.89465,1
0.48609,-0.42058,0.54256,1.5279,-0.34771,-0.61509,-1.0467,-0.86357,-0.49353,1.0871,0.23766,-1.0689,-0.099112,-0.89465,1
-0.61065,0.37489,-1.7827,-1.4586,-0.34771,0.97911,0.95396,-0.86357,-0.49353,1.0871,-3.1089,-0.488,-0.19527,1.1161,1
0.05752,-0.92278,-1.7827,0.17037,1.66,0.30677,0.95396,1.1563,-0.28789,1.0871,0.23766,1.4404,1.3402,1.1161,1
-0.19557,1.6555,0.54256,-1.4586,1.66,-0.51499,-1.0467,-0.86357,-0.49353,-0.91853,0.23766,0.25549,-0.19527,-0.89465,1
2.8559,1.2537,0.54256,0.71337,2.1619,5.312,0.95396,1.1563,0.94593,1.0871,0.23766,-0.94107,-0.19527,1.1161,1
0.30386,4.0911,0.54256,1.7994,1.66,-0.17882,0.95396,1.1563,-0.28789,1.0871,0.23766,1.9225,-0.099304,1.1161,1
-1.046,-0.95592,-1.7827,-0.10112,0.15422,-0.66439,-1.0467,-0.86357,-0.49353,1.0871,-3.1089,1.8354,-0.19508,1.1161,1
-0.88484,-0.1273,-1.7827,-1.1871,1.66,-0.65244,-1.0467,-0.86357,-0.49353,-0.91853,0.23766,-0.25566,-0.17608,-0.89465,1
-1.2712,-0.70482,0.54256,0.98487,-0.34771,-0.58969,-1.0467,1.1563,-0.28789,-0.91853,0.23766,-0.44154,-0.17646,-0.89465,0
-0.58956,1.7559,-1.7827,-1.7301,-1.8535,-0.66439,-1.0467,-0.86357,-0.49353,-0.91853,0.23766,-8.4182e-05,-0.19527,-0.89465,1
-0.27994,0.073576,0.54256,1.7994,-0.34771,0.75499,0.95396,1.1563,-0.082255,-0.91853,0.23766,1.3707,-0.19393,1.1161,1
2.2788,-0.41154,0.54256,0.17037,-0.34771,0.057252,-1.0467,-0.86357,-0.49353,1.0871,0.23766,0.78988,-0.19527,-0.89465,1
-1.0249,0.34978,0.54256,0.44187,1.66,-0.22812,0.95396,1.1563,0.94593,-0.91853,0.23766,-0.60418,0.3717,1.1161,1
-0.7296,-0.70482,0.54256,0.98487,-0.34771,-0.58969,-1.0467,-0.86357,-0.49353,1.0871,0.23766,-0.37183,-0.039996,-0.89465,0
2.6796,-0.84745,0.54256,0.17037,-0.34771,-0.48959,0.95396,1.1563,0.12338,1.0871,0.23766,-0.023318,-0.19527,-0.89465,1
-0.7296,-0.32014,-1.7827,0.17037,-0.34771,-0.61509,-1.0467,-0.86357,-0.49353,-0.91853,0.23766,-0.13949,0.0077953,-0.89465,1
-0.57522,-0.84745,0.54256,-0.10112,-0.34771,-0.36558,-1.0467,-0.86357,-0.49353,1.0871,0.23766,-0.37183,-0.19508,-0.89465,1
2.1101,2.7603,0.54256,-1.4586,0.15422,3.8179,0.95396,1.1563,3.0023,1.0871,0.23766,-1.0689,-0.19527,1.1161,1
0.9501,-0.70482,0.54256,-0.10112,-0.34771,3.4817,-1.0467,1.1563,-0.28789,1.0871,0.23766,0.97576,-0.17378,-0.89465,1
-0.75829,1.0609,0.54256,1.7994,-0.34771,-0.65244,0.95396,1.1563,1.3572,-0.91853,0.23766,-0.72035,-0.11927,1.1161,1
-1.0603,-0.60438,-1.7827,0.17037,-0.34771,0.033346,-1.0467,-0.86357,-0.49353,1.0871,0.23766,-0.4183,-0.19412,-0.89465,1
1.4141,1.4546,0.54256,-0.10112,-0.34771,4.1167,0.95396,-0.86357,-0.49353,-0.91853,-3.1089,-0.42992,-0.19527,1.1161,1
0.83789,-0.64657,0.54256,-1.1871,0.15422,0.38147,-1.0467,-0.86357,-0.49353,-0.91853,0.23766,0.18579,-0.19527,1.1161,1
0.17732,-0.52102,0.54256,0.17037,-0.34771,-0.21617,-1.0467,-0.86357,-0.49353,-0.91853,3.5842,-0.37183,-0.19527,-0.89465,1
-0.91268,0.96045,0.54256,-1.1871,-0.34771,-0.65244,-1.0467,-0.86357,-0.49353,-0.91853,0.23766,0.092853,-0.0033369,-0.89465,0
0.40173,-0.52906,-1.7827,0.44187,-0.34771,-0.63899,0.95396,1.1563,-0.28789,-0.91853,0.23766,-0.77843,0.032555,1.1161,1
-0.53978,-0.3784,0.54256,1.7994,1.66,-0.40293,0.95396,-0.86357,-0.49353,-0.91853,0.23766,1.0222,-0.19527,1.1161,0
-0.23776,-0.20263,0.54256,0.17037,-0.34771,-0.34018,0.95396,1.1563,-0.28789,1.0871,0.23766,1.0861,-0.19527,1.1161,0
-0.90593,0.75154,0.54256,0.17037,-0.34771,-0.61509,-1.0467,-0.86357,-0.49353,-0.91853,0.23766,-1.0689,-0.1279,-0.89465,0
-0.4976,1.5551,0.54256,1.5279,-0.34771,-0.30282,0.95396,1.1563,13.284,1.0871,0.23766,-0.25566,-0.14575,1.1161,1
-0.58956,-0.82133,0.54256,-0.37262,1.66,-0.14146,0.95396,-0.86357,-0.49353,-0.91853,0.23766,1.2546,-0.19527,-0.89465,0
0.26168,-0.73897,0.54256,-0.10112,-0.34771,-0.31627,-1.0467,-0.86357,-0.49353,-0.91853,-3.1089,-0.90622,-0.19527,-0.89465,1
-0.64524,-0.6546,0.54256,-1.4586,1.66,-0.10411,0.95396,1.1563,0.74029,-0.91853,0.23766,0.092853,-0.13251,1.1161,1
-0.51194,-0.88059,0.54256,-0.10112,-0.34771,-0.58969,0.95396,1.1563,0.12338,-0.91853,0.23766,0.44137,2.7045,1.1161,1
0.83115,0.048467,0.54256,0.98487,1.66,0.8297,0.95396,1.1563,0.74029,1.0871,0.23766,1.6612,-0.19527,1.1161,1
-0.12555,-0.74701,-1.7827,-1.1871,0.15422,-0.51499,0.95396,1.1563,1.5628,1.0871,0.23766,-0.30213,-0.1899,-0.89465,1
-1.159,1.2537,0.54256,1.7994,1.66,-0.36558,0.95396,1.1563,1.7685,-0.91853,0.23766,-1.0689,0.38053,1.1161,0
3.8118,3.5216,0.54256,0.71337,2.1619,3.1455,0.95396,1.1563,-0.28789,1.0871,0.23766,-1.0689,-0.17435,1.1161,1
3.6498,2.8607,-1.7827,-1.7301,-1.8535,-0.65244,-1.0467,1.1563,-0.082255,-0.91853,0.23766,-1.0689,-0.1279,-0.89465,1
0.00015161,-0.35329,-1.7827,-1.1871,0.15422,1.4273,-1.0467,-0.86357,-0.49353,-0.91853,0.23766,-1.0689,-0.19508,-0.89465,1
1.7659,0.34978,0.54256,-0.91562,-0.34771,1.2152,0.95396,1.1563,2.591,-0.91853,0.23766,-1.0689,1.9548,1.1161,1
1.393,0.25738,0.54256,-0.91562,-0.34771,-0.65244,-1.0467,-0.86357,-0.49353,-0.91853,0.23766,-1.0689,0.32103,1.1161,1
-1.1025,-0.55417,0.54256,-1.1871,-0.34771,-0.21617,0.95396,1.1563,-0.082255,-0.91853,0.23766,-0.37183,-0.13769,1.1161,1
0.13514,-0.75504,0.54256,1.7994,-0.34771,-0.44028,0.95396,1.1563,0.94593,1.0871,0.23766,0.90605,0.5861,1.1161,1
-0.45542,-0.78819,0.54256,1.5279,-0.34771,-0.31627,-1.0467,-0.86357,-0.49353,-0.91853,0.23766,-0.488,-0.19527,-0.89465,1
0.28952,-0.27796,0.54256,0.17037,1.66,1.8128,-1.0467,-0.86357,-0.49353,1.0871,0.23766,-1.0689,-0.19527,-0.89465,1
0.27518,-0.45373,-1.7827,0.44187,-0.34771,0.23206,-1.0467,-0.86357,-0.49353,-0.91853,-3.1089,0.092853,-0.19527,-0.89465,1
-0.78613,0.85198,0.54256,-0.37262,-0.34771,-0.63899,-1.0467,-0.86357,-0.49353,-0.91853,0.23766,-1.0689,-0.19527,-0.89465,1
-0.81397,1.3873,0.54256,-0.91562,1.66,-0.63899,-1.0467,-0.86357,-0.49353,-0.91853,0.23766,0.78988,-0.19431,-0.89465,0
0.00015161,-0.25285,0.54256,-1.4586,-0.34771,0.23206,0.95396,-0.86357,-0.49353,1.0871,0.23766,0.67371,-0.19527,-0.89465,0
-0.70176,1.5802,0.54256,0.17037,-0.34771,-0.62704,-1.0467,1.1563,-0.082255,-0.91853,0.23766,-1.0689,0.87035,-0.89465,1
-1.0958,0.19109,0.54256,-1.4586,-0.34771,-0.50303,-1.0467,-0.86357,-0.49353,-0.91853,0.23766,-0.37183,-0.19527,-0.89465,1
-0.8494,1.3542,0.54256,-1.1871,-0.34771,-0.51499,0.95396,-0.86357,-0.49353,1.0871,0.23766,-0.488,-0.18222,-0.89465,1
-0.94052,0.55066,0.54256,-0.91562,-0.34771,-0.21617,0.95396,1.1563,-0.28789,-0.91853,0.23766,-0.13949,-0.15036,1.1161,0
-0.69502,-0.6546,0.54256,0.17037,1.66,-0.24157,0.95396,-0.86357,-0.49353,-0.91853,0.23766,1.3824,-0.15688,1.1161,1
1.2175,-0.15241,0.54256,-0.64412,-0.84964,-0.66439,0.95396,-0.86357,-0.49353,-0.91853,0.23766,-0.488,-0.011014,1.1161,0
-1.046,-0.83841,-1.7827,-0.37262,-0.34771,-0.48959,0.95396,-0.86357,-0.49353,1.0871,0.23766,-0.13949,-0.19527,-0.89465,0
0.97878,0.048467,0.54256,-1.1871,0.15422,0.0079468,-1.0467,-0.86357,-0.49353,1.0871,0.23766,-0.24985,-0.19527,-0.89465,1
1.5407,1.773,0.54256,-0.91562,1.66,1.8756,0.95396,-0.86357,-0.49353,1.0871,0.23766,-1.0689,-0.19527,1.1161,0
-0.82831,1.4044,0.54256,0.17037,-0.34771,-0.58969,-1.0467,-0.86357,-0.49353,1.0871,0.23766,-0.023318,-0.19527,-0.89465,0
-0.65958,1.4546,0.54256,0.17037,-0.34771,-0.041358,-1.0467,-0.86357,-0.49353,-0.91853,-3.1089,-0.60418,-0.19527,-0.89465,1
0.00015161,-0.15241,-1.7827,-1.1871,-0.34771,-0.63899,-1.0467,-0.86357,-0.49353,1.0871,0.23766,1.3185,-0.19527,-0.89465,1
-0.70851,-0.95592,0.54256,1.5279,-0.34771,-0.63899,0.95396,-0.86357,-0.49353,-0.91853,0.23766,-1.0689,-0.19527,1.1161,1
-0.55413,1.5209,0.54256,1.5279,1.66,0.38147,0.95396,1.1563,0.74029,-0.91853,0.23766,1.2546,-0.10737,1.1161,0
0.0085881,2.2913,0.54256,-1.4586,-0.34771,0.23206,0.95396,1.1563,1.3572,-0.91853,0.23766,0.38328,-0.055159,1.1161,1
0.81005,-0.14438,0.54256,1.5279,1.66,1.4273,0.95396,1.1563,1.1516,-0.91853,0.23766,0.78988,-0.19527,1.1161,1
0.00015161,1.1533,0.54256,1.7994,-0.34771,1.2779,0.95396,-0.86357,-0.49353,-0.91853,0.23766,-1.0689,-0.19527,1.1161,1
1.9625,2.1577,0.54256,0.71337,2.1619,-0.66439,0.95396,1.1563,3.6192,-0.91853,0.23766,-0.18596,-0.17032,-0.89465,1
-0.87724,-0.9057,-1.7827,0.17037,1.66,-0.58969,-1.0467,-0.86357,-0.49353,-0.91853,0.23766,0.55754,-0.15612,-0.89465,1
-1.046,0.13183,0.54256,-1.1871,1.66,-0.57774,-1.0467,-0.86357,-0.49353,-0.91853,0.23766,-0.60418,-0.10237,-0.89465,0
-0.30103,-0.55417,0.54256,-0.91562,1.66,0.58018,0.95396,1.1563,-0.082255,1.0871,0.23766,-0.01751,-0.19527,1.1161,1
-0.87049,-0.6546,0.54256,0.44187,-0.34771,-0.21617,-1.0467,-0.86357,-0.49353,-0.91853,0.23766,-0.19758,-0.19374,1.1161,1
3.1301,2.0572,0.54256,0.71337,2.1619,-0.66439,0.95396,1.1563,2.3854,-0.91853,0.23766,-1.0689,0.4527,1.1161,0
-0.49085,-0.85548,0.54256,0.17037,1.66,-0.40293,0.95396,-0.86357,-0.49353,1.0871,0.23766,1.7832,-0.19527,1.1161,0
-0.53978,0.24934,0.54256,0.17037,-0.34771,-0.36558,0.95396,1.1563,0.12338,-0.91853,0.23766,-1.0689,-0.19527,1.1161,1
-0.012503,2.1577,0.54256,0.17037,-0.34771,-0.51499,0.95396,-0.86357,-0.49353,-0.91853,0.23766,-0.37183,-0.19527,-0.89465,1
-1.3202,-0.3784,0.54256,0.98487,-0.34771,-0.63899,-1.0467,-0.86357,-0.49353,-0.91853,0.23766,-0.37183,-0.19527,-0.89465,0
-0.67392,-0.59635,0.54256,0.17037,-0.34771,-0.50303,-1.0467,-0.86357,-0.49353,1.0871,0.23766,-0.2789,-0.19508,-0.89465,1
2.4054,1.9568,0.54256,-1.7301,-1.8535,4.7143,0.95396,1.1563,2.591,1.0871,0.23766,-1.0689,-0.0033369,1.1161,1
-0.7296,1.3712,0.54256,1.5279,-0.34771,-0.65244,0.95396,-0.86357,-0.49353,-0.91853,0.23766,-0.60418,0.063648,1.1161,0
-1.208,-0.35329,0.54256,-0.91562,-0.34771,-0.65244,-1.0467,-0.86357,-0.49353,1.0871,0.23766,-0.13949,-0.18759,-0.89465,1
-0.2656,-0.25285,0.54256,0.44187,-0.34771,-0.41488,0.95396,-0.86357,-0.49353,-0.91853,-3.1089,0.55754,-0.19527,1.1161,0
-0.18123,-0.70482,0.54256,0.44187,-0.34771,-0.14146,-1.0467,-0.86357,-0.49353,-0.91853,0.23766,0.092853,-0.19527,-0.89465,1
-1.0325,0.95242,0.54256,0.98487,-0.34771,-0.36558,0.95396,-0.86357,-0.49353,1.0871,0.23766,-0.72035,-0.1185,1.1161,1
-0.41324,1.9739,0.54256,-1.1871,0.15422,-0.66439,-1.0467,-0.86357,-0.49353,1.0871,0.23766,-0.034936,-0.19527,-0.89465,1
-0.16773,-0.60438,-1.7827,-0.91562,-0.34771,-0.29087,-1.0467,-0.86357,-0.49353,1.0871,0.23766,0.55754,-0.19527,-0.89465,0
1.3584,-0.89767,0.54256,0.17037,0.15422,3.8179,0.95396,1.1563,3.6192,-0.91853,0.23766,-1.0689,2.6837,1.1161,1
-0.25885,-0.75504,0.54256,0.98487,-0.34771,-0.36558,0.95396,1.1563,-0.082255,1.0871,0.23766,-0.09883,-0.099304,-0.89465,0
-1.0747,-0.87256,-1.7827,0.17037,-0.34771,-0.61509,-1.0467,1.1563,-0.28789,-0.91853,0.23766,0.092853,-0.19508,-0.89465,1
-0.33646,-0.30307,-1.7827,0.98487,1.66,0.8551,-1.0467,1.1563,-0.082255,1.0871,0.23766,1.0745,-0.19508,-0.89465,1
0.66917,-0.62949,0.54256,0.17037,-0.34771,-0.21617,-1.0467,-0.86357,-0.49353,-0.91853,0.23766,-1.0689,-0.13462,-0.89465,1
-0.34996,1.5551,0.54256,-0.37262,0.15422,-0.58969,-1.0467,-0.86357,-0.49353,1.0871,0.23766,3.1133,-0.19527,-0.89465,1
-0.7507,1.1533,0.54256,0.98487,1.66,-0.26547,0.95396,-0.86357,-0.49353,-0.91853,0.23766,-0.488,-0.19527,1.1161,1
1.8857,0.97752,0.54256,0.71337,-0.34771,1.9249,0.95396,1.1563,0.53466,-0.91853,0.23766,-1.0689,-0.19527,1.1161,1
-0.47651,-0.78015,0.54256,-0.91562,-0.34771,-0.55234,-1.0467,1.1563,-0.082255,1.0871,0.23766,-0.05817,-0.1947,-0.89465,1
-0.32887,1.8061,0.54256,0.44187,-0.34771,1.0538,0.95396,-0.86357,-0.49353,1.0871,0.23766,1.7599,-0.099304,1.1161,1
-1.1093,0.90219,0.54256,0.98487,-0.34771,-0.30282,0.95396,1.1563,0.32902,-0.91853,0.23766,-0.72035,-0.091627,1.1161,0
-0.45542,-0.9057,0.54256,-1.1871,0.15422,-0.66439,0.95396,-0.86357,-0.49353,1.0871,0.23766,-1.0689,-0.19527,1.1161,1
-0.4976,-0.89767,-1.7827,0.17037,-0.34771,-0.21617,-1.0467,-0.86357,-0.49353,1.0871,0.23766,-0.13949,-0.19527,-0.89465,1
1.7516,-0.67971,-1.7827,0.17037,1.66,2.1624,0.95396,-0.86357,-0.49353,1.0871,0.23766,0.092853,-0.17608,-0.89465,1
0.64133,-0.62949,0.54256,0.17037,-0.34771,-0.21617,0.95396,1.1563,1.5628,-0.91853,0.23766,0.011533,0.70682,1.1161,1
0.57046,-0.069046,0.54256,0.17037,-0.34771,-0.62704,-1.0467,-0.86357,-0.49353,-0.91853,0.23766,-0.13949,-0.19527,-0.89465,0
1.5196,2.8607,0.54256,-1.7301,-1.8535,-0.66439,0.95396,1.1563,-0.28789,-0.91853,0.23766,-0.52286,-0.19527,-0.89465,1
1.4495,4.3342,-1.7827,-1.7301,-1.8535,-0.66439,0.95396,-0.86357,-0.49353,1.0871,0.23766,-1.0689,-0.19527,-0.89465,1
-0.68067,-0.32014,-1.7827,-0.91562,-0.34771,-0.54039,-1.0467,1.1563,-0.28789,1.0871,0.23766,0.55754,-0.17992,-0.89465,1
-0.91943,-0.87256,0.54256,0.17037,-0.34771,-0.62704,-1.0467,-0.86357,-0.49353,-0.91853,0.23766,-1.0689,-0.18683,-0.89465,1
-1.3277,0.57577,0.54256,0.98487,-0.34771,-0.62704,-1.0467,1.1563,-0.28789,1.0871,0.23766,-1.0689,-0.16456,-0.89465,0
0.78896,-0.50395,-1.7827,1.7994,1.66,2.3238,0.95396,-0.86357,-0.49353,1.0871,0.23766,-0.046553,-0.19527,-0.89465,1
-0.87724,-0.95592,0.54256,0.17037,-0.34771,-0.51499,-1.0467,-0.86357,-0.49353,1.0871,-3.1089,-1.0689,-0.19527,-0.89465,1
1.4495,0.75154,0.54256,0.17037,1.66,3.0708,0.95396,1.1563,1.3572,-0.91853,0.23766,-0.01751,0.12238,1.1161,1
-0.7372,-0.35329,0.54256,-0.10112,-0.34771,-0.27892,0.95396,1.1563,-0.28789,-0.91853,0.23766,0.44137,-0.041724,1.1161,1
-1.0671,0.85198,0.54256,-0.37262,-0.34771,-0.44028,0.95396,1.1563,-0.082255,-0.91853,0.23766,-0.55771,-0.081838,1.1161,0
-0.96161,0.17402,0.54256,0.44187,-0.34771,-0.15341,0.95396,-0.86357,-0.49353,-0.91853,-3.1089,-0.37183,-0.19527,1.1161,1
2.0966,4.6686,-1.7827,0.17037,-0.34771,7.8519,0.95396,1.1563,7.732,-0.91853,0.23766,-1.0689,-0.19239,1.1161,1
-0.27994,0.056502,-1.7827,0.17037,0.15422,-0.21617,0.95396,1.1563,1.1516,1.0871,0.23766,-0.23243,-0.19393,1.1161,1
-1.1514,-0.84745,0.54256,0.17037,-0.34771,-0.14146,-1.0467,1.1563,-0.28789,1.0871,0.23766,-0.60418,-0.19431,-0.89465,0
1.5617,1.5631,0.54256,-0.37262,-0.34771,0.0199,0.95396,1.1563,0.12338,1.0871,0.23766,-0.16272,-0.19527,1.1161,0
-0.9692,-0.9057,0.54256,0.98487,-0.34771,-0.62704,-1.0467,-0.86357,-0.49353,-0.91853,0.23766,0.092853,-0.19527,-0.89465,1
2.1523,-0.88863,0.54256,-1.1871,0.15422,-0.36558,0.95396,-0.86357,-0.49353,1.0871,0.23766,0.3949,0.22641,-0.89465,0
0.82355,-0.75504,0.54256,-1.1871,0.15422,0.0079468,0.95396,-0.86357,-0.49353,1.0871,0.23766,-1.0689,-0.13769,1.1161,0
3.3756,-0.95592,0.54256,0.17037,-0.34771,-0.66439,-1.0467,-0.86357,-0.49353,-0.91853,3.5842,-8.4182e-05,-0.19527,1.1161,0
0.11404,-0.45373,0.54256,-0.37262,-0.34771,-0.14146,-1.0467,1.1563,-0.082255,1.0871,0.23766,3.1133,-0.19527,-0.89465,1
-0.80047,1.3461,0.54256,-0.91562,-0.34771,-0.19077,-1.0467,-0.86357,-0.49353,1.0871,0.23766,-0.488,0.037353,-0.89465,1
-0.63174,0.85198,0.54256,-0.37262,-0.34771,-0.58969,-1.0467,-0.86357,-0.49353,1.0871,0.23766,-1.0689,-0.19527,-0.89465,1
-1.0882,0.048467,0.54256,0.98487,-0.34771,-0.55234,0.95396,1.1563,-0.082255,-0.91853,0.23766,-1.0689,-0.18798,-0.89465,1
0.029679,-0.060007,0.54256,1.5279,1.66,1.1405,0.95396,1.1563,0.12338,-0.91853,0.23766,0.7376,-0.13769,1.1161,1
-0.59631,-0.85548,0.54256,0.98487,1.66,-0.21617,0.95396,-0.86357,-0.49353,-0.91853,0.23766,0.55754,-0.037117,1.1161,0
1.4706,-0.6546,0.54256,-0.64412,-0.84964,-0.66439,0.95396,-0.86357,-0.49353,1.0871,0.23766,-0.488,-0.19009,-0.89465,0
0.43041,-0.30307,0.54256,0.98487,1.66,2.025,0.95396,-0.86357,-0.49353,1.0871,0.23766,-0.47639,-0.072625,1.1161,1
0.00015161,-0.83037,0.54256,-0.91562,-0.34771,-0.58969,-1.0467,-0.86357,-0.49353,-0.91853,0.23766,1.1384,0.19052,-0.89465,1
2.8348,1.8564,0.54256,-1.7301,-1.8535,-0.66439,0.95396,1.1563,1.7685,1.0871,0.23766,-1.0689,0.073437,1.1161,0
0.69701,-0.85548,0.54256,-0.10112,-0.34771,-0.58969,0.95396,-0.86357,-0.49353,-0.91853,-3.1089,0.60401,-0.19527,-0.89465,1
-0.020096,2.9612,0.54256,0.17037,-0.34771,1.4273,0.95396,1.1563,2.7967,-0.91853,0.23766,-1.0689,0.7644,1.1161,1
-1.0181,-0.89767,0.54256,-0.91562,-0.34771,-0.57774,-1.0467,-0.86357,-0.49353,-0.91853,0.23766,0.55754,-0.12541,-0.89465,1
-1.1514,1.095,0.54256,-1.7301,-1.8535,-0.66439,-1.0467,-0.86357,-0.49353,-0.91853,0.23766,-1.0689,-0.18568,-0.89465,0
-0.61065,-0.45373,-1.7827,-1.1871,0.15422,0.68029,-1.0467,-0.86357,-0.49353,-0.91853,0.23766,0.092853,-0.10775,-0.89465,0
-0.95486,1.0448,0.54256,0.71337,-1.3516,-0.66439,0.95396,-0.86357,-0.49353,-0.91853,0.23766,-1.0689,-0.19527,1.1161,1
-0.1323,0.10672,0.54256,0.71337,-1.3516,0.0079468,0.95396,1.1563,0.53466,1.0871,0.23766,-0.49381,-0.099304,1.1161,0
1.393,-0.20263,0.54256,-1.1871,0.15422,-0.36558,-1.0467,-0.86357,-0.49353,-0.91853,0.23766,-0.488,-0.19489,-0.89465,1
0.05752,-0.6546,0.54256,0.17037,-0.34771,-0.58969,-1.0467,-0.86357,-0.49353,1.0871,0.23766,1.0919,-0.17186,-0.89465,0
-1.0814,0.55066,0.54256,0.98487,-0.34771,0.1454,0.95396,1.1563,0.53466,-0.91853,0.23766,-8.4182e-05,4.9344,1.1161,0
-1.0747,-0.24481,-1.7827,-1.7301,-1.8535,-0.66439,-1.0467,-0.86357,-0.49353,1.0871,0.23766,-0.023318,-0.19508,-0.89465,1
0.56371,0.24934,0.54256,-0.91562,-0.34771,-0.36558,0.95396,-0.86357,-0.49353,1.0871,0.23766,-1.0689,-0.19527,1.1161,0
0.28277,-0.45373,0.54256,0.44187,-0.34771,-0.66439,0.95396,-0.86357,-0.49353,1.0871,0.23766,0.31939,-0.15688,1.1161,1
0.28952,-0.45373,0.54256,-1.1871,-0.34771,-0.36558,-1.0467,-0.86357,-0.49353,1.0871,0.23766,0.15094,-0.19527,-0.89465,1
1.9414,0.93534,0.54256,-1.7301,-1.8535,3.6431,0.95396,1.1563,1.7685,1.0871,0.23766,-0.8946,-0.13769,1.1161,1
-1.2856,-0.40351,0.54256,-0.37262,-0.34771,-0.46568,-1.0467,1.1563,-0.28789,-0.91853,0.23766,-0.60418,-0.19124,-0.89465,1
-1.0958,1.1111,0.54256,-1.7301,-1.8535,-0.54039,-1.0467,-0.86357,-0.49353,-0.91853,0.23766,-0.60418,-0.19527,-0.89465,1
3.0525,0.14891,0.54256,0.71337,2.1619,3.2203,0.95396,1.1563,-0.28789,1.0871,0.23766,-1.0689,-0.19527,1.1161,1
-0.59631,1.7228,-1.7827,-0.37262,-0.34771,-0.65244,-1.0467,-0.86357,-0.49353,1.0871,0.23766,-0.37183,-0.1041,-0.89465,1
0.064269,-0.45373,0.54256,0.17037,-0.34771,-0.29087,-1.0467,-0.86357,-0.49353,1.0871,0.23766,0.55754,-0.19527,-0.89465,1
-0.76504,-0.93081,-1.7827,-0.91562,-0.34771,-0.62704,-1.0467,-0.86357,-0.49353,-0.91853,0.23766,0.092853,-0.18184,-0.89465,1
-0.94052,-0.95592,0.54256,0.17037,-0.34771,-0.66439,-1.0467,-0.86357,-0.49353,-0.91853,3.5842,-8.4182e-05,-0.19527,-0.89465,1
-0.11796,-0.73797,-1.7827,0.17037,-0.34771,-0.65244,-1.0467,-0.86357,-0.49353,-0.91853,0.23766,-0.081404,-0.16092,-0.89465,1
-0.68742,-0.79723,-1.7827,0.98487,-0.34771,-0.21617,0.95396,1.1563,-0.082255,1.0871,0.23766,-0.60418,-0.1185,1.1161,0
1.0767,-0.85548,0.54256,-1.1871,1.66,0.8297,0.95396,-0.86357,-0.49353,1.0871,0.23766,0.78988,-0.19527,1.1161,1
-0.24451,-0.74701,0.54256,0.17037,-0.34771,0.082652,0.95396,1.1563,0.53466,1.0871,0.23766,0.67371,0.079195,1.1161,0
-0.3643,-0.83037,0.54256,-0.37262,-0.34771,-0.52843,0.95396,-0.86357,-0.49353,1.0871,0.23766,0.092853,-0.19527,-0.89465,1
1.3719,-0.11927,0.54256,1.7994,0.15422,-0.63899,-1.0467,-0.86357,-0.49353,1.0871,0.23766,1.9516,-0.19527,-0.89465,1
-1.0958,1.0529,0.54256,-1.4586,-0.34771,-0.54039,-1.0467,-0.86357,-0.49353,-0.91853,0.23766,-0.60418,-0.18721,-0.89465,0
-0.91943,0.10672,0.54256,0.98487,-0.34771,-0.55234,0.95396,1.1563,-0.28789,-0.91853,0.23766,-0.13949,-0.19527,-0.89465,1
0.30386,-0.20263,0.54256,-1.7301,-1.8535,-0.66439,-1.0467,1.1563,0.74029,-0.91853,0.23766,-1.0689,-0.15688,-0.89465,0
0.38823,0.14891,0.54256,-1.1871,0.15422,0.8297,-1.0467,-0.86357,-0.49353,-0.91853,0.23766,0.15094,-0.063412,-0.89465,1
